{"stats":{"minecraft:dropped":{"minecraft:water_bucket":1,"minecraft:bread":2,"minecraft:iron_sword":1,"minecraft:cooked_beef":0,"minecraft:large_amethyst_bud":1,"minecraft:diamond":3,"minecraft:weeping_vines":1,"minecraft:feather":2,"minecraft:jungle_planks":64,"minecraft:tropical_fish":7,"minecraft:red_carpet":2,"minecraft:dirt":2,"minecraft:jungle_slab":64,"minecraft:red_bed":1,"minecraft:dark_oak_leaves":3,"minecraft:golden_carrot":1,"minecraft:torch":1,"minecraft:black_stained_glass_pane":65,"minecraft:cornflower":1,"minecraft:smooth_quartz":64,"minecraft:bone_meal":1,"minecraft:sand":72,"minecraft:wither_rose":3,"minecraft:string":2,"minecraft:black_stained_glass":64,"minecraft:small_amethyst_bud":1,"minecraft:tropical_fish_bucket":1,"minecraft:oak_door":1,"minecraft:twisting_vines":12,"minecraft:black_carpet":14,"minecraft:netherite_sword":1,"minecraft:wheat":5,"minecraft:chicken":1,"minecraft:light_gray_carpet":1,"minecraft:jungle_trapdoor":46,"minecraft:infested_stone_bricks":65,"minecraft:sea_lantern":64,"minecraft:deepslate_tiles":1,"minecraft:soul_campfire":1,"minecraft:powder_snow_bucket":1,"minecraft:jungle_stairs":1,"minecraft:cat_spawn_egg":1,"minecraft:bow":0,"minecraft:medium_amethyst_bud":1,"minecraft:stone_brick_stairs":1,"minecraft:oak_leaves":64,"minecraft:amethyst_cluster":1,"minecraft:egg":1},"minecraft:mined":{"minecraft:grass":1},"minecraft:used":{"minecraft:oak_trapdoor":26,"minecraft:netherite_sword":652,"minecraft:granite_stairs":5,"minecraft:acacia_log":10,"minecraft:white_tulip":15,"minecraft:light_gray_carpet":172,"minecraft:black_carpet":343,"minecraft:chest":83,"minecraft:donkey_spawn_egg":30,"minecraft:iron_sword":132,"minecraft:oak_door":4,"minecraft:soul_campfire":3,"minecraft:torch":45,"minecraft:dirt":80,"minecraft:lily_of_the_valley":23,"minecraft:jungle_planks":482,"minecraft:twisting_vines":69,"minecraft:jungle_slab":221,"minecraft:allium":12,"minecraft:jungle_trapdoor":14,"minecraft:glow_lichen":9,"minecraft:birch_door":1,"minecraft:glass":4,"minecraft:dark_oak_planks":95,"minecraft:packed_ice":6,"minecraft:sea_lantern":29,"minecraft:red_tulip":19,"minecraft:lantern":137,"minecraft:music_disc_pigstep":5,"minecraft:quartz_slab":60,"minecraft:black_stained_glass_pane":63,"minecraft:grass_block":1888,"minecraft:oak_stairs":4,"minecraft:panda_spawn_egg":7,"minecraft:acacia_slab":218,"minecraft:chicken_spawn_egg":35,"minecraft:dark_oak_leaves":2,"minecraft:smooth_quartz":558,"minecraft:piglin_brute_spawn_egg":16,"minecraft:mud_bricks":16,"minecraft:stone_brick_stairs":98,"minecraft:light_gray_wool":2,"minecraft:red_stained_glass_pane":4,"minecraft:dolphin_spawn_egg":5,"minecraft:red_carpet":154,"minecraft:bow":271,"minecraft:brown_carpet":4,"minecraft:black_stained_glass":10,"minecraft:wolf_spawn_egg":2,"minecraft:cooked_beef":53,"minecraft:fire_coral_fan":1,"minecraft:acacia_planks":411,"minecraft:powder_snow_bucket":11,"minecraft:brown_bed":2,"minecraft:water_bucket":329,"minecraft:end_rod":50,"minecraft:nether_brick_wall":5,"minecraft:pink_tulip":15,"minecraft:stripped_acacia_log":1,"minecraft:mud_brick_slab":3,"minecraft:baked_potato":15,"minecraft:oak_planks":31,"minecraft:orange_tulip":15,"minecraft:oak_leaves":120,"minecraft:white_wool":85,"minecraft:sand":34,"minecraft:crafting_table":1,"minecraft:red_bed":3,"minecraft:campfire":8,"minecraft:painting":206,"minecraft:infested_stone_bricks":269,"minecraft:dark_oak_door":18,"minecraft:small_amethyst_bud":9,"minecraft:deepslate_tiles":299,"minecraft:oak_log":1,"minecraft:amethyst_cluster":9,"minecraft:flower_pot":100,"minecraft:acacia_stairs":26,"minecraft:cornflower":50,"minecraft:acacia_door":10,"minecraft:mangrove_door":1,"minecraft:jungle_stairs":38,"minecraft:cat_spawn_egg":39,"minecraft:flowering_azalea_leaves":15,"minecraft:mud_brick_wall":60,"minecraft:crimson_door":1,"minecraft:bucket":3,"minecraft:chain":16,"minecraft:wither_rose":152,"minecraft:tropical_fish_bucket":43,"minecraft:dandelion":2,"minecraft:gray_stained_glass":2},"minecraft:killed":{"minecraft:spider":1,"minecraft:skeleton":3,"minecraft:panda":6,"minecraft:chicken":35,"minecraft:cat":46,"minecraft:wolf":1,"minecraft:pig":2,"minecraft:salmon":1,"minecraft:squid":8,"minecraft:pillager":3,"minecraft:donkey":38,"minecraft:zombie":3,"minecraft:cow":1},"minecraft:killed_by":{"minecraft:player":6},"minecraft:broken":{"minecraft:leather_leggings":1,"minecraft:iron_helmet":1},"minecraft:picked_up":{"minecraft:iron_chestplate":2,"minecraft:wheat":4,"minecraft:black_carpet":13,"minecraft:chicken":35,"minecraft:leather_leggings":1,"minecraft:oak_stairs":2,"minecraft:wither_rose":8,"minecraft:string":46,"minecraft:cat_spawn_egg":1,"minecraft:deepslate_tiles":1,"minecraft:netherite_sword":1,"minecraft:dark_oak_leaves":2,"minecraft:beef":1,"minecraft:smooth_quartz":128,"minecraft:sugar_cane":2,"minecraft:iron_boots":2,"minecraft:egg":25,"minecraft:tipped_arrow":1,"minecraft:stick":2,"minecraft:oak_door":1,"minecraft:torch":15,"minecraft:acacia_log":3,"minecraft:porkchop":5,"minecraft:music_disc_pigstep":2,"minecraft:rotten_flesh":1,"minecraft:arrow":254,"minecraft:weeping_vines":1,"minecraft:tropical_fish":3,"minecraft:jungle_stairs":1,"minecraft:feather":40,"minecraft:cooked_beef":41,"minecraft:golden_carrot":3,"minecraft:leather":23,"minecraft:dirt":4,"minecraft:lantern":13,"minecraft:twisting_vines":11,"minecraft:red_carpet":4,"minecraft:bone":4,"minecraft:bow":7,"minecraft:wheat_seeds":13,"minecraft:bamboo":6,"minecraft:iron_sword":4,"minecraft:dandelion":1,"minecraft:sand":5,"minecraft:jungle_planks":192,"minecraft:ink_sac":5,"minecraft:grass_block":1,"minecraft:jungle_slab":64,"minecraft:infested_stone_bricks":129,"minecraft:stripped_acacia_log":1,"minecraft:diamond":3,"minecraft:iron_helmet":2,"minecraft:bone_meal":1,"minecraft:white_concrete":64,"minecraft:bread":2,"minecraft:baked_potato":35,"minecraft:light_gray_carpet":1},"minecraft:custom":{"minecraft:mob_kills":149,"minecraft:open_shulker_box":1,"minecraft:bell_ring":25,"minecraft:leave_game":10,"minecraft:time_since_death":797906,"minecraft:climb_one_cm":50801,"minecraft:sprint_one_cm":1453506,"minecraft:walk_one_cm":3379927,"minecraft:drop":82,"minecraft:talked_to_villager":1,"minecraft:play_time":899130,"minecraft:sneak_time":19588,"minecraft:deaths":8,"minecraft:walk_under_water_one_cm":19025,"minecraft:interact_with_lectern":1,"minecraft:boat_one_cm":98543,"minecraft:jump":3480,"minecraft:walk_on_water_one_cm":122638,"minecraft:total_world_time":899130,"minecraft:play_record":5,"minecraft:pot_flower":98,"minecraft:sleep_in_bed":8,"minecraft:time_since_rest":385004,"minecraft:damage_taken":6542,"minecraft:damage_dealt":21108,"minecraft:minecart_one_cm":1930,"minecraft:swim_one_cm":6729,"minecraft:fly_one_cm":11676183,"minecraft:player_kills":10,"minecraft:open_chest":124,"minecraft:crouch_one_cm":17062,"minecraft:fall_one_cm":38880,"minecraft:horse_one_cm":218429}},"DataVersion":3105}