{"stats":{"minecraft:custom":{"minecraft:jump":122,"minecraft:time_since_rest":37058,"minecraft:damage_dealt":20,"minecraft:walk_on_water_one_cm":5834,"minecraft:sprint_one_cm":334,"minecraft:leave_game":2,"minecraft:play_time":37058,"minecraft:damage_taken":60,"minecraft:time_since_death":37058,"minecraft:walk_one_cm":119819,"minecraft:total_world_time":37058,"minecraft:walk_under_water_one_cm":5301,"minecraft:fly_one_cm":366},"minecraft:picked_up":{"minecraft:melon_slice":4,"minecraft:gold_nugget":1}},"DataVersion":2865}