{"stats":{"minecraft:dropped":{"minecraft:poppy":1,"minecraft:farmland":1,"minecraft:vine":1,"minecraft:stone":1,"minecraft:birch_sapling":1,"minecraft:writable_book":1,"minecraft:grass_block":1,"minecraft:bone":3},"minecraft:killed_by":{"minecraft:player":5},"minecraft:picked_up":{"minecraft:leather":1,"minecraft:porkchop":3,"minecraft:trident":3,"minecraft:arrow":2,"minecraft:bone":5,"minecraft:wheat_seeds":1,"minecraft:writable_book":3,"minecraft:beef":1,"minecraft:popped_chorus_fruit":3,"minecraft:bamboo":3},"minecraft:killed":{"minecraft:skeleton":4,"minecraft:zombie":3,"minecraft:pig":2,"minecraft:witch":1,"minecraft:spider":3,"minecraft:creeper":2,"minecraft:cow":1},"minecraft:used":{"minecraft:trident":11,"minecraft:diamond_pickaxe":2,"minecraft:writable_book":7,"minecraft:grass_block":10,"minecraft:birch_sapling":1,"minecraft:jungle_log":3,"minecraft:chest":2,"minecraft:stone":15,"minecraft:iron_sword":27,"minecraft:farmland":1,"minecraft:bamboo":31,"minecraft:bow":77,"minecraft:vine":2},"minecraft:custom":{"minecraft:time_since_rest":117926,"minecraft:sprint_one_cm":23427,"minecraft:damage_taken":1340,"minecraft:walk_one_cm":123659,"minecraft:mob_kills":16,"minecraft:drop":10,"minecraft:damage_dealt":1639,"minecraft:fly_one_cm":1275391,"minecraft:player_kills":1,"minecraft:open_barrel":1,"minecraft:open_chest":28,"minecraft:crouch_one_cm":1388,"minecraft:play_time":129804,"minecraft:deaths":5,"minecraft:sneak_time":3802,"minecraft:walk_under_water_one_cm":4539,"minecraft:jump":277,"minecraft:leave_game":4,"minecraft:time_since_death":117903,"minecraft:walk_on_water_one_cm":157,"minecraft:climb_one_cm":263,"minecraft:total_world_time":129804,"minecraft:fall_one_cm":1462}},"DataVersion":2865}