{"stats":{"minecraft:killed":{"minecraft:pig":5,"minecraft:rabbit":1,"minecraft:chicken":11,"minecraft:llama":3,"minecraft:cow":1},"minecraft:picked_up":{"minecraft:birch_log":7,"minecraft:crafting_table":2,"minecraft:wheat":2,"minecraft:cooked_beef":3,"minecraft:salmon":6,"minecraft:leather":6,"minecraft:brown_wool":1,"minecraft:lead":3,"minecraft:birch_planks":4,"minecraft:dirt":31,"minecraft:netherite_ingot":3,"minecraft:cyan_carpet":2,"minecraft:wheat_seeds":12,"minecraft:netherite_sword":2,"minecraft:beef":2,"minecraft:iron_ingot":10,"minecraft:poppy":3,"minecraft:light_gray_wool":1,"minecraft:chest":3,"minecraft:oak_planks":6,"minecraft:egg":3,"minecraft:porkchop":15,"minecraft:ink_sac":1,"minecraft:rabbit_foot":1,"minecraft:writable_book":1,"minecraft:gray_wool":1,"minecraft:baked_potato":13,"minecraft:oak_sapling":3,"minecraft:mutton":12,"minecraft:coal":5,"minecraft:cobblestone":21},"minecraft:crafted":{"minecraft:cooked_beef":2,"minecraft:cooked_porkchop":15,"minecraft:crafting_table":1,"minecraft:wooden_pickaxe":1,"minecraft:furnace":1,"minecraft:cooked_salmon":8,"minecraft:birch_planks":28,"minecraft:stone_axe":1,"minecraft:air":0,"minecraft:stick":12,"minecraft:stone_pickaxe":1,"minecraft:stone_sword":3},"minecraft:dropped":{"minecraft:wheat_seeds":0,"minecraft:netherite_ingot":3,"minecraft:stone_sword":0,"minecraft:netherite_sword":0,"minecraft:oak_planks":0,"minecraft:copper_ingot":20,"minecraft:salmon":0,"minecraft:ink_sac":0,"minecraft:mutton":0,"minecraft:cooked_salmon":0,"minecraft:egg":1},"minecraft:killed_by":{"minecraft:player":2},"minecraft:custom":{"minecraft:interact_with_furnace":25,"minecraft:mob_kills":22,"minecraft:interact_with_anvil":2,"minecraft:interact_with_crafting_table":10,"minecraft:open_barrel":4,"minecraft:leave_game":12,"minecraft:time_since_death":38509,"minecraft:sleep_in_bed":1,"minecraft:climb_one_cm":8776,"minecraft:time_since_rest":38529,"minecraft:sprint_one_cm":299945,"minecraft:damage_taken":5017,"minecraft:walk_one_cm":297097,"minecraft:drop":61,"minecraft:minecart_one_cm":37043,"minecraft:damage_dealt":2413,"minecraft:swim_one_cm":13150,"minecraft:fly_one_cm":271959,"minecraft:open_chest":53,"minecraft:crouch_one_cm":2640,"minecraft:play_time":149525,"minecraft:deaths":20,"minecraft:sneak_time":4417,"minecraft:walk_under_water_one_cm":30796,"minecraft:jump":1102,"minecraft:walk_on_water_one_cm":24717,"minecraft:total_world_time":149525,"minecraft:fall_one_cm":56553,"minecraft:horse_one_cm":22311},"minecraft:used":{"minecraft:netherite_sword":22,"minecraft:damaged_anvil":2,"minecraft:writable_book":1,"minecraft:stone_sword":16,"minecraft:birch_planks":4,"minecraft:stone_pickaxe":15,"minecraft:baked_potato":1,"minecraft:wooden_pickaxe":21,"minecraft:dirt":21,"minecraft:crafting_table":3,"minecraft:bread":1,"minecraft:cyan_carpet":1,"minecraft:stone_axe":18,"minecraft:furnace":1,"minecraft:white_banner":1,"minecraft:cooked_porkchop":3,"minecraft:egg":164,"minecraft:cooked_beef":3,"minecraft:potato":10},"minecraft:mined":{"minecraft:crafting_table":1,"minecraft:grass_block":24,"minecraft:tall_grass":2,"minecraft:seagrass":1,"minecraft:birch_planks":4,"minecraft:birch_log":7,"minecraft:birch_leaves":1,"minecraft:grass":26,"minecraft:coal_ore":5,"minecraft:dirt":6,"minecraft:stone":21}},"DataVersion":2865}