{"stats":{"minecraft:used":{"minecraft:beehive":8},"minecraft:custom":{"minecraft:jump":256,"minecraft:time_since_rest":27457,"minecraft:crouch_one_cm":97,"minecraft:leave_game":1,"minecraft:sprint_one_cm":232,"minecraft:play_time":27457,"minecraft:walk_on_water_one_cm":4809,"minecraft:time_since_death":27457,"minecraft:walk_one_cm":116241,"minecraft:sneak_time":517,"minecraft:total_world_time":27457,"minecraft:walk_under_water_one_cm":1842,"minecraft:fall_one_cm":267,"minecraft:fly_one_cm":14587}},"DataVersion":2865}