{"stats":{"minecraft:broken":{"minecraft:stone_pickaxe":4,"minecraft:stone_axe":4,"minecraft:stone_shovel":2,"minecraft:stone_sword":3,"minecraft:wooden_pickaxe":2,"minecraft:iron_axe":4,"minecraft:iron_pickaxe":1},"minecraft:used":{"minecraft:poppy":8,"minecraft:black_carpet":88,"minecraft:chest":1,"minecraft:stone":3,"minecraft:iron_sword":235,"minecraft:rotten_flesh":2,"minecraft:iron_chestplate":2,"minecraft:mutton":7,"minecraft:acacia_sapling":5,"minecraft:glass":18,"minecraft:stone_brick_stairs":28,"minecraft:stone_bricks":21,"minecraft:bow":3,"minecraft:sweet_berries":8,"minecraft:furnace":1,"minecraft:oak_sapling":74,"minecraft:gray_bed":1,"minecraft:acacia_fence":23,"minecraft:leather_leggings":2,"minecraft:spruce_door":1,"minecraft:stone_pickaxe":538,"minecraft:oak_planks":48,"minecraft:wooden_pickaxe":95,"minecraft:sugar_cane":3,"minecraft:sand":1,"minecraft:black_banner":4,"minecraft:black_bed":8,"minecraft:melon_slice":5,"minecraft:cyan_bed":2,"minecraft:bread":36,"minecraft:stone_button":2,"minecraft:andesite":12,"minecraft:smooth_stone_slab":1,"minecraft:oak_boat":1,"minecraft:stone_sword":559,"minecraft:acacia_log":14,"minecraft:tropical_fish":1,"minecraft:stone_shovel":163,"minecraft:spruce_planks":3,"minecraft:cooked_salmon":12,"minecraft:stone_hoe":134,"minecraft:cooked_chicken":4,"minecraft:torch":73,"minecraft:dirt":153,"minecraft:stone_brick_slab":76,"minecraft:wooden_axe":43,"minecraft:iron_axe":793,"minecraft:oak_stairs":13,"minecraft:stone_pressure_plate":22,"minecraft:cooked_beef":3,"minecraft:acacia_planks":123,"minecraft:wheat_seeds":279,"minecraft:cooked_mutton":13,"minecraft:water_bucket":31,"minecraft:rabbit":4,"minecraft:leather_boots":1,"minecraft:crafting_table":1,"minecraft:red_bed":2,"minecraft:campfire":2,"minecraft:white_bed":5,"minecraft:painting":4,"minecraft:spruce_log":1,"minecraft:oak_log":287,"minecraft:apple":7,"minecraft:chicken":4,"minecraft:iron_pickaxe":313,"minecraft:map":1,"minecraft:acacia_fence_gate":1,"minecraft:stone_axe":509,"minecraft:cobblestone":39,"minecraft:cooked_porkchop":5,"minecraft:porkchop":4,"minecraft:bucket":31,"minecraft:glass_pane":15,"minecraft:dandelion":5},"minecraft:killed":{"minecraft:cave_spider":5,"minecraft:spider":4,"minecraft:skeleton":2,"minecraft:bee":5,"minecraft:chicken":11,"minecraft:wolf":1,"minecraft:pig":8,"minecraft:zombie_villager":1,"minecraft:salmon":15,"minecraft:sheep":12,"minecraft:pillager":2,"minecraft:zombie":12,"minecraft:cow":2,"minecraft:horse":1,"minecraft:llama":2,"minecraft:rabbit":4,"minecraft:squid":50},"minecraft:killed_by":{"minecraft:creeper":2,"minecraft:drowned":1,"minecraft:zombie":2,"minecraft:spider":1},"minecraft:dropped":{"minecraft:iron_sword":0,"minecraft:oak_log":0,"minecraft:dirt":0,"minecraft:sand":0,"minecraft:iron_pickaxe":0,"minecraft:white_wool":0,"minecraft:stone_axe":0,"minecraft:sugar_cane":0,"minecraft:wheat":0,"minecraft:rotten_flesh":0,"minecraft:oak_planks":0,"minecraft:cooked_mutton":0,"minecraft:azure_bluet":0,"minecraft:poppy":0,"minecraft:arrow":0,"minecraft:glass":0,"minecraft:acacia_fence":0,"minecraft:stone_hoe":0,"minecraft:iron_ingot":0,"minecraft:bread":0,"minecraft:wheat_seeds":0,"minecraft:feather":0,"minecraft:cobblestone":0,"minecraft:apple":0,"minecraft:tropical_fish":0,"minecraft:acacia_log":0,"minecraft:oxeye_daisy":0,"minecraft:diorite":0,"minecraft:torch":0,"minecraft:wooden_axe":0,"minecraft:cooked_salmon":0,"minecraft:iron_axe":0,"minecraft:red_dye":0,"minecraft:smooth_stone":0,"minecraft:paper":0,"minecraft:string":0,"minecraft:bucket":0,"minecraft:acacia_planks":0,"minecraft:stone_brick_slab":0,"minecraft:stone_sword":0,"minecraft:smooth_stone_slab":0,"minecraft:stone_shovel":0,"minecraft:name_tag":0,"minecraft:filled_map":0,"minecraft:stone":0,"minecraft:spruce_planks":0,"minecraft:oak_sapling":0,"minecraft:stone_bricks":0,"minecraft:sandstone":0,"minecraft:stone_pickaxe":0,"minecraft:wooden_pickaxe":0,"minecraft:cyan_bed":0},"minecraft:crafted":{"minecraft:black_dye":49,"minecraft:oak_planks":138,"minecraft:cooked_chicken":4,"minecraft:stone":158,"minecraft:gray_wool":2,"minecraft:cooked_mutton":15,"minecraft:green_dye":1,"minecraft:glass":100,"minecraft:stone_brick_slab":57,"minecraft:stone_pressure_plate":23,"minecraft:chest":1,"minecraft:acacia_fence":17,"minecraft:stone_hoe":2,"minecraft:black_wool":48,"minecraft:stone_bricks":74,"minecraft:gray_bed":1,"minecraft:cooked_porkchop":5,"minecraft:map":1,"minecraft:crafting_table":1,"minecraft:spruce_planks":32,"minecraft:wooden_pickaxe":2,"minecraft:campfire":1,"minecraft:stone_brick_stairs":18,"minecraft:iron_chestplate":1,"minecraft:paper":8,"minecraft:stick":42,"minecraft:iron_ingot":66,"minecraft:compass":1,"minecraft:iron_pickaxe":6,"minecraft:stone_sword":4,"minecraft:black_bed":1,"minecraft:stone_shovel":2,"minecraft:smooth_stone_slab":3,"minecraft:leather_leggings":1,"minecraft:leather_boots":1,"minecraft:iron_nugget":5,"minecraft:acacia_fence_gate":1,"minecraft:furnace":1,"minecraft:stone_button":1,"minecraft:gray_dye":2,"minecraft:glass_pane":8,"minecraft:iron_axe":5,"minecraft:ladder":6,"minecraft:stone_pickaxe":6,"minecraft:cooked_beef":1,"minecraft:sugar":1,"minecraft:red_dye":1,"minecraft:iron_sword":3,"minecraft:red_bed":1,"minecraft:black_banner":1,"minecraft:cooked_salmon":12,"minecraft:bucket":3,"minecraft:stone_axe":5,"minecraft:bread":89,"minecraft:oak_boat":1,"minecraft:white_wool":5,"minecraft:white_dye":1,"minecraft:oak_stairs":8,"minecraft:wooden_axe":1,"minecraft:black_carpet":57,"minecraft:white_bed":1,"minecraft:acacia_planks":50,"minecraft:torch":24},"minecraft:custom":{"minecraft:animals_bred":1,"minecraft:interact_with_crafting_table":211,"minecraft:eat_cake_slice":3,"minecraft:leave_game":9,"minecraft:time_since_death":8302,"minecraft:sprint_one_cm":1360649,"minecraft:drop":439,"minecraft:talked_to_villager":1,"minecraft:play_time":780916,"minecraft:deaths":9,"minecraft:jump":4838,"minecraft:walk_on_water_one_cm":109183,"minecraft:interact_with_furnace":141,"minecraft:interact_with_cartography_table":3,"minecraft:sleep_in_bed":48,"minecraft:damage_dealt":14140,"minecraft:crouch_one_cm":1438,"minecraft:horse_one_cm":2885,"minecraft:mob_kills":142,"minecraft:climb_one_cm":24719,"minecraft:walk_one_cm":3125394,"minecraft:sneak_time":385,"minecraft:walk_under_water_one_cm":85092,"minecraft:boat_one_cm":389209,"minecraft:total_world_time":780916,"minecraft:interact_with_stonecutter":7,"minecraft:time_since_rest":5597,"minecraft:damage_taken":6249,"minecraft:swim_one_cm":116589,"minecraft:fly_one_cm":174501,"minecraft:open_chest":182,"minecraft:fall_one_cm":67717},"minecraft:mined":{"minecraft:stone_pressure_plate":21,"minecraft:white_bed":7,"minecraft:oak_sapling":1,"minecraft:granite":2,"minecraft:acacia_log":61,"minecraft:grass_block":254,"minecraft:oxeye_daisy":6,"minecraft:tall_seagrass":4,"minecraft:iron_ore":56,"minecraft:black_carpet":27,"minecraft:azure_bluet":2,"minecraft:oak_stairs":5,"minecraft:red_bed":2,"minecraft:torch":8,"minecraft:melon":1,"minecraft:poppy":23,"minecraft:dead_bush":12,"minecraft:cyan_bed":2,"minecraft:oak_planks":16,"minecraft:sugar_cane":130,"minecraft:wall_torch":10,"minecraft:seagrass":1,"minecraft:acacia_sapling":1,"minecraft:birch_log":4,"minecraft:wheat":296,"minecraft:black_bed":7,"minecraft:stone_brick_stairs":4,"minecraft:smooth_stone_slab":1,"minecraft:grass":393,"minecraft:oak_log":333,"minecraft:acacia_fence":1,"minecraft:sand":79,"minecraft:dirt":42,"minecraft:oak_leaves":1252,"minecraft:stone_button":1,"minecraft:black_banner":2,"minecraft:spruce_leaves":1,"minecraft:sandstone":2,"minecraft:large_fern":1,"minecraft:redstone_ore":19,"minecraft:andesite":23,"minecraft:rail":1,"minecraft:stripped_acacia_log":1,"minecraft:stripped_oak_log":1,"minecraft:stone":413,"minecraft:oak_slab":1,"minecraft:acacia_leaves":19,"minecraft:glass_pane":12,"minecraft:stone_brick_slab":16,"minecraft:dandelion":13,"minecraft:campfire":1,"minecraft:tall_grass":34,"minecraft:lapis_ore":8,"minecraft:diorite":12,"minecraft:cactus":1,"minecraft:black_wall_banner":1,"minecraft:sweet_berry_bush":3,"minecraft:spruce_log":9,"minecraft:bee_nest":1,"minecraft:coal_ore":154,"minecraft:gravel":1,"minecraft:cobweb":11,"minecraft:acacia_planks":43,"minecraft:stone_bricks":12,"minecraft:gold_ore":7,"minecraft:fern":1},"minecraft:picked_up":{"minecraft:wooden_axe":3,"minecraft:wheat":278,"minecraft:black_carpet":31,"minecraft:oak_stairs":18,"minecraft:stone_brick_stairs":4,"minecraft:string":60,"minecraft:cooked_salmon":1,"minecraft:smooth_stone_slab":7,"minecraft:smooth_stone":56,"minecraft:bucket":6,"minecraft:spruce_planks":1,"minecraft:red_dye":1,"minecraft:iron_pickaxe":5,"minecraft:melon_slice":5,"minecraft:stick":159,"minecraft:acacia_fence":3,"minecraft:composter":2,"minecraft:torch":28,"minecraft:acacia_log":76,"minecraft:spruce_stairs":2,"minecraft:porkchop":9,"minecraft:diorite":16,"minecraft:black_dye":7,"minecraft:stone_sword":8,"minecraft:cactus":7,"minecraft:rotten_flesh":42,"minecraft:tropical_fish":3,"minecraft:cod":6,"minecraft:cobblestone":494,"minecraft:birch_log":4,"minecraft:feather":12,"minecraft:cooked_beef":1,"minecraft:andesite":66,"minecraft:black_bed":7,"minecraft:brown_wool":2,"minecraft:lapis_lazuli":55,"minecraft:dirt":388,"minecraft:name_tag":1,"minecraft:glass":1,"minecraft:bone":6,"minecraft:acacia_planks":145,"minecraft:bow":2,"minecraft:wheat_seeds":1145,"minecraft:raw_gold":7,"minecraft:rabbit":4,"minecraft:oak_planks":73,"minecraft:stone_hoe":6,"minecraft:sand":83,"minecraft:ink_sac":103,"minecraft:cyan_bed":3,"minecraft:stripped_acacia_log":1,"minecraft:granite":2,"minecraft:bone_meal":1,"minecraft:bread":3,"minecraft:oak_sapling":333,"minecraft:charcoal":2,"minecraft:azure_bluet":2,"minecraft:chicken":13,"minecraft:ladder":8,"minecraft:wooden_pickaxe":3,"minecraft:red_bed":2,"minecraft:iron_axe":4,"minecraft:beef":3,"minecraft:oak_boat":2,"minecraft:poppy":28,"minecraft:sugar_cane":154,"minecraft:spruce_trapdoor":1,"minecraft:egg":1,"minecraft:sandstone":2,"minecraft:raw_iron":48,"minecraft:stone":28,"minecraft:stone_button":2,"minecraft:redstone":87,"minecraft:stone_pressure_plate":24,"minecraft:arrow":21,"minecraft:stone_shovel":3,"minecraft:shears":2,"minecraft:black_banner":3,"minecraft:mutton":19,"minecraft:rail":2,"minecraft:white_wool":59,"minecraft:oxeye_daisy":6,"minecraft:stripped_oak_log":5,"minecraft:salmon":16,"minecraft:leather":9,"minecraft:filled_map":2,"minecraft:oak_log":349,"minecraft:paper":9,"minecraft:cooked_mutton":1,"minecraft:apple":15,"minecraft:stone_bricks":43,"minecraft:iron_ingot":8,"minecraft:stone_pickaxe":19,"minecraft:iron_sword":1,"minecraft:acacia_sapling":26,"minecraft:oak_slab":1,"minecraft:sweet_berries":8,"minecraft:stone_brick_slab":136,"minecraft:dandelion":10,"minecraft:gravel":1,"minecraft:white_bed":6,"minecraft:spruce_log":9,"minecraft:spider_eye":1,"minecraft:spruce_door":1,"minecraft:stone_axe":14,"minecraft:campfire":1,"minecraft:painting":4,"minecraft:gray_wool":2,"minecraft:oak_button":1,"minecraft:black_wool":5,"minecraft:coal":159}},"DataVersion":2730}