{"stats":{"minecraft:used":{"minecraft:netherite_block":170,"minecraft:polished_deepslate":79,"minecraft:grass_block":159,"minecraft:dispenser":1,"minecraft:lime_wool":5,"minecraft:quartz_block":23,"minecraft:chest":3,"minecraft:deepslate":1,"minecraft:stone_bricks":1,"minecraft:nether_wart_block":127,"minecraft:sand":52,"minecraft:weathered_copper":50,"minecraft:bow":48,"minecraft:gold_block":5,"minecraft:trapped_chest":2,"minecraft:chiseled_quartz_block":1,"minecraft:black_concrete_powder":13},"minecraft:dropped":{"minecraft:gold_block":1,"minecraft:chiseled_quartz_block":1,"minecraft:spruce_planks":64,"minecraft:nether_wart_block":1,"minecraft:lime_wool":1,"minecraft:chest":1,"minecraft:arrow":23,"minecraft:bow":1,"minecraft:grass_block":1},"minecraft:custom":{"minecraft:time_since_rest":76037,"minecraft:sprint_one_cm":512,"minecraft:damage_taken":267,"minecraft:walk_one_cm":117274,"minecraft:trigger_trapped_chest":1,"minecraft:drop":33,"minecraft:damage_dealt":101,"minecraft:fly_one_cm":815931,"minecraft:player_kills":1,"minecraft:open_chest":10,"minecraft:crouch_one_cm":613,"minecraft:play_time":86349,"minecraft:deaths":1,"minecraft:sneak_time":2978,"minecraft:walk_under_water_one_cm":1790,"minecraft:jump":130,"minecraft:leave_game":4,"minecraft:time_since_death":76017,"minecraft:walk_on_water_one_cm":1783,"minecraft:total_world_time":86349,"minecraft:climb_one_cm":70,"minecraft:fall_one_cm":1641,"minecraft:inspect_dispenser":1}},"DataVersion":2865}