{"stats":{"minecraft:killed":{"minecraft:cow":1},"minecraft:picked_up":{"minecraft:cooked_beef":1,"minecraft:leather":1,"minecraft:sand":26,"minecraft:dirt":2,"minecraft:arrow":42,"minecraft:bow":2,"minecraft:beef":3,"minecraft:oak_boat":5,"minecraft:poppy":3},"minecraft:dropped":{"minecraft:poppy":1,"minecraft:leather":1,"minecraft:sand":1},"minecraft:killed_by":{"minecraft:player":2},"minecraft:custom":{"minecraft:time_since_rest":3595,"minecraft:damage_absorbed":40,"minecraft:sprint_one_cm":171027,"minecraft:damage_taken":886,"minecraft:walk_one_cm":176855,"minecraft:mob_kills":1,"minecraft:drop":3,"minecraft:damage_dealt":149,"minecraft:swim_one_cm":4607,"minecraft:fly_one_cm":27126,"minecraft:open_chest":23,"minecraft:crouch_one_cm":31203,"minecraft:play_time":74707,"minecraft:deaths":3,"minecraft:walk_under_water_one_cm":416,"minecraft:sneak_time":6310,"minecraft:boat_one_cm":130754,"minecraft:jump":732,"minecraft:leave_game":2,"minecraft:time_since_death":3575,"minecraft:walk_on_water_one_cm":4437,"minecraft:total_world_time":74707,"minecraft:climb_one_cm":2628,"minecraft:fall_one_cm":9584},"minecraft:used":{"minecraft:golden_apple":3,"minecraft:dirt":2,"minecraft:sand":21,"minecraft:bow":15,"minecraft:beef":3,"minecraft:crossbow":2,"minecraft:oak_boat":3,"minecraft:cooked_beef":1},"minecraft:mined":{"minecraft:poppy":2,"minecraft:sand":25,"minecraft:dirt":2,"minecraft:oak_leaves":7}},"DataVersion":2865}