{"stats":{"minecraft:picked_up":{"minecraft:wheat":1,"minecraft:azure_bluet":1,"minecraft:diamond":1,"minecraft:poisonous_potato":1,"minecraft:poppy":2,"minecraft:elytra":2},"minecraft:dropped":{"minecraft:poppy":2,"minecraft:elytra":2,"minecraft:bookshelf":1},"minecraft:custom":{"minecraft:time_since_rest":80198,"minecraft:crouch_one_cm":1731,"minecraft:play_time":80198,"minecraft:sprint_one_cm":14050,"minecraft:walk_one_cm":553283,"minecraft:sneak_time":2144,"minecraft:drop":5,"minecraft:aviate_one_cm":19991,"minecraft:jump":456,"minecraft:damage_dealt":77,"minecraft:leave_game":1,"minecraft:time_since_death":80198,"minecraft:walk_on_water_one_cm":393,"minecraft:total_world_time":80198,"minecraft:fall_one_cm":267,"minecraft:fly_one_cm":416854},"minecraft:used":{"minecraft:elytra":1,"minecraft:poisonous_potato":19}},"DataVersion":2865}