{"stats":{"minecraft:picked_up":{"minecraft:flower_pot":1,"minecraft:ladder":1,"minecraft:enchanted_book":1,"minecraft:gold_block":1,"minecraft:diamond_horse_armor":1,"minecraft:elytra":3,"minecraft:item_frame":7,"minecraft:oak_sign":1,"minecraft:poppy":2,"minecraft:dark_oak_door":2,"minecraft:glow_item_frame":6,"minecraft:torch":5,"minecraft:stone_button":7,"minecraft:blue_carpet":18,"minecraft:rotten_flesh":24,"minecraft:tropical_fish":1,"minecraft:glow_berries":5,"minecraft:orange_carpet":1,"minecraft:cut_sandstone":16,"minecraft:lily_pad":3,"minecraft:gunpowder":11,"minecraft:dirt":1,"minecraft:lantern":35,"minecraft:white_banner":5,"minecraft:red_carpet":21,"minecraft:glass":1,"minecraft:light_blue_banner":1,"minecraft:kelp":43,"minecraft:wheat_seeds":4,"minecraft:fire_coral_block":1,"minecraft:acacia_sapling":3,"minecraft:dandelion":2,"minecraft:red_banner":3,"minecraft:crimson_door":3,"minecraft:grass_block":1,"minecraft:diamond_block":3,"minecraft:chiseled_sandstone":4,"minecraft:firework_rocket":164,"minecraft:white_candle":2,"minecraft:black_concrete":5,"minecraft:campfire":1,"minecraft:light_blue_carpet":21,"minecraft:damaged_anvil":1},"minecraft:used":{"minecraft:oak_trapdoor":15,"minecraft:light_blue_banner":13,"minecraft:petrified_oak_slab":18,"minecraft:jungle_leaves":1,"minecraft:blue_terracotta":3,"minecraft:rose_bush":26,"minecraft:polished_deepslate":30,"minecraft:flint_and_steel":5,"minecraft:smooth_quartz_slab":141,"minecraft:armor_stand":10,"minecraft:red_concrete":5,"minecraft:spruce_slab":14,"minecraft:ladder":25,"minecraft:black_carpet":2,"minecraft:polished_basalt":4,"minecraft:chest":19,"minecraft:spruce_planks":65,"minecraft:tinted_glass":393,"minecraft:brown_concrete":48,"minecraft:stone":216,"minecraft:quartz_stairs":123,"minecraft:mangrove_fence":3,"minecraft:bubble_coral":1,"minecraft:smooth_sandstone_stairs":16,"minecraft:oak_door":2,"minecraft:white_candle":1,"minecraft:oxidized_cut_copper":306,"minecraft:torch":19,"minecraft:end_stone_brick_wall":1,"minecraft:dirt":1627,"minecraft:soul_sand":10,"minecraft:white_carpet":56,"minecraft:cut_copper":5,"minecraft:hopper":2,"minecraft:brick_slab":35,"minecraft:jungle_planks":370,"minecraft:spruce_stairs":126,"minecraft:cobblestone_wall":54,"minecraft:jungle_slab":44,"minecraft:cracked_deepslate_tiles":2,"minecraft:oak_wood":2,"minecraft:yellow_carpet":104,"minecraft:acacia_sapling":10,"minecraft:spruce_fence":107,"minecraft:mud_brick_stairs":35,"minecraft:oak_fence_gate":16,"minecraft:polished_diorite":9,"minecraft:fern":1,"minecraft:birch_door":4,"minecraft:shroomlight":7,"minecraft:jungle_sapling":13,"minecraft:glass":287,"minecraft:dark_oak_planks":10,"minecraft:sea_lantern":1,"minecraft:bricks":60,"minecraft:bookshelf":75,"minecraft:grass_block":1482,"minecraft:quartz_slab":27,"minecraft:lantern":212,"minecraft:iron_block":711,"minecraft:light_weighted_pressure_plate":3,"minecraft:oak_stairs":11,"minecraft:brick_stairs":2,"minecraft:birch_sapling":6,"minecraft:acacia_slab":346,"minecraft:quartz_block":25,"minecraft:jungle_log":103,"minecraft:dark_oak_leaves":1,"minecraft:light_blue_bed":1,"minecraft:dark_oak_slab":38,"minecraft:smooth_quartz":143,"minecraft:diorite_wall":38,"minecraft:barrel":5,"minecraft:stone_bricks":972,"minecraft:item_frame":27,"minecraft:birch_trapdoor":1,"minecraft:glowstone":42,"minecraft:red_carpet":257,"minecraft:red_nether_brick_wall":2,"minecraft:magma_block":4,"minecraft:brown_carpet":42,"minecraft:horn_coral":1,"minecraft:tall_grass":2,"minecraft:iron_trapdoor":3,"minecraft:blue_shulker_box":1,"minecraft:oak_sapling":53,"minecraft:oxidized_cut_copper_stairs":39,"minecraft:minecart":2,"minecraft:acacia_fence":121,"minecraft:polished_diorite_stairs":5,"minecraft:granite_wall":1,"minecraft:acacia_planks":2531,"minecraft:red_dye":2,"minecraft:seagrass":33,"minecraft:large_fern":1,"minecraft:dark_oak_sapling":9,"minecraft:light_blue_carpet":216,"minecraft:calcite":851,"minecraft:dark_oak_stairs":9,"minecraft:water_bucket":391,"minecraft:end_rod":11,"minecraft:damaged_anvil":1,"minecraft:diorite":41,"minecraft:light_blue_shulker_box":1,"minecraft:nether_brick_wall":2,"minecraft:cobblestone_stairs":24,"minecraft:brick_wall":1,"minecraft:prismarine_brick_slab":24,"minecraft:birch_planks":28,"minecraft:yellow_shulker_box":3,"minecraft:acacia_trapdoor":58,"minecraft:jungle_fence":16,"minecraft:mangrove_planks":1,"minecraft:oak_planks":16,"minecraft:blue_wool":3,"minecraft:glow_ink_sac":2,"minecraft:cobblestone_slab":98,"minecraft:spruce_fence_gate":5,"minecraft:oak_leaves":331,"minecraft:glow_berries":677,"minecraft:pink_concrete":9,"minecraft:glow_item_frame":50,"minecraft:infested_chiseled_stone_bricks":4,"minecraft:dark_oak_trapdoor":265,"minecraft:diamond_block":4,"minecraft:orange_carpet":38,"minecraft:rail":2,"minecraft:vine":119,"minecraft:light_blue_concrete":167,"minecraft:oak_slab":5,"minecraft:crafting_table":3,"minecraft:loom":3,"minecraft:red_bed":5,"minecraft:light_blue_wool":362,"minecraft:yellow_concrete":393,"minecraft:campfire":19,"minecraft:oxidized_cut_copper_slab":4,"minecraft:chiseled_quartz_block":19,"minecraft:note_block":29,"minecraft:stone_brick_wall":5,"minecraft:painting":31,"minecraft:shears":38,"minecraft:spruce_log":19,"minecraft:dark_oak_door":10,"minecraft:lightning_rod":3,"minecraft:deepslate_tile_wall":4,"minecraft:deepslate_tiles":18,"minecraft:oak_log":4,"minecraft:gray_terracotta":2,"minecraft:netherite_block":7,"minecraft:blue_glazed_terracotta":6,"minecraft:flower_pot":65,"minecraft:acacia_stairs":928,"minecraft:black_concrete":6,"minecraft:waxed_exposed_cut_copper_stairs":1,"minecraft:acacia_door":2,"minecraft:mangrove_door":2,"minecraft:acacia_sign":3,"minecraft:dark_oak_log":29,"minecraft:birch_slab":3,"minecraft:oak_button":1,"minecraft:stone_button":76,"minecraft:jungle_stairs":20,"minecraft:spruce_trapdoor":31,"minecraft:spruce_sapling":6,"minecraft:iron_door":7,"minecraft:prismarine_wall":3,"minecraft:gravel":2,"minecraft:flowering_azalea_leaves":421,"minecraft:yellow_wool":6,"minecraft:lilac":24,"minecraft:polished_andesite_slab":5,"minecraft:magenta_banner":1,"minecraft:blue_carpet":25,"minecraft:chiseled_stone_bricks":5,"minecraft:cobblestone":24,"minecraft:pufferfish_bucket":4,"minecraft:orange_banner":5,"minecraft:mud_brick_wall":2,"minecraft:white_banner":57,"minecraft:grindstone":6,"minecraft:crimson_door":11,"minecraft:red_banner":22,"minecraft:bucket":454,"minecraft:andesite":1,"minecraft:chain":85,"minecraft:glass_pane":64,"minecraft:smooth_stone_slab":2,"minecraft:polished_blackstone_button":1,"minecraft:sea_pickle":14,"minecraft:white_concrete":55,"minecraft:tropical_fish_bucket":11,"minecraft:kelp":49,"minecraft:bone_meal":470,"minecraft:candle":20},"minecraft:dropped":{"minecraft:grass_block":1,"minecraft:dirt":1,"minecraft:iron_trapdoor":1,"minecraft:crimson_door":1,"minecraft:diamond_block":2,"minecraft:white_candle":1,"minecraft:damaged_anvil":1,"minecraft:light_blue_carpet":1,"minecraft:campfire":1,"minecraft:firework_rocket":64},"minecraft:killed":{"minecraft:pufferfish":4,"minecraft:horse":1,"minecraft:skeleton":3,"minecraft:tropical_fish":11,"minecraft:cat":1,"minecraft:creeper":4,"minecraft:pillager":2,"minecraft:zombie":5},"minecraft:custom":{"minecraft:mob_kills":31,"minecraft:inspect_hopper":6,"minecraft:interact_with_crafting_table":3,"minecraft:open_barrel":1,"minecraft:open_shulker_box":3,"minecraft:leave_game":44,"minecraft:time_since_death":1697078,"minecraft:climb_one_cm":8310,"minecraft:sprint_one_cm":250163,"minecraft:walk_one_cm":2922358,"minecraft:drop":12,"minecraft:play_time":1697078,"minecraft:sneak_time":47737,"minecraft:walk_under_water_one_cm":357029,"minecraft:jump":2611,"minecraft:walk_on_water_one_cm":131694,"minecraft:total_world_time":1697078,"minecraft:tune_noteblock":49,"minecraft:interact_with_loom":10,"minecraft:pot_flower":50,"minecraft:interact_with_grindstone":4,"minecraft:sleep_in_bed":6,"minecraft:time_since_rest":92445,"minecraft:damage_dealt":3307,"minecraft:minecart_one_cm":2450,"minecraft:swim_one_cm":1296,"minecraft:fly_one_cm":6999589,"minecraft:open_chest":11,"minecraft:crouch_one_cm":25197,"minecraft:fall_one_cm":34931}},"DataVersion":3117}