{"stats":{"minecraft:used":{"minecraft:dirt":3},"minecraft:dropped":{"minecraft:wheat_seeds":7,"minecraft:wheat":2},"minecraft:mined":{"minecraft:grass":4,"minecraft:grass_block":6,"minecraft:dirt":7,"minecraft:glass":1,"minecraft:tall_grass":1},"minecraft:custom":{"minecraft:time_since_rest":10058,"minecraft:sprint_one_cm":40306,"minecraft:play_time":10058,"minecraft:damage_taken":185,"minecraft:walk_one_cm":65723,"minecraft:drop":9,"minecraft:jump":120,"minecraft:damage_dealt":15,"minecraft:leave_game":2,"minecraft:time_since_death":10058,"minecraft:walk_on_water_one_cm":379,"minecraft:total_world_time":10058,"minecraft:climb_one_cm":1323,"minecraft:fall_one_cm":3418,"minecraft:fly_one_cm":8685},"minecraft:picked_up":{"minecraft:wheat":2,"minecraft:wheat_seeds":7,"minecraft:dirt":13}},"DataVersion":2865}