{"stats":{"minecraft:killed":{"minecraft:guardian":9,"minecraft:skeleton_horse":1,"minecraft:tropical_fish":3,"minecraft:parrot":8,"minecraft:salmon":2,"minecraft:pillager":63,"minecraft:donkey":1,"minecraft:zombie":134,"minecraft:evoker":1,"minecraft:vindicator":5,"minecraft:husk":8,"minecraft:rabbit":25,"minecraft:frog":9,"minecraft:ravager":2,"minecraft:witch":4,"minecraft:zombified_piglin":10,"minecraft:spider":37,"minecraft:bee":1,"minecraft:piglin":3,"minecraft:zombie_villager":10,"minecraft:sheep":17,"minecraft:vex":5,"minecraft:slime":7,"minecraft:drowned":5,"minecraft:hoglin":7,"minecraft:squid":1,"minecraft:wither_skeleton":12,"minecraft:cave_spider":4,"minecraft:pufferfish":1,"minecraft:skeleton":96,"minecraft:chicken":22,"minecraft:magma_cube":5,"minecraft:cow":28,"minecraft:horse":3,"minecraft:ocelot":1,"minecraft:enderman":25,"minecraft:pig":28,"minecraft:creeper":44,"minecraft:stray":2,"minecraft:blaze":17,"minecraft:phantom":15,"minecraft:bat":1},"minecraft:crafted":{"minecraft:oak_sign":6,"minecraft:birch_boat":3,"minecraft:blaze_powder":2,"minecraft:diamond_helmet":4,"minecraft:iron_door":3,"minecraft:acacia_slab":72,"minecraft:smithing_table":1,"minecraft:stone_brick_stairs":1,"minecraft:wooden_hoe":2,"minecraft:stone_slab":2,"minecraft:iron_pickaxe":20,"minecraft:acacia_door":27,"minecraft:golden_carrot":36,"minecraft:jukebox":1,"minecraft:iron_nugget":153,"minecraft:acacia_fence_gate":1,"minecraft:lantern":12,"minecraft:polished_diorite":36,"minecraft:stone_pickaxe":24,"minecraft:leather_helmet":2,"minecraft:acacia_stairs":24,"minecraft:oak_fence_gate":2,"minecraft:iron_shovel":9,"minecraft:cooked_chicken":5,"minecraft:stone":905,"minecraft:heavy_weighted_pressure_plate":1,"minecraft:stone_brick_slab":62,"minecraft:bow":1,"minecraft:chest":24,"minecraft:oak_button":3,"minecraft:jungle_stairs":8,"minecraft:rail":96,"minecraft:oak_fence":84,"minecraft:stone_bricks":1059,"minecraft:polished_diorite_slab":56,"minecraft:granite_stairs":4,"minecraft:golden_boots":1,"minecraft:arrow":1680,"minecraft:iron_helmet":1,"minecraft:spruce_trapdoor":6,"minecraft:stick":1024,"minecraft:iron_ingot":173,"minecraft:oak_door":6,"minecraft:tripwire_hook":4,"minecraft:stone_brick_wall":1709,"minecraft:fishing_rod":2,"minecraft:golden_chestplate":1,"minecraft:furnace":12,"minecraft:granite_wall":15,"minecraft:diorite_wall":2087,"minecraft:iron_sword":11,"minecraft:jungle_planks":40,"minecraft:stonecutter":1,"minecraft:torch":228,"minecraft:diamond_chestplate":3,"minecraft:smooth_stone":1,"minecraft:lever":2,"minecraft:cooked_mutton":6,"minecraft:glass":161,"minecraft:diamond_leggings":2,"minecraft:melon_seeds":32,"minecraft:birch_fence_gate":4,"minecraft:acacia_fence":45,"minecraft:cooked_rabbit":1,"minecraft:wooden_shovel":1,"minecraft:emerald":367,"minecraft:cooked_porkchop":11,"minecraft:hay_block":5,"minecraft:campfire":1,"minecraft:iron_block":9,"minecraft:gold_ingot":37,"minecraft:stone_shovel":14,"minecraft:ladder":165,"minecraft:diamond_boots":4,"minecraft:wheat":9,"minecraft:crossbow":2,"minecraft:blue_bed":1,"minecraft:sandstone_wall":15,"minecraft:acacia_sign":12,"minecraft:oak_stairs":4,"minecraft:wooden_axe":7,"minecraft:iron_leggings":1,"minecraft:white_bed":5,"minecraft:oak_planks":1456,"minecraft:iron_boots":3,"minecraft:chiseled_stone_bricks":10,"minecraft:stone_hoe":1,"minecraft:smoker":1,"minecraft:oak_slab":6,"minecraft:crafting_table":17,"minecraft:spruce_planks":48,"minecraft:wooden_pickaxe":4,"minecraft:baked_potato":128,"minecraft:birch_planks":112,"minecraft:iron_chestplate":3,"minecraft:shield":1,"minecraft:birch_fence":24,"minecraft:leather_chestplate":2,"minecraft:stone_sword":4,"minecraft:redstone_torch":22,"minecraft:shears":2,"minecraft:wooden_sword":1,"minecraft:cookie":18,"minecraft:iron_axe":8,"minecraft:iron_hoe":3,"minecraft:minecart":3,"minecraft:cooked_beef":37,"minecraft:diamond_sword":2,"minecraft:powered_rail":18,"minecraft:activator_rail":6,"minecraft:bucket":3,"minecraft:stone_axe":6,"minecraft:bread":232,"minecraft:blue_dye":4,"minecraft:oak_boat":5,"minecraft:acacia_planks":712},"minecraft:used":{"minecraft:writable_book":38,"minecraft:poppy":37,"minecraft:stone":218,"minecraft:warped_sign":5,"minecraft:azure_bluet":21,"minecraft:snowball":419,"minecraft:jungle_sapling":1,"minecraft:frog_spawn_egg":4,"minecraft:packed_ice":1,"minecraft:red_wool":1,"minecraft:quartz_block":28,"minecraft:diorite_wall":20,"minecraft:bow":5470,"minecraft:oak_sapling":8,"minecraft:acacia_fence":56,"minecraft:cow_spawn_egg":1,"minecraft:chorus_fruit":4,"minecraft:prismarine":9,"minecraft:blackstone":24,"minecraft:wooden_pickaxe":148,"minecraft:parrot_spawn_egg":14,"minecraft:golden_apple":65,"minecraft:glow_berries":4,"minecraft:chiseled_quartz_block":480,"minecraft:gray_concrete":12,"minecraft:crimson_fence_gate":3,"minecraft:birch_fence":31,"minecraft:mangrove_door":1,"minecraft:cat_spawn_egg":2,"minecraft:diamond_sword":641,"minecraft:smithing_table":2,"minecraft:oak_boat":50,"minecraft:polished_blackstone_brick_slab":7,"minecraft:carved_pumpkin":13,"minecraft:armor_stand":1,"minecraft:wither_skeleton_spawn_egg":1,"minecraft:torch":302,"minecraft:brewing_stand":3,"minecraft:oak_fence_gate":2,"minecraft:fern":1,"minecraft:sea_lantern":323,"minecraft:iron_block":12,"minecraft:piglin_brute_spawn_egg":2,"minecraft:barrel":3,"minecraft:bamboo":3,"minecraft:lime_concrete":41,"minecraft:podzol":71,"minecraft:acacia_planks":324,"minecraft:wheat_seeds":1021,"minecraft:birch_planks":25,"minecraft:lead":8,"minecraft:blue_concrete_powder":1,"minecraft:sheep_spawn_egg":31,"minecraft:diamond_block":8,"minecraft:rail":179,"minecraft:campfire":2,"minecraft:white_bed":41,"minecraft:diamond_pickaxe":195,"minecraft:diamond_shovel":80,"minecraft:acacia_sign":12,"minecraft:oak_button":10,"minecraft:suspicious_stew":1,"minecraft:spruce_trapdoor":5,"minecraft:spruce_sapling":1,"minecraft:potion":39,"minecraft:porkchop":22,"minecraft:cooked_porkchop":72,"minecraft:warped_fence_gate":9,"minecraft:dandelion":47,"minecraft:green_stained_glass":4,"minecraft:moss_carpet":9,"minecraft:red_sand":286,"minecraft:polished_deepslate":1,"minecraft:soul_campfire":3,"minecraft:mutton":9,"minecraft:pink_terracotta":1,"minecraft:beehive":1,"minecraft:honey_bottle":12,"minecraft:crimson_button":21,"minecraft:lantern":16,"minecraft:item_frame":18,"minecraft:golden_sword":36,"minecraft:written_book":1,"minecraft:blue_shulker_box":2,"minecraft:gold_block":237,"minecraft:skeleton_skull":9,"minecraft:end_rod":2,"minecraft:stripped_acacia_log":3,"minecraft:stone_pickaxe":2916,"minecraft:oak_planks":826,"minecraft:polished_diorite_slab":10,"minecraft:sandstone":4,"minecraft:diamond_axe":66,"minecraft:sugar_cane":20,"minecraft:white_wool":162,"minecraft:light_blue_concrete":36,"minecraft:mushroom_stew":4,"minecraft:yellow_concrete":243,"minecraft:crossbow":50,"minecraft:end_stone":14,"minecraft:deepslate_lapis_ore":46,"minecraft:lever":9,"minecraft:acacia_door":7,"minecraft:dark_oak_log":5,"minecraft:bread":480,"minecraft:iron_door":8,"minecraft:deepslate":1,"minecraft:cooked_rabbit":1,"minecraft:chain":33,"minecraft:netherite_sword":1229,"minecraft:granite_stairs":8,"minecraft:flint_and_steel":40,"minecraft:redstone":105,"minecraft:ender_chest":1,"minecraft:brown_shulker_box":10,"minecraft:deepslate_gold_ore":58,"minecraft:stone_hoe":131,"minecraft:cooked_chicken":23,"minecraft:dirt":2818,"minecraft:spruce_fence":501,"minecraft:iron_hoe":238,"minecraft:wooden_axe":270,"minecraft:brown_terracotta":141,"minecraft:oak_stairs":13,"minecraft:netherite_pickaxe":21,"minecraft:minecart":64,"minecraft:cooked_beef":426,"minecraft:pumpkin":86,"minecraft:quartz_bricks":18,"minecraft:baked_potato":762,"minecraft:birch_boat":7,"minecraft:spruce_sign":2,"minecraft:rabbit_spawn_egg":23,"minecraft:infested_stone_bricks":6,"minecraft:piston":8,"minecraft:wooden_hoe":26,"minecraft:flower_pot":2,"minecraft:black_wool":9,"minecraft:chicken":2,"minecraft:jungle_stairs":18,"minecraft:stone_slab":3,"minecraft:yellow_wool":58,"minecraft:stone_axe":761,"minecraft:spruce_slab":3,"minecraft:ladder":188,"minecraft:chest":32,"minecraft:brown_concrete":13,"minecraft:blue_stained_glass":33,"minecraft:orange_wool":1,"minecraft:yellow_candle":10,"minecraft:acacia_sapling":2,"minecraft:netherite_shovel":1,"minecraft:grass_block":2975,"minecraft:wet_sponge":1,"minecraft:stone_brick_stairs":5,"minecraft:dark_oak_boat":17,"minecraft:sweet_berries":128,"minecraft:furnace":13,"minecraft:egg":130,"minecraft:potato":70,"minecraft:brown_concrete_powder":47,"minecraft:diorite":7,"minecraft:spruce_door":2,"minecraft:stripped_birch_log":1,"minecraft:powered_rail":45,"minecraft:oak_leaves":28,"minecraft:cookie":19,"minecraft:respawn_anchor":1,"minecraft:dark_oak_trapdoor":3,"minecraft:sand":79,"minecraft:black_concrete_powder":1,"minecraft:lightning_rod":1,"minecraft:stone_button":4,"minecraft:spore_blossom":1,"minecraft:red_terracotta":4,"minecraft:wooden_sword":106,"minecraft:white_stained_glass":3599,"minecraft:iron_bars":96,"minecraft:stone_sword":397,"minecraft:acacia_log":49,"minecraft:red_concrete":489,"minecraft:sandstone_wall":3,"minecraft:netherrack":58,"minecraft:light_gray_shulker_box":4,"minecraft:dragon_egg":1,"minecraft:anvil":3,"minecraft:nether_brick_slab":4,"minecraft:blue_concrete":37,"minecraft:polished_diorite":2,"minecraft:shroomlight":4,"minecraft:iron_axe":1186,"minecraft:slime_block":2,"minecraft:warped_fence":238,"minecraft:smooth_quartz":4,"minecraft:tripwire_hook":8,"minecraft:beef":11,"minecraft:cobbled_deepslate":5,"minecraft:pointed_dripstone":2,"minecraft:water_bucket":315,"minecraft:yellow_shulker_box":2,"minecraft:horse_spawn_egg":4,"minecraft:polished_blackstone_bricks":8,"minecraft:gilded_blackstone":1,"minecraft:salmon":5,"minecraft:pink_concrete":9,"minecraft:mossy_cobblestone":4,"minecraft:comparator":12,"minecraft:oak_slab":12,"minecraft:tnt":30,"minecraft:crafting_table":22,"minecraft:birch_sign":6,"minecraft:cod":1,"minecraft:cake":1,"minecraft:oak_log":101,"minecraft:mud":19,"minecraft:ender_eye":3,"minecraft:oxeye_daisy":1,"minecraft:cornflower":2,"minecraft:mangrove_propagule":14,"minecraft:iron_pickaxe":4259,"minecraft:crimson_sign":19,"minecraft:chiseled_stone_bricks":2,"minecraft:cobblestone":502,"minecraft:glass_pane":6,"minecraft:jukebox":2,"minecraft:light_blue_stained_glass_pane":3,"minecraft:iron_shovel":2314,"minecraft:oak_sign":3,"minecraft:mangrove_button":1,"minecraft:white_concrete_powder":108,"minecraft:donkey_spawn_egg":2,"minecraft:shield":68,"minecraft:white_terracotta":20,"minecraft:iron_sword":1257,"minecraft:player_head":5,"minecraft:nether_bricks":23,"minecraft:carrot":8,"minecraft:axolotl_bucket":2,"minecraft:milk_bucket":7,"minecraft:glass":311,"minecraft:quartz_slab":4,"minecraft:packed_mud":1,"minecraft:tropical_fish_spawn_egg":2,"minecraft:stone_bricks":532,"minecraft:red_carpet":10,"minecraft:repeater":3,"minecraft:hay_block":7,"minecraft:scaffolding":34,"minecraft:chiseled_polished_blackstone":1,"minecraft:dark_oak_stairs":1,"minecraft:ender_pearl":12,"minecraft:blue_bed":5,"minecraft:loom":2,"minecraft:black_banner":4,"minecraft:light_gray_terracotta":2,"minecraft:deepslate_redstone_ore":3,"minecraft:sponge":14,"minecraft:stone_brick_wall":235,"minecraft:black_bed":9,"minecraft:shears":55,"minecraft:redstone_torch":42,"minecraft:green_concrete":127,"minecraft:black_concrete":624,"minecraft:firework_rocket":739,"minecraft:birch_fence_gate":6,"minecraft:heavy_weighted_pressure_plate":5,"minecraft:melon_slice":70,"minecraft:string":18,"minecraft:gravel":1,"minecraft:andesite":11,"minecraft:white_concrete":475,"minecraft:air":1,"minecraft:tropical_fish_bucket":4,"minecraft:experience_bottle":26,"minecraft:cobweb":2,"minecraft:oak_fence":84,"minecraft:purpur_block":84,"minecraft:trident":144,"minecraft:tropical_fish":2,"minecraft:stone_shovel":1816,"minecraft:spruce_planks":15,"minecraft:oak_door":7,"minecraft:white_carpet":13,"minecraft:granite":1,"minecraft:light_blue_stained_glass":6,"minecraft:stone_brick_slab":2,"minecraft:dark_oak_planks":24,"minecraft:acacia_slab":80,"minecraft:red_candle":2,"minecraft:golden_carrot":56,"minecraft:granite_wall":3,"minecraft:cooked_mutton":16,"minecraft:acacia_boat":3,"minecraft:amethyst_block":102,"minecraft:glass_bottle":26,"minecraft:cyan_candle":4,"minecraft:pink_banner":2,"minecraft:blue_wool":4,"minecraft:beacon":1,"minecraft:stonecutter":2,"minecraft:glow_item_frame":17,"minecraft:jungle_wood":1,"minecraft:terracotta":9,"minecraft:yellow_stained_glass_pane":2,"minecraft:smoker":2,"minecraft:dark_oak_door":14,"minecraft:acacia_stairs":34,"minecraft:activator_rail":4,"minecraft:apple":139,"minecraft:cracked_polished_blackstone_bricks":5,"minecraft:netherite_axe":2,"minecraft:acacia_fence_gate":5,"minecraft:green_shulker_box":3,"minecraft:fishing_rod":12,"minecraft:white_banner":24,"minecraft:red_banner":5,"minecraft:bucket":53,"minecraft:splash_potion":1,"minecraft:soul_torch":18},"minecraft:killed_by":{"minecraft:zombie_villager":1,"minecraft:ravager":1,"minecraft:zombie":6,"minecraft:wither":7,"minecraft:drowned":1,"minecraft:skeleton":3,"minecraft:piglin_brute":2,"minecraft:pillager":1,"minecraft:vindicator":6,"minecraft:vex":5,"minecraft:stray":5,"minecraft:shulker":2,"minecraft:guardian":7,"minecraft:wither_skeleton":1,"minecraft:creeper":1,"minecraft:piglin":1,"minecraft:blaze":1,"minecraft:player":103,"minecraft:enderman":2},"minecraft:mined":{"minecraft:white_bed":39,"minecraft:granite":242,"minecraft:acacia_log":252,"minecraft:nether_wart":23,"minecraft:polished_blackstone_bricks":24,"minecraft:fire":4,"minecraft:white_banner":1,"minecraft:tripwire":5,"minecraft:jungle_button":2,"minecraft:smoker":1,"minecraft:crimson_nylium":25,"minecraft:torch":20,"minecraft:melon":15,"minecraft:dead_bush":9,"minecraft:sugar_cane":73,"minecraft:jungle_wood":27,"minecraft:mud":19,"minecraft:tinted_glass":1,"minecraft:grass":999,"minecraft:birch_button":1,"minecraft:sandstone_wall":3,"minecraft:mangrove_log":9,"minecraft:mossy_cobblestone":5,"minecraft:dark_oak_log":12,"minecraft:sea_lantern":1,"minecraft:end_stone":22,"minecraft:birch_fence_gate":1,"minecraft:dark_oak_fence":7,"minecraft:stripped_jungle_wood":2,"minecraft:redstone_wire":100,"minecraft:red_mushroom":2,"minecraft:redstone_ore":39,"minecraft:packed_mud":2,"minecraft:andesite":220,"minecraft:vine":29,"minecraft:rail":72,"minecraft:oak_slab":6,"minecraft:glass_pane":14,"minecraft:soul_sand":6,"minecraft:dandelion":75,"minecraft:cornflower":2,"minecraft:warped_roots":1,"minecraft:tall_grass":142,"minecraft:diorite":378,"minecraft:warped_wart_block":6,"minecraft:black_stained_glass":1,"minecraft:coarse_dirt":1,"minecraft:trapped_chest":1,"minecraft:mangrove_leaves":6,"minecraft:gravel":17,"minecraft:cobweb":70,"minecraft:oak_button":4,"minecraft:stone_bricks":69,"minecraft:gold_ore":56,"minecraft:fern":27,"minecraft:farmland":59,"minecraft:orange_wool":2,"minecraft:cracked_polished_blackstone_bricks":11,"minecraft:polished_diorite":2,"minecraft:gilded_blackstone":8,"minecraft:azalea":2,"minecraft:granite_stairs":4,"minecraft:spruce_slab":4,"minecraft:jungle_stairs":12,"minecraft:nether_quartz_ore":29,"minecraft:oak_planks":250,"minecraft:wall_torch":49,"minecraft:warped_nylium":3,"minecraft:powered_rail":25,"minecraft:dark_oak_slab":1,"minecraft:tnt":1,"minecraft:oak_log":479,"minecraft:dirt":2753,"minecraft:cyan_candle":1,"minecraft:pink_carpet":1,"minecraft:mangrove_roots":27,"minecraft:ladder":11,"minecraft:lever":3,"minecraft:stone_button":1,"minecraft:yellow_candle":1,"minecraft:spruce_leaves":41,"minecraft:acacia_slab":10,"minecraft:crimson_stem":1,"minecraft:hay_block":4,"minecraft:heavy_weighted_pressure_plate":2,"minecraft:nether_sprouts":1,"minecraft:peony":2,"minecraft:gold_block":2,"minecraft:nether_brick_fence":4,"minecraft:bookshelf":10,"minecraft:shroomlight":4,"minecraft:stripped_oak_log":6,"minecraft:wet_sponge":1,"minecraft:acacia_leaves":317,"minecraft:scaffolding":15,"minecraft:magenta_stained_glass":2,"minecraft:basalt":32,"minecraft:oak_fence":54,"minecraft:stone_slab":1,"minecraft:prismarine_bricks":6,"minecraft:birch_planks":26,"minecraft:ice":17,"minecraft:muddy_mangrove_roots":1,"minecraft:cocoa":13,"minecraft:dark_oak_planks":12,"minecraft:jungle_leaves":8,"minecraft:carved_pumpkin":6,"minecraft:chiseled_polished_blackstone":4,"minecraft:stone_brick_wall":7,"minecraft:jungle_log":39,"minecraft:purpur_slab":2,"minecraft:crimson_fungus":4,"minecraft:oxeye_daisy":3,"minecraft:light_blue_stained_glass":4,"minecraft:weeping_vines_plant":6,"minecraft:tall_seagrass":1,"minecraft:pumpkin":7,"minecraft:moss_carpet":16,"minecraft:dirt_path":42,"minecraft:oak_stairs":24,"minecraft:iron_block":4,"minecraft:soul_wall_torch":9,"minecraft:brown_mushroom":9,"minecraft:polished_diorite_slab":4,"minecraft:glass":270,"minecraft:cyan_bed":2,"minecraft:wheat":1028,"minecraft:warped_fungus":2,"minecraft:black_bed":3,"minecraft:oak_fence_gate":1,"minecraft:stonecutter":2,"minecraft:nether_bricks":55,"minecraft:jungle_planks":91,"minecraft:crimson_roots":11,"minecraft:snow":68,"minecraft:acacia_wood":3,"minecraft:warped_stem":20,"minecraft:bamboo":16,"minecraft:white_wool":49,"minecraft:smithing_table":1,"minecraft:comparator":1,"minecraft:white_carpet":12,"minecraft:spruce_log":16,"minecraft:jungle_fence":17,"minecraft:acacia_door":2,"minecraft:acacia_planks":149,"minecraft:spruce_planks":12,"minecraft:grass_block":1808,"minecraft:glowstone":8,"minecraft:iron_ore":178,"minecraft:azure_bluet":39,"minecraft:dark_oak_stairs":1,"minecraft:birch_wall_sign":1,"minecraft:blackstone":54,"minecraft:twisting_vines_plant":1,"minecraft:chiseled_quartz_block":8,"minecraft:poppy":76,"minecraft:chest":8,"minecraft:cobblestone":168,"minecraft:slime_block":3,"minecraft:prismarine":4,"minecraft:iron_door":13,"minecraft:seagrass":5,"minecraft:red_candle":1,"minecraft:acacia_sapling":3,"minecraft:dark_oak_door":2,"minecraft:nether_wart_block":10,"minecraft:birch_log":28,"minecraft:activator_rail":4,"minecraft:purpur_block":3,"minecraft:diorite_wall":18,"minecraft:acacia_fence":21,"minecraft:sand":452,"minecraft:tripwire_hook":7,"minecraft:netherrack":184,"minecraft:oak_leaves":871,"minecraft:granite_wall":3,"minecraft:nether_gold_ore":14,"minecraft:diamond_ore":7,"minecraft:oak_door":1,"minecraft:weeping_vines":3,"minecraft:mangrove_propagule":14,"minecraft:sandstone":42,"minecraft:spore_blossom":1,"minecraft:furnace":1,"minecraft:acacia_stairs":14,"minecraft:lantern":1,"minecraft:stripped_acacia_log":3,"minecraft:packed_ice":1,"minecraft:chorus_plant":17,"minecraft:stone":4405,"minecraft:redstone_wall_torch":19,"minecraft:flowering_azalea":1,"minecraft:soul_torch":3,"minecraft:spruce_door":1,"minecraft:crafting_table":7,"minecraft:oak_wood":2,"minecraft:rose_bush":2,"minecraft:lapis_ore":6,"minecraft:blue_bed":4,"minecraft:spruce_stairs":1,"minecraft:cactus":8,"minecraft:acacia_fence_gate":1,"minecraft:redstone_torch":1,"minecraft:sweet_berry_bush":60,"minecraft:potted_azure_bluet":1,"minecraft:coal_ore":274,"minecraft:end_rod":1,"minecraft:acacia_wall_sign":3},"minecraft:broken":{"minecraft:wooden_sword":1,"minecraft:iron_hoe":1,"minecraft:leather_helmet":1,"minecraft:netherite_helmet":1,"minecraft:stone_hoe":1,"minecraft:wooden_pickaxe":2,"minecraft:iron_pickaxe":15,"minecraft:wooden_hoe":1,"minecraft:netherite_boots":1,"minecraft:iron_shovel":8,"minecraft:leather_leggings":1,"minecraft:stone_pickaxe":21,"minecraft:stone_axe":5,"minecraft:stone_shovel":13,"minecraft:golden_boots":1,"minecraft:golden_sword":2,"minecraft:iron_sword":1,"minecraft:bow":3,"minecraft:netherite_leggings":1,"minecraft:stone_sword":2,"minecraft:iron_axe":2,"minecraft:wooden_axe":3},"minecraft:dropped":{"minecraft:iron_sword":8,"minecraft:porkchop":12,"minecraft:lapis_lazuli":0,"minecraft:glass_bottle":3,"minecraft:diamond":196,"minecraft:crafting_table":3,"minecraft:lime_concrete_powder":0,"minecraft:cooked_porkchop":2,"minecraft:dark_oak_slab":0,"minecraft:weeping_vines":0,"minecraft:glow_berries":4,"minecraft:warped_roots":1,"minecraft:black_bed":0,"minecraft:red_mushroom":0,"minecraft:emerald":287,"minecraft:gold_block":114,"minecraft:gray_concrete":2,"minecraft:birch_fence":2,"minecraft:dark_oak_fence":3,"minecraft:netherite_boots":6,"minecraft:writable_book":6,"minecraft:gold_nugget":12,"minecraft:acacia_fence_gate":0,"minecraft:sand":319,"minecraft:dark_oak_planks":1,"minecraft:white_wool":11,"minecraft:stone_axe":5,"minecraft:diamond_block":28,"minecraft:cooked_chicken":20,"minecraft:black_carpet":1,"minecraft:wheat":42,"minecraft:netherite_sword":11,"minecraft:rotten_flesh":57,"minecraft:oak_planks":38,"minecraft:warped_sign":0,"minecraft:azure_bluet":3,"minecraft:warped_planks":0,"minecraft:blue_stained_glass":1,"minecraft:sea_lantern":0,"minecraft:diorite_wall":2,"minecraft:quartz_block":4,"minecraft:jungle_log":0,"minecraft:leather_boots":1,"minecraft:acacia_sapling":11,"minecraft:leather_leggings":1,"minecraft:painting":6,"minecraft:beef":0,"minecraft:glass":9,"minecraft:podzol":0,"minecraft:granite_wall":15,"minecraft:stone_brick_stairs":0,"minecraft:acacia_fence":2,"minecraft:green_stained_glass":0,"minecraft:wheat_seeds":1721,"minecraft:netherite_chestplate":8,"minecraft:book":2,"minecraft:prismarine_crystals":0,"minecraft:sheep_spawn_egg":0,"minecraft:golden_apple":81,"minecraft:mushroom_stew":2,"minecraft:acacia_sign":7,"minecraft:cobweb":1,"minecraft:gray_wool":1,"minecraft:ink_sac":0,"minecraft:wooden_axe":0,"minecraft:cooked_salmon":1,"minecraft:potion":0,"minecraft:stripped_birch_log":1,"minecraft:oak_stairs":5,"minecraft:pumpkin":5,"minecraft:white_banner":7,"minecraft:mud":1,"minecraft:smooth_sandstone":0,"minecraft:lily_pad":8,"minecraft:acacia_planks":7,"minecraft:stone_brick_slab":0,"minecraft:yellow_concrete_powder":0,"minecraft:bricks":0,"minecraft:player_head":1,"minecraft:cocoa_beans":6,"minecraft:stone_shovel":2,"minecraft:red_banner":0,"minecraft:clay_ball":2,"minecraft:iron_boots":3,"minecraft:mangrove_door":1,"minecraft:name_tag":4,"minecraft:white_terracotta":1,"minecraft:deepslate_lapis_ore":1,"minecraft:oak_sign":4,"minecraft:shears":0,"minecraft:suspicious_stew":0,"minecraft:diamond_sword":7,"minecraft:peony":1,"minecraft:spruce_trapdoor":1,"minecraft:spruce_planks":2,"minecraft:popped_chorus_fruit":5,"minecraft:redstone_torch":3,"minecraft:stone_pressure_plate":0,"minecraft:stone_bricks":3,"minecraft:sandstone":39,"minecraft:red_sand":2,"minecraft:bow":23,"minecraft:horse_spawn_egg":1,"minecraft:cyan_bed":1,"minecraft:terracotta":49,"minecraft:blue_shulker_box":1,"minecraft:acacia_boat":1,"minecraft:oak_log":4,"minecraft:loom":2,"minecraft:ender_pearl":0,"minecraft:green_shulker_box":1,"minecraft:leather":14,"minecraft:jungle_planks":55,"minecraft:red_wool":0,"minecraft:iron_horse_armor":0,"minecraft:cod":1,"minecraft:cobblestone_stairs":0,"minecraft:mutton":2,"minecraft:wet_sponge":1,"minecraft:black_concrete":5,"minecraft:tropical_fish_spawn_egg":1,"minecraft:crimson_door":1,"minecraft:gold_ingot":9,"minecraft:red_glazed_terracotta":12,"minecraft:chiseled_polished_blackstone":1,"minecraft:purpur_block":0,"minecraft:cooked_mutton":45,"minecraft:acacia_stairs":2,"minecraft:birch_fence_gate":1,"minecraft:leather_chestplate":1,"minecraft:trident":2,"minecraft:acacia_slab":14,"minecraft:iron_ore":0,"minecraft:iron_bars":0,"minecraft:white_concrete_powder":0,"minecraft:scaffolding":5,"minecraft:bread":26,"minecraft:lilac":2,"minecraft:yellow_concrete":3,"minecraft:netherite_axe":6,"minecraft:jungle_wood":0,"minecraft:amethyst_block":0,"minecraft:tropical_fish":17,"minecraft:parrot_spawn_egg":0,"minecraft:acacia_log":3,"minecraft:iron_block":1,"minecraft:milk_bucket":0,"minecraft:melon_slice":11,"minecraft:white_concrete":5,"minecraft:iron_door":0,"minecraft:crimson_sign":0,"minecraft:pink_banner":0,"minecraft:polished_blackstone_brick_slab":1,"minecraft:stonecutter":0,"minecraft:cactus":0,"minecraft:light_blue_stained_glass_pane":1,"minecraft:tripwire_hook":9,"minecraft:redstone_block":0,"minecraft:polished_deepslate":1,"minecraft:polished_diorite":1,"minecraft:kelp":0,"minecraft:sweet_berries":40,"minecraft:dragon_head":3,"minecraft:lime_concrete":0,"minecraft:light_gray_terracotta":1,"minecraft:comparator":3,"minecraft:green_concrete":1,"minecraft:skeleton_spawn_egg":1,"minecraft:netherite_leggings":5,"minecraft:flint_and_steel":2,"minecraft:oak_button":2,"minecraft:andesite":51,"minecraft:oak_sapling":36,"minecraft:cow_spawn_egg":0,"minecraft:wooden_pickaxe":3,"minecraft:magma_cream":0,"minecraft:piston":2,"minecraft:cooked_beef":170,"minecraft:sandstone_stairs":1,"minecraft:crossbow":7,"minecraft:cookie":6,"minecraft:glow_item_frame":2,"minecraft:saddle":2,"minecraft:elytra":3,"minecraft:rail":16,"minecraft:leather_helmet":2,"minecraft:item_frame":2,"minecraft:dirt":2264,"minecraft:packed_mud":2,"minecraft:yellow_dye":1,"minecraft:chain":1,"minecraft:bone_meal":0,"minecraft:phantom_membrane":5,"minecraft:sugar":0,"minecraft:iron_pickaxe":4,"minecraft:bone":72,"minecraft:green_wool":6,"minecraft:oak_door":2,"minecraft:pink_concrete":0,"minecraft:sugar_cane":18,"minecraft:white_bed":1,"minecraft:salmon":0,"minecraft:yellow_stained_glass_pane":1,"minecraft:tipped_arrow":2,"minecraft:ladder":34,"minecraft:campfire":1,"minecraft:white_glazed_terracotta":3,"minecraft:egg":11,"minecraft:enchanted_book":0,"minecraft:iron_ingot":275,"minecraft:netherite_pickaxe":7,"minecraft:tnt":2,"minecraft:netherite_helmet":4,"minecraft:cobblestone":2289,"minecraft:oak_fence":0,"minecraft:feather":7,"minecraft:iron_helmet":3,"minecraft:apple":137,"minecraft:granite":65,"minecraft:spruce_door":4,"minecraft:disc_fragment_5":4,"minecraft:polished_blackstone_button":2,"minecraft:chainmail_helmet":1,"minecraft:coal":9,"minecraft:pufferfish":1,"minecraft:oxeye_daisy":0,"minecraft:golden_carrot":3,"minecraft:wooden_hoe":2,"minecraft:sponge":2,"minecraft:rose_bush":1,"minecraft:rabbit":2,"minecraft:diamond_helmet":3,"minecraft:brown_terracotta":16,"minecraft:heart_of_the_sea":1,"minecraft:paper":35,"minecraft:string":33,"minecraft:pink_tulip":5,"minecraft:furnace":1,"minecraft:moss_carpet":22,"minecraft:soul_torch":2,"minecraft:stone_sword":4,"minecraft:bowl":8,"minecraft:deepslate":1,"minecraft:diamond_hoe":2,"minecraft:chicken":2,"minecraft:blue_concrete":0,"minecraft:light_blue_concrete":1,"minecraft:orange_wool":0,"minecraft:pumpkin_seeds":8,"minecraft:potato":1,"minecraft:rabbit_spawn_egg":0,"minecraft:shroomlight":0,"minecraft:stone":21,"minecraft:allium":2,"minecraft:wooden_shovel":1,"minecraft:carved_pumpkin":0,"minecraft:spider_eye":8,"minecraft:birch_boat":1,"minecraft:blue_orchid":1,"minecraft:black_wool":1,"minecraft:quartz_slab":1,"minecraft:spruce_sign":0,"minecraft:birch_planks":4,"minecraft:brown_mushroom":1,"minecraft:dark_oak_stairs":0,"minecraft:diamond_axe":1,"minecraft:baked_potato":96,"minecraft:lantern":4,"minecraft:blue_concrete_powder":0,"minecraft:deepslate_gold_ore":1,"minecraft:cornflower":3,"minecraft:warped_fence_gate":0,"minecraft:cooked_cod":0,"minecraft:gilded_blackstone":1,"minecraft:acacia_door":1,"minecraft:armor_stand":1,"minecraft:gravel":7,"minecraft:white_tulip":2,"minecraft:yellow_wool":1,"minecraft:fern":1,"minecraft:diamond_shovel":0,"minecraft:prismarine":9,"minecraft:beehive":1,"minecraft:honey_bottle":0,"minecraft:carrot":18,"minecraft:brown_shulker_box":1,"minecraft:sandstone_wall":5,"minecraft:poppy":85,"minecraft:rabbit_hide":0,"minecraft:gunpowder":0,"minecraft:skeleton_skull":0,"minecraft:melon_seeds":2,"minecraft:chest":4,"minecraft:basalt":13,"minecraft:arrow":341,"minecraft:quartz":18,"minecraft:written_book":3,"minecraft:oak_leaves":3,"minecraft:firework_rocket":242,"minecraft:water_bucket":2,"minecraft:oak_slab":0,"minecraft:red_concrete_powder":0,"minecraft:deepslate_iron_ore":0,"minecraft:mossy_cobblestone":1,"minecraft:minecart":4,"minecraft:cyan_dye":4,"minecraft:diamond_leggings":0,"minecraft:lead":18,"minecraft:spectral_arrow":12,"minecraft:copper_ingot":0,"minecraft:grass_block":7,"minecraft:stick":58,"minecraft:diorite":131,"minecraft:light_blue_stained_glass":0,"minecraft:brewing_stand":1,"minecraft:torch":67,"minecraft:smooth_quartz":0,"minecraft:brown_wool":0,"minecraft:iron_leggings":5,"minecraft:iron_axe":1,"minecraft:bucket":3,"minecraft:dandelion":3,"minecraft:redstone":199,"minecraft:red_concrete":1,"minecraft:nether_brick_slab":0,"minecraft:anvil":2,"minecraft:brown_dye":11,"minecraft:coarse_dirt":1,"minecraft:nether_wart":13,"minecraft:chiseled_quartz_block":0,"minecraft:mangrove_button":1,"minecraft:composter":1,"minecraft:raw_iron":0,"minecraft:iron_hoe":2,"minecraft:yellow_candle":1,"minecraft:ender_eye":0,"minecraft:red_terracotta":9,"minecraft:donkey_spawn_egg":1,"minecraft:crimson_button":2,"minecraft:filled_map":6,"minecraft:shield":5,"minecraft:black_concrete_powder":0,"minecraft:diamond_chestplate":2,"minecraft:orange_terracotta":3,"minecraft:iron_chestplate":6,"minecraft:warped_fence":0,"minecraft:cake":1,"minecraft:oak_boat":2,"minecraft:diamond_boots":5,"minecraft:slime_ball":12,"minecraft:beacon":1,"minecraft:stone_pickaxe":3,"minecraft:raw_gold":91},"minecraft:picked_up":{"minecraft:suspicious_stew":4,"minecraft:smithing_table":1,"minecraft:lead":70,"minecraft:stone_slab":1,"minecraft:enchanted_book":11,"minecraft:string":160,"minecraft:pufferfish":3,"minecraft:shroomlight":5,"minecraft:diamond_leggings":35,"minecraft:crimson_sign":5,"minecraft:jukebox":1,"minecraft:acacia_log":269,"minecraft:lightning_rod":1,"minecraft:golden_chestplate":7,"minecraft:stone_sword":20,"minecraft:honey_bottle":9,"minecraft:carved_pumpkin":16,"minecraft:glowstone":4,"minecraft:end_rod":1,"minecraft:blaze_rod":8,"minecraft:iron_bars":3,"minecraft:snowball":348,"minecraft:sponge":1,"minecraft:feather":25,"minecraft:cooked_beef":1519,"minecraft:water_bucket":5,"minecraft:dark_oak_boat":19,"minecraft:flint":10,"minecraft:lantern":29,"minecraft:stonecutter":4,"minecraft:diamond_helmet":48,"minecraft:rabbit":10,"minecraft:chiseled_polished_blackstone":11,"minecraft:birch_fence_gate":2,"minecraft:acacia_stairs":17,"minecraft:iron_hoe":2,"minecraft:lever":10,"minecraft:granite":239,"minecraft:horse_spawn_egg":3,"minecraft:golden_horse_armor":1,"minecraft:cyan_dye":4,"minecraft:diamond_pickaxe":10,"minecraft:crimson_roots":16,"minecraft:mud":62,"minecraft:clay_ball":48,"minecraft:leather_leggings":8,"minecraft:dragon_head":2,"minecraft:purpur_block":4,"minecraft:yellow_candle":4,"minecraft:heavy_weighted_pressure_plate":3,"minecraft:cornflower":5,"minecraft:elytra":15,"minecraft:acacia_door":24,"minecraft:flint_and_steel":10,"minecraft:white_carpet":13,"minecraft:netherite_sword":81,"minecraft:poppy":201,"minecraft:spruce_slab":4,"minecraft:minecart":67,"minecraft:piston":3,"minecraft:diamond_hoe":3,"minecraft:stone":395,"minecraft:netherite_pickaxe":11,"minecraft:diamond_chestplate":44,"minecraft:stone_shovel":18,"minecraft:purpur_slab":2,"minecraft:hay_block":3,"minecraft:totem_of_undying":23,"minecraft:mutton":48,"minecraft:rail":147,"minecraft:bone_block":5,"minecraft:oxeye_daisy":9,"minecraft:tripwire_hook":15,"minecraft:jungle_fence":1,"minecraft:red_glazed_terracotta":12,"minecraft:acacia_wood":5,"minecraft:packed_mud":3,"minecraft:lily_pad":16,"minecraft:paper":71,"minecraft:apple":270,"minecraft:warped_stem":20,"minecraft:spore_blossom":1,"minecraft:oak_fence_gate":1,"minecraft:stone_pickaxe":15,"minecraft:iron_ore":164,"minecraft:magenta_stained_glass":2,"minecraft:dark_oak_stairs":4,"minecraft:milk_bucket":4,"minecraft:sweet_berries":221,"minecraft:red_wool":24,"minecraft:light_blue_stained_glass":12,"minecraft:dragon_egg":1,"minecraft:leather_helmet":9,"minecraft:oak_wood":4,"minecraft:diamond_shovel":5,"minecraft:slime_ball":12,"minecraft:deepslate_redstone_ore":4,"minecraft:painting":6,"minecraft:birch_sign":1,"minecraft:baked_potato":960,"minecraft:black_carpet":2,"minecraft:nether_brick_fence":4,"minecraft:gilded_blackstone":14,"minecraft:red_candle":2,"minecraft:red_sand":3,"minecraft:comparator":3,"minecraft:bucket":5,"minecraft:white_tulip":2,"minecraft:rose_bush":2,"minecraft:ender_eye":1,"minecraft:iron_pickaxe":23,"minecraft:smooth_quartz":1,"minecraft:tipped_arrow":489,"minecraft:acacia_fence":48,"minecraft:spruce_stairs":1,"minecraft:crimson_button":2,"minecraft:netherite_shovel":6,"minecraft:diorite":449,"minecraft:rotten_flesh":362,"minecraft:mangrove_roots":23,"minecraft:obsidian":4,"minecraft:cobblestone":5415,"minecraft:leather_chestplate":5,"minecraft:muddy_mangrove_roots":18,"minecraft:lilac":4,"minecraft:andesite":571,"minecraft:black_bed":4,"minecraft:golden_leggings":5,"minecraft:potato":33,"minecraft:prismarine_bricks":6,"minecraft:dirt":6351,"minecraft:stripped_birch_log":2,"minecraft:name_tag":19,"minecraft:glass":256,"minecraft:bone":225,"minecraft:acacia_planks":606,"minecraft:granite_wall":13,"minecraft:bow":153,"minecraft:wheat_seeds":4336,"minecraft:popped_chorus_fruit":7,"minecraft:netherite_axe":9,"minecraft:mossy_stone_bricks":41,"minecraft:bamboo":226,"minecraft:prismarine":27,"minecraft:diorite_wall":14,"minecraft:grass_block":12,"minecraft:spectral_arrow":35,"minecraft:mossy_cobblestone":6,"minecraft:sugar":2,"minecraft:slime_block":2,"minecraft:netherite_helmet":34,"minecraft:soul_lantern":5,"minecraft:cracked_polished_blackstone_bricks":21,"minecraft:bone_meal":2,"minecraft:crossbow":45,"minecraft:golden_apple":162,"minecraft:emerald":579,"minecraft:netherrack":321,"minecraft:chorus_fruit":323,"minecraft:oak_leaves":156,"minecraft:azure_bluet":39,"minecraft:splash_potion":1,"minecraft:ladder":117,"minecraft:packed_ice":1,"minecraft:brown_mushroom":10,"minecraft:stone_brick_wall":7,"minecraft:shield":47,"minecraft:moss_carpet":51,"minecraft:blue_orchid":2,"minecraft:blackstone":135,"minecraft:end_stone":19,"minecraft:polished_blackstone_bricks":39,"minecraft:frog_spawn_egg":8,"minecraft:trident":6,"minecraft:brown_dye":1,"minecraft:stone_pressure_plate":3,"minecraft:weeping_vines":5,"minecraft:nether_bricks":52,"minecraft:pink_tulip":5,"minecraft:black_banner":3,"minecraft:skeleton_skull":2,"minecraft:netherite_boots":35,"minecraft:basalt":37,"minecraft:golden_carrot":141,"minecraft:leather":45,"minecraft:granite_stairs":4,"minecraft:crimson_fungus":12,"minecraft:cobblestone_wall":1,"minecraft:gunpowder":66,"minecraft:zombie_horse_spawn_egg":3,"minecraft:orange_terracotta":2,"minecraft:cooked_mutton":85,"minecraft:red_carpet":10,"minecraft:rabbit_hide":11,"minecraft:iron_ingot":1043,"minecraft:cooked_chicken":73,"minecraft:warped_fungus":3,"minecraft:stone_brick_slab":1,"minecraft:quartz":62,"minecraft:dandelion":80,"minecraft:soul_torch":23,"minecraft:spruce_door":7,"minecraft:pumpkin_seeds":8,"minecraft:terracotta":82,"minecraft:wooden_axe":8,"minecraft:iron_chestplate":17,"minecraft:prismarine_shard":32,"minecraft:anvil":3,"minecraft:diamond_sword":46,"minecraft:oak_stairs":49,"minecraft:wither_rose":4,"minecraft:golden_sword":2,"minecraft:soul_soil":15,"minecraft:cooked_salmon":1,"minecraft:gold_nugget":97,"minecraft:spruce_planks":13,"minecraft:acacia_sign":10,"minecraft:acacia_fence_gate":2,"minecraft:melon_slice":243,"minecraft:mangrove_log":21,"minecraft:dark_oak_door":2,"minecraft:white_glazed_terracotta":3,"minecraft:composter":1,"minecraft:sandstone_wall":3,"minecraft:rabbit_foot":1,"minecraft:black_dye":2,"minecraft:tropical_fish":18,"minecraft:iron_block":4,"minecraft:blue_dye":12,"minecraft:netherite_chestplate":46,"minecraft:birch_log":52,"minecraft:polished_diorite_slab":19,"minecraft:iron_door":14,"minecraft:jungle_log":46,"minecraft:jungle_wood":23,"minecraft:smoker":1,"minecraft:netherite_leggings":33,"minecraft:gray_concrete":2,"minecraft:disc_fragment_5":4,"minecraft:glowstone_dust":21,"minecraft:warped_wart_block":10,"minecraft:ink_sac":21,"minecraft:crimson_door":1,"minecraft:loom":1,"minecraft:dark_oak_log":13,"minecraft:red_terracotta":8,"minecraft:stripped_acacia_log":9,"minecraft:green_concrete":3,"minecraft:writable_book":20,"minecraft:chainmail_helmet":1,"minecraft:bread":532,"minecraft:dark_oak_fence":8,"minecraft:bricks":20,"minecraft:coarse_dirt":1,"minecraft:crafting_table":20,"minecraft:nether_wart":115,"minecraft:cat_spawn_egg":2,"minecraft:cracked_stone_bricks":25,"minecraft:respawn_anchor":1,"minecraft:beef":131,"minecraft:chest":11,"minecraft:egg":46,"minecraft:sandstone":48,"minecraft:oak_door":5,"minecraft:glow_item_frame":23,"minecraft:cake":3,"minecraft:carrot":27,"minecraft:redstone":1116,"minecraft:prismarine_crystals":8,"minecraft:tnt":11,"minecraft:cooked_cod":1,"minecraft:peony":2,"minecraft:shears":4,"minecraft:diamond_boots":46,"minecraft:sandstone_stairs":1,"minecraft:gold_ingot":31,"minecraft:glow_berries":5,"minecraft:white_wool":199,"minecraft:stripped_oak_log":6,"minecraft:red_mushroom":4,"minecraft:filled_map":10,"minecraft:oak_log":575,"minecraft:golden_boots":5,"minecraft:blue_bed":4,"minecraft:white_banner":56,"minecraft:stone_bricks":123,"minecraft:kelp":78,"minecraft:creeper_spawn_egg":2,"minecraft:glass_bottle":24,"minecraft:iron_sword":35,"minecraft:flowering_azalea":1,"minecraft:dark_oak_slab":12,"minecraft:yellow_concrete":1,"minecraft:gravel":44,"minecraft:spruce_sapling":12,"minecraft:spruce_log":12,"minecraft:firework_rocket":258,"minecraft:polished_diorite":5,"minecraft:stone_axe":8,"minecraft:diamond_axe":10,"minecraft:gray_wool":4,"minecraft:warped_roots":2,"minecraft:oak_button":7,"minecraft:melon_seeds":17,"minecraft:mangrove_propagule":14,"minecraft:ender_pearl":30,"minecraft:wheat":1076,"minecraft:potion":27,"minecraft:iron_leggings":14,"minecraft:oak_sign":3,"minecraft:activator_rail":16,"minecraft:redstone_torch":33,"minecraft:iron_boots":18,"minecraft:furnace":3,"minecraft:stick":141,"minecraft:brown_terracotta":52,"minecraft:oak_fence":56,"minecraft:torch":272,"minecraft:porkchop":63,"minecraft:pointed_dripstone":2,"minecraft:quartz_block":1,"minecraft:cactus":105,"minecraft:green_wool":7,"minecraft:cod":6,"minecraft:chiseled_quartz_block":8,"minecraft:tuff":15,"minecraft:acacia_boat":10,"minecraft:lapis_lazuli":240,"minecraft:leather_boots":4,"minecraft:pink_banner":2,"minecraft:cyan_candle":4,"minecraft:powered_rail":27,"minecraft:oak_planks":1393,"minecraft:pink_concrete":3,"minecraft:cooked_porkchop":91,"minecraft:axolotl_bucket":1,"minecraft:jungle_planks":189,"minecraft:sand":640,"minecraft:cyan_bed":1,"minecraft:orange_wool":2,"minecraft:skeleton_spawn_egg":1,"minecraft:black_concrete":4,"minecraft:diamond":23,"minecraft:polished_blackstone_button":2,"minecraft:oak_sapling":69,"minecraft:nether_star":1,"minecraft:cocoa_beans":120,"minecraft:allium":2,"minecraft:chicken":11,"minecraft:wooden_pickaxe":9,"minecraft:cooked_rabbit":1,"minecraft:gold_block":5,"minecraft:diamond_horse_armor":1,"minecraft:iron_axe":25,"minecraft:wooden_sword":5,"minecraft:oak_boat":23,"minecraft:sugar_cane":99,"minecraft:phantom_membrane":50,"minecraft:spruce_trapdoor":3,"minecraft:raw_iron":4,"minecraft:copper_ingot":2,"minecraft:bowl":7,"minecraft:stone_button":6,"minecraft:zombified_piglin_spawn_egg":2,"minecraft:iron_horse_armor":4,"minecraft:dark_oak_planks":60,"minecraft:arrow":4932,"minecraft:jungle_stairs":10,"minecraft:saddle":10,"minecraft:glow_ink_sac":1,"minecraft:crimson_stem":1,"minecraft:salmon":4,"minecraft:birch_planks":77,"minecraft:mushroom_stew":2,"minecraft:nether_wart_block":10,"minecraft:cobblestone_stairs":4,"minecraft:wooden_hoe":3,"minecraft:smooth_sandstone":10,"minecraft:heart_of_the_sea":3,"minecraft:soul_sand":6,"minecraft:acacia_sapling":48,"minecraft:book":92,"minecraft:oak_slab":16,"minecraft:scaffolding":67,"minecraft:pumpkin":13,"minecraft:birch_boat":14,"minecraft:white_bed":44,"minecraft:gold_ore":56,"minecraft:spider_eye":35,"minecraft:campfire":6,"minecraft:iron_helmet":11,"minecraft:red_concrete":2,"minecraft:acacia_slab":24,"minecraft:black_wool":3,"minecraft:coal":414},"minecraft:custom":{"minecraft:interact_with_crafting_table":378,"minecraft:damage_blocked_by_shield":3554,"minecraft:play_time":8932098,"minecraft:deaths":225,"minecraft:jump":114221,"minecraft:interact_with_cartography_table":1,"minecraft:interact_with_smoker":77,"minecraft:inspect_dispenser":6,"minecraft:horse_one_cm":10442544,"minecraft:interact_with_anvil":8,"minecraft:inspect_hopper":1,"minecraft:time_since_rest":27464,"minecraft:swim_one_cm":363052,"minecraft:open_chest":1686,"minecraft:open_shulker_box":7,"minecraft:talked_to_villager":489,"minecraft:interact_with_brewingstand":5,"minecraft:interact_with_campfire":32,"minecraft:damage_dealt_resisted":702,"minecraft:raid_win":4,"minecraft:boat_one_cm":7760206,"minecraft:damage_taken":140094,"minecraft:aviate_one_cm":4171111,"minecraft:open_barrel":75,"minecraft:bell_ring":188,"minecraft:eat_cake_slice":1,"minecraft:leave_game":214,"minecraft:time_since_death":271118,"minecraft:enchant_item":3,"minecraft:interact_with_furnace":294,"minecraft:traded_with_villager":504,"minecraft:sleep_in_bed":322,"minecraft:damage_dealt":119082,"minecraft:use_cauldron":2,"minecraft:interact_with_smithing_table":10,"minecraft:damage_dealt_absorbed":339,"minecraft:target_hit":88,"minecraft:sneak_time":224729,"minecraft:interact_with_lectern":1,"minecraft:interact_with_blast_furnace":5,"minecraft:total_world_time":6004211,"minecraft:interact_with_stonecutter":69,"minecraft:fly_one_cm":36465276,"minecraft:fish_caught":8,"minecraft:fall_one_cm":2131121,"minecraft:animals_bred":24,"minecraft:sprint_one_cm":24705165,"minecraft:drop":4101,"minecraft:walk_on_water_one_cm":768194,"minecraft:interact_with_loom":16,"minecraft:open_enderchest":2,"minecraft:player_kills":178,"minecraft:crouch_one_cm":391356,"minecraft:mob_kills":694,"minecraft:climb_one_cm":926023,"minecraft:walk_one_cm":23449335,"minecraft:strider_one_cm":400,"minecraft:walk_under_water_one_cm":912492,"minecraft:raid_trigger":1,"minecraft:pot_flower":3,"minecraft:interact_with_grindstone":3,"minecraft:damage_absorbed":1130,"minecraft:trigger_trapped_chest":5,"minecraft:minecart_one_cm":630658}},"DataVersion":3218}