{"stats":{"minecraft:killed_by":{"minecraft:creeper":2,"minecraft:pillager":1,"minecraft:zombie":1,"minecraft:player":14,"minecraft:iron_golem":1,"minecraft:phantom":1,"minecraft:skeleton":2},"minecraft:used":{"minecraft:peony":39,"minecraft:moss_block":12,"minecraft:writable_book":18,"minecraft:red_sand":10,"minecraft:iron_shovel":4,"minecraft:smooth_quartz_slab":1,"minecraft:spruce_slab":149,"minecraft:bone_block":7,"minecraft:ladder":44,"minecraft:poppy":5,"minecraft:oak_sign":12,"minecraft:mangrove_button":5,"minecraft:black_carpet":2,"minecraft:white_concrete_powder":19,"minecraft:chest":139,"minecraft:donkey_spawn_egg":2,"minecraft:stone":3940,"minecraft:brown_concrete":14,"minecraft:iron_sword":54,"minecraft:zombie_spawn_egg":2,"minecraft:bell":6,"minecraft:quartz_stairs":9,"minecraft:grass":27,"minecraft:farmland":9,"minecraft:rotten_flesh":2,"minecraft:iron_chestplate":1,"minecraft:white_candle":50,"minecraft:soul_campfire":8,"minecraft:pink_candle":2,"minecraft:blue_stained_glass":1,"minecraft:acacia_sapling":4,"minecraft:acacia_button":24,"minecraft:beehive":4,"minecraft:axolotl_bucket":5,"minecraft:obsidian":41,"minecraft:jungle_sapling":21,"minecraft:frog_spawn_egg":41,"minecraft:glass":44,"minecraft:crimson_button":6,"minecraft:netherite_shovel":21,"minecraft:quartz_slab":22,"minecraft:lantern":184,"minecraft:grass_block":1189,"minecraft:green_wool":23,"minecraft:quartz_block":19,"minecraft:dark_oak_leaves":53,"minecraft:tropical_fish_spawn_egg":12,"minecraft:hopper_minecart":1,"minecraft:diorite_wall":11,"minecraft:pink_wool":86,"minecraft:stone_brick_stairs":625,"minecraft:stone_bricks":910,"minecraft:item_frame":79,"minecraft:slime_spawn_egg":1,"minecraft:golden_sword":78,"minecraft:birch_trapdoor":2,"minecraft:repeater":30,"minecraft:red_carpet":15,"minecraft:redstone_lamp":52,"minecraft:infested_mossy_stone_bricks":4,"minecraft:bow":38,"minecraft:brown_carpet":14,"minecraft:hay_block":22,"minecraft:oak_sapling":2,"minecraft:furnace":13,"minecraft:acacia_fence":384,"minecraft:pearlescent_froglight":57,"minecraft:diorite":2,"minecraft:end_rod":27,"minecraft:brick_wall":5,"minecraft:spruce_door":4,"minecraft:stripped_acacia_log":320,"minecraft:red_stained_glass":3,"minecraft:acacia_trapdoor":151,"minecraft:dark_oak_sign":2,"minecraft:oak_planks":172,"minecraft:polished_diorite_slab":2,"minecraft:lime_concrete_powder":52,"minecraft:wooden_pickaxe":82,"minecraft:redstone_block":2,"minecraft:composter":12,"minecraft:diamond_axe":26,"minecraft:smooth_quartz_stairs":27,"minecraft:oak_leaves":45,"minecraft:white_wool":5,"minecraft:glow_berries":42,"minecraft:dark_oak_trapdoor":2,"minecraft:golden_hoe":84,"minecraft:sand":31,"minecraft:purpur_stairs":26,"minecraft:light_blue_concrete":6,"minecraft:loom":22,"minecraft:dead_bubble_coral":8,"minecraft:black_banner":20,"minecraft:acacia_leaves":5,"minecraft:yellow_concrete":11,"minecraft:crossbow":33,"minecraft:note_block":37,"minecraft:blackstone_wall":8,"minecraft:chiseled_quartz_block":4,"minecraft:stone_brick_wall":483,"minecraft:gray_concrete":207,"minecraft:shears":6,"minecraft:purple_concrete_powder":6,"minecraft:sticky_piston":15,"minecraft:lever":14,"minecraft:green_concrete":99,"minecraft:black_concrete":99,"minecraft:daylight_detector":3,"minecraft:acacia_door":26,"minecraft:mangrove_door":1,"minecraft:heavy_weighted_pressure_plate":3,"minecraft:bread":14,"minecraft:cyan_carpet":2,"minecraft:string":23,"minecraft:stone_button":2,"minecraft:spore_blossom":6,"minecraft:lectern":6,"minecraft:iron_door":2,"minecraft:cat_spawn_egg":4,"minecraft:flowering_azalea_leaves":34,"minecraft:lilac":51,"minecraft:polished_andesite_slab":11,"minecraft:soul_lantern":5,"minecraft:jungle_sign":3,"minecraft:coal_block":10,"minecraft:light_blue_concrete_powder":12,"minecraft:dead_horn_coral_fan":11,"minecraft:crimson_door":11,"minecraft:andesite":13,"minecraft:chain":110,"minecraft:pink_stained_glass":77,"minecraft:smooth_stone_slab":137,"minecraft:tropical_fish_bucket":4,"minecraft:white_concrete":63,"minecraft:bone_meal":98,"minecraft:cobweb":1,"minecraft:oak_trapdoor":198,"minecraft:oak_fence":239,"minecraft:stripped_acacia_wood":405,"minecraft:petrified_oak_slab":2,"minecraft:orange_concrete_powder":13,"minecraft:netherite_sword":103,"minecraft:jungle_leaves":77,"minecraft:rose_bush":17,"minecraft:enchanting_table":1,"minecraft:stone_sword":95,"minecraft:acacia_log":164,"minecraft:orange_concrete":24,"minecraft:flint_and_steel":19,"minecraft:carved_pumpkin":18,"minecraft:red_concrete":32,"minecraft:armor_stand":16,"minecraft:redstone":82,"minecraft:stone_shovel":22,"minecraft:pufferfish_spawn_egg":11,"minecraft:silverfish_spawn_egg":2,"minecraft:spruce_planks":84,"minecraft:tinted_glass":31,"minecraft:wooden_shovel":4,"minecraft:oak_door":11,"minecraft:torch":120,"minecraft:orange_stained_glass":3,"minecraft:brewing_stand":16,"minecraft:dirt":2474,"minecraft:anvil":11,"minecraft:white_carpet":75,"minecraft:hopper":3,"minecraft:spruce_stairs":130,"minecraft:cobblestone_wall":2,"minecraft:stone_stairs":350,"minecraft:glow_lichen":14,"minecraft:pink_dye":8,"minecraft:light_blue_stained_glass":4,"minecraft:pink_carpet":42,"minecraft:spruce_fence":28,"minecraft:granite":28,"minecraft:blue_concrete":1,"minecraft:oak_fence_gate":7,"minecraft:fern":1,"minecraft:stone_brick_slab":407,"minecraft:sea_lantern":134,"minecraft:flowering_azalea":6,"minecraft:light_gray_stained_glass":84,"minecraft:bookshelf":31,"minecraft:yellow_stained_glass":5,"minecraft:filled_map":3,"minecraft:iron_block":74,"minecraft:oak_stairs":172,"minecraft:slime_block":23,"minecraft:acacia_slab":83,"minecraft:smooth_quartz":396,"minecraft:barrel":226,"minecraft:yellow_concrete_powder":7,"minecraft:diamond_chestplate":1,"minecraft:tripwire_hook":7,"minecraft:purple_concrete":20,"minecraft:glowstone":54,"minecraft:lime_concrete":55,"minecraft:waxed_cut_copper_slab":2,"minecraft:tall_grass":20,"minecraft:wolf_spawn_egg":3,"minecraft:lime_stained_glass":5,"minecraft:minecart":6,"minecraft:netherite_pickaxe":4,"minecraft:trapped_chest":24,"minecraft:crimson_pressure_plate":3,"minecraft:stone_pressure_plate":2,"minecraft:cooked_beef":12,"minecraft:acacia_planks":738,"minecraft:observer":138,"minecraft:mossy_stone_brick_wall":7,"minecraft:hanging_roots":4,"minecraft:iron_leggings":1,"minecraft:calcite":24,"minecraft:wheat_seeds":165,"minecraft:cooked_mutton":3,"minecraft:water_bucket":94,"minecraft:dirt_path":2,"minecraft:lead":40,"minecraft:polished_andesite":10,"minecraft:baked_potato":10,"minecraft:lime_wool":354,"minecraft:blue_wool":1,"minecraft:pink_banner":7,"minecraft:spruce_sign":37,"minecraft:cauldron":6,"minecraft:magenta_stained_glass":3,"minecraft:glow_ink_sac":9,"minecraft:cobblestone_slab":849,"minecraft:beacon":3,"minecraft:spruce_fence_gate":52,"minecraft:horse_spawn_egg":8,"minecraft:pink_concrete":644,"minecraft:glow_item_frame":40,"minecraft:polished_blackstone_pressure_plate":3,"minecraft:diamond_block":40,"minecraft:rabbit_spawn_egg":20,"minecraft:rail":3,"minecraft:vine":52,"minecraft:oak_slab":19,"minecraft:crafting_table":8,"minecraft:green_dye":1,"minecraft:crimson_trapdoor":2,"minecraft:birch_sign":2,"minecraft:campfire":36,"minecraft:painting":71,"minecraft:infested_stone_bricks":756,"minecraft:spruce_log":1,"minecraft:cake":4,"minecraft:smoker":6,"minecraft:oak_log":212,"minecraft:purple_stained_glass":6,"minecraft:piston":7,"minecraft:diamond_pickaxe":10,"minecraft:activator_rail":1,"minecraft:flower_pot":61,"minecraft:acacia_stairs":1066,"minecraft:black_wool":6,"minecraft:apple":9,"minecraft:acacia_sign":19,"minecraft:iron_pickaxe":3,"minecraft:oak_button":31,"minecraft:spruce_pressure_plate":14,"minecraft:cyan_concrete":1,"minecraft:magenta_concrete":4,"minecraft:stone_slab":85,"minecraft:spruce_trapdoor":62,"minecraft:magenta_concrete_powder":4,"minecraft:spruce_sapling":1,"minecraft:yellow_wool":38,"minecraft:acacia_fence_gate":96,"minecraft:crimson_sign":15,"minecraft:pink_bed":12,"minecraft:chiseled_stone_bricks":1,"minecraft:cobblestone":85,"minecraft:potion":1,"minecraft:azalea_leaves":9,"minecraft:crimson_stairs":15,"minecraft:red_concrete_powder":26,"minecraft:white_banner":26,"minecraft:red_banner":11,"minecraft:bucket":17,"minecraft:glass_pane":3,"minecraft:polished_blackstone_button":2,"minecraft:stripped_oak_log":259,"minecraft:purple_carpet":1,"minecraft:sculk_vein":5,"minecraft:smooth_stone":1,"minecraft:candle":12},"minecraft:broken":{"minecraft:wooden_pickaxe":1},"minecraft:picked_up":{"minecraft:iron_chestplate":1,"minecraft:wheat":74,"minecraft:iron_trapdoor":2,"minecraft:lead":19,"minecraft:enchanted_book":1,"minecraft:string":8,"minecraft:dark_oak_trapdoor":3,"minecraft:iron_leggings":4,"minecraft:armor_stand":3,"minecraft:pufferfish":2,"minecraft:bucket":1,"minecraft:acacia_sign":1,"minecraft:acacia_fence_gate":1,"minecraft:rose_bush":7,"minecraft:cobblestone_slab":1,"minecraft:iron_pickaxe":5,"minecraft:melon_slice":1,"minecraft:iron_boots":1,"minecraft:beehive":1,"minecraft:stick":8,"minecraft:spruce_pressure_plate":3,"minecraft:golden_helmet":1,"minecraft:acacia_fence":2,"minecraft:oak_fence":2,"minecraft:torch":32,"minecraft:spruce_stairs":1,"minecraft:porkchop":3,"minecraft:crimson_button":1,"minecraft:lightning_rod":1,"minecraft:diorite":64,"minecraft:warped_planks":1,"minecraft:rabbit_foot":1,"minecraft:cauldron":1,"minecraft:brown_carpet":4,"minecraft:stone_sword":13,"minecraft:rotten_flesh":13,"minecraft:end_rod":2,"minecraft:cobblestone":33,"minecraft:birch_log":2,"minecraft:cooked_beef":202,"minecraft:lilac":4,"minecraft:water_bucket":1,"minecraft:potato":2,"minecraft:flint":2,"minecraft:gray_concrete":1,"minecraft:dirt":41,"minecraft:lantern":22,"minecraft:name_tag":1,"minecraft:bone":4,"minecraft:bow":4,"minecraft:wheat_seeds":228,"minecraft:pink_banner":66,"minecraft:dark_oak_sign":1,"minecraft:netherite_axe":2,"minecraft:rabbit":4,"minecraft:pink_stained_glass":3,"minecraft:pink_concrete":1,"minecraft:stripped_acacia_wood":4,"minecraft:jungle_planks":64,"minecraft:crimson_door":5,"minecraft:grass_block":1,"minecraft:barrel":1,"minecraft:white_candle":1,"minecraft:spruce_fence_gate":1,"minecraft:black_concrete":1,"minecraft:slime_block":36,"minecraft:writable_book":3,"minecraft:lever":3,"minecraft:polished_blackstone_button":5,"minecraft:crossbow":4,"minecraft:granite":5,"minecraft:bone_meal":1,"minecraft:emerald":253,"minecraft:spruce_sign":5,"minecraft:horse_spawn_egg":1,"minecraft:golden_horse_armor":1,"minecraft:bread":123,"minecraft:oak_sapling":2,"minecraft:mangrove_button":3,"minecraft:ladder":1,"minecraft:wooden_pickaxe":1,"minecraft:pink_wool":251,"minecraft:acacia_button":1,"minecraft:chain":1,"minecraft:pink_candle":2,"minecraft:oak_trapdoor":1,"minecraft:cat_spawn_egg":2,"minecraft:acacia_door":5,"minecraft:item_frame":6,"minecraft:white_carpet":2,"minecraft:netherite_sword":2,"minecraft:jungle_sapling":1,"minecraft:sugar_cane":2,"minecraft:poppy":19,"minecraft:tinted_glass":1,"minecraft:minecart":1,"minecraft:quartz_stairs":1,"minecraft:birch_sapling":4,"minecraft:diamond_hoe":1,"minecraft:egg":1,"minecraft:lime_wool":1,"minecraft:stone":2,"minecraft:oak_door":1,"minecraft:note_block":1,"minecraft:stone_button":1,"minecraft:carrot":16,"minecraft:redstone":1,"minecraft:blue_concrete_powder":7,"minecraft:arrow":392,"minecraft:peony":1,"minecraft:diamond_boots":1,"minecraft:pink_tulip":213,"minecraft:gold_ingot":384,"minecraft:saddle":2,"minecraft:black_banner":2,"minecraft:glow_berries":2,"minecraft:mutton":3,"minecraft:stripped_oak_log":3,"minecraft:clock":1,"minecraft:tripwire_hook":2,"minecraft:glow_ink_sac":1,"minecraft:salmon":6,"minecraft:leather":9,"minecraft:fern":2,"minecraft:filled_map":2,"minecraft:oak_log":5,"minecraft:gunpowder":2,"minecraft:diorite_stairs":1,"minecraft:white_banner":3,"minecraft:cooked_mutton":50,"minecraft:red_carpet":2,"minecraft:stone_bricks":3,"minecraft:apple":38,"minecraft:acacia_trapdoor":3,"minecraft:rabbit_hide":4,"minecraft:yellow_stained_glass":1,"minecraft:iron_ingot":7,"minecraft:acacia_sapling":1,"minecraft:iron_sword":2,"minecraft:flowering_azalea":3,"minecraft:scaffolding":6,"minecraft:red_concrete_powder":5,"minecraft:stone_brick_slab":3,"minecraft:dandelion":2,"minecraft:gravel":5,"minecraft:crimson_stairs":1,"minecraft:spruce_sapling":1,"minecraft:spruce_door":1,"minecraft:stone_axe":3,"minecraft:iron_helmet":3,"minecraft:painting":1,"minecraft:diamond_axe":3,"minecraft:oak_button":12,"minecraft:baked_potato":95,"minecraft:melon_seeds":3,"minecraft:pink_dye":3},"minecraft:custom":{"minecraft:interact_with_crafting_table":1,"minecraft:open_barrel":117,"minecraft:bell_ring":2,"minecraft:leave_game":94,"minecraft:time_since_death":562858,"minecraft:sprint_one_cm":256468,"minecraft:drop":240,"minecraft:talked_to_villager":1,"minecraft:play_time":4186998,"minecraft:deaths":27,"minecraft:jump":14222,"minecraft:walk_on_water_one_cm":196125,"minecraft:enchant_item":4,"minecraft:interact_with_furnace":3,"minecraft:interact_with_loom":14,"minecraft:sleep_in_bed":8,"minecraft:damage_dealt":13157,"minecraft:interact_with_beacon":5,"minecraft:player_kills":5,"minecraft:crouch_one_cm":44799,"minecraft:interact_with_smoker":3,"minecraft:horse_one_cm":427337,"minecraft:mob_kills":48,"minecraft:interact_with_anvil":14,"minecraft:inspect_hopper":13,"minecraft:fill_cauldron":2,"minecraft:interact_with_campfire":8,"minecraft:climb_one_cm":52986,"minecraft:walk_one_cm":7168519,"minecraft:sneak_time":125919,"minecraft:walk_under_water_one_cm":201814,"minecraft:interact_with_lectern":20,"minecraft:total_world_time":4186998,"minecraft:tune_noteblock":74,"minecraft:pot_flower":27,"minecraft:interact_with_grindstone":1,"minecraft:time_since_rest":562878,"minecraft:damage_taken":12113,"minecraft:trigger_trapped_chest":2,"minecraft:minecart_one_cm":2965,"minecraft:fly_one_cm":13958073,"minecraft:pig_one_cm":660,"minecraft:open_chest":135,"minecraft:fall_one_cm":209359},"minecraft:killed":{"minecraft:spider":1,"minecraft:pufferfish":1,"minecraft:skeleton":5,"minecraft:bee":1,"minecraft:chicken":1,"minecraft:axolotl":1,"minecraft:cat":8,"minecraft:wolf":1,"minecraft:pig":1,"minecraft:iron_golem":3,"minecraft:creeper":1,"minecraft:pillager":3,"minecraft:zombie":4,"minecraft:slime":2,"minecraft:horse":2,"minecraft:rabbit":2,"minecraft:frog":10,"minecraft:enderman":1},"minecraft:mined":{"minecraft:granite":5,"minecraft:grass_block":4,"minecraft:dark_oak_trapdoor":2,"minecraft:fire":1,"minecraft:white_banner":1,"minecraft:poppy":3,"minecraft:sugar_cane":1,"minecraft:seagrass":3,"minecraft:birch_log":2,"minecraft:wheat":1,"minecraft:lilac":1,"minecraft:grass":30,"minecraft:oak_log":4,"minecraft:dirt":11,"minecraft:oak_leaves":45,"minecraft:pink_wool":1,"minecraft:red_concrete_powder":1,"minecraft:lantern":1,"minecraft:crimson_door":1,"minecraft:stone":30,"minecraft:rose_bush":1,"minecraft:tall_grass":7,"minecraft:birch_leaves":2,"minecraft:gravel":4,"minecraft:acacia_wall_sign":1},"minecraft:crafted":{"minecraft:oak_planks":4,"minecraft:crafting_table":1,"minecraft:wooden_pickaxe":1},"minecraft:dropped":{"minecraft:spruce_sign":1,"minecraft:pink_stained_glass":1,"minecraft:glow_ink_sac":1,"minecraft:cooked_beef":2,"minecraft:oak_log":1,"minecraft:baked_potato":2,"minecraft:crossbow":1,"minecraft:item_frame":1,"minecraft:emerald":23,"minecraft:dirt":6,"minecraft:gray_concrete":1,"minecraft:mutton":3,"minecraft:dark_oak_trapdoor":1,"minecraft:chain":1,"minecraft:acacia_fence_gate":1,"minecraft:bone_meal":1,"minecraft:iron_pickaxe":1,"minecraft:black_concrete":1,"minecraft:cauldron":1,"minecraft:armor_stand":2,"minecraft:oak_door":1,"minecraft:pink_concrete":1,"minecraft:note_block":1,"minecraft:sugar_cane":2,"minecraft:tinted_glass":1,"minecraft:pink_dye":1,"minecraft:netherite_sword":1,"minecraft:wheat":1,"minecraft:lime_wool":1,"minecraft:oak_planks":1,"minecraft:fern":2,"minecraft:yellow_stained_glass":1,"minecraft:acacia_stairs":1,"minecraft:salmon":5,"minecraft:warped_planks":1,"minecraft:carrot":15,"minecraft:poppy":12,"minecraft:glass":1,"minecraft:bread":4,"minecraft:vine":1,"minecraft:wheat_seeds":4,"minecraft:clock":1,"minecraft:minecart":1,"minecraft:oak_fence":2,"minecraft:lead":1,"minecraft:apple":2,"minecraft:spruce_stairs":1,"minecraft:spruce_door":1,"minecraft:acacia_trapdoor":4,"minecraft:polished_blackstone_button":1,"minecraft:spruce_fence_gate":1,"minecraft:acacia_sign":1,"minecraft:iron_trapdoor":1,"minecraft:rose_bush":3,"minecraft:melon_slice":1,"minecraft:potion":1,"minecraft:iron_leggings":1,"minecraft:pink_banner":1,"minecraft:white_banner":1,"minecraft:stone_brick_slab":3,"minecraft:pink_tulip":64,"minecraft:oak_trapdoor":1,"minecraft:stripped_oak_log":3,"minecraft:slime_block":9,"minecraft:name_tag":1,"minecraft:stripped_acacia_wood":1,"minecraft:filled_map":1,"minecraft:potato":1,"minecraft:cobblestone_slab":1,"minecraft:stone":4,"minecraft:pink_wool":3,"minecraft:quartz_stairs":1,"minecraft:cat_spawn_egg":2,"minecraft:stone_bricks":3,"minecraft:barrel":2,"minecraft:brown_carpet":2,"minecraft:stripped_acacia_log":1,"minecraft:bow":1,"minecraft:horse_spawn_egg":1}},"DataVersion":3117}