{"stats":{"minecraft:killed":{"minecraft:skeleton":1},"minecraft:used":{"minecraft:grass_block":1},"minecraft:custom":{"minecraft:jump":82,"minecraft:time_since_rest":164114,"minecraft:damage_dealt":30,"minecraft:crouch_one_cm":50,"minecraft:leave_game":30,"minecraft:sprint_one_cm":2191,"minecraft:play_time":164114,"minecraft:time_since_death":164114,"minecraft:walk_on_water_one_cm":1760,"minecraft:walk_one_cm":25880,"minecraft:sneak_time":860,"minecraft:total_world_time":164114,"minecraft:walk_under_water_one_cm":25606,"minecraft:mob_kills":1,"minecraft:fall_one_cm":9022,"minecraft:fly_one_cm":366791},"minecraft:picked_up":{"minecraft:bone":2}},"DataVersion":3117}