{"stats":{"minecraft:dropped":{"minecraft:golden_sword":1,"minecraft:black_concrete":1,"minecraft:grass_block":2},"minecraft:killed":{"minecraft:sheep":1},"minecraft:used":{"minecraft:black_wool":62,"minecraft:black_concrete":153,"minecraft:quartz_slab":5,"minecraft:red_wool":104,"minecraft:red_concrete":86,"minecraft:grass_block":40,"minecraft:lime_wool":4,"minecraft:quartz_block":68,"minecraft:white_terracotta":30,"minecraft:cut_sandstone":2,"minecraft:red_mushroom_block":15,"minecraft:smooth_quartz":5,"minecraft:pink_wool":25,"minecraft:rotten_flesh":1,"minecraft:yellow_wool":16,"minecraft:white_wool":11,"minecraft:pink_concrete":20,"minecraft:golden_sword":4,"minecraft:bow":57,"minecraft:lime_concrete":1,"minecraft:yellow_concrete":2,"minecraft:deepslate_tile_slab":8,"minecraft:orange_wool":2,"minecraft:chiseled_quartz_block":3,"minecraft:polished_blackstone_button":2,"minecraft:egg":11,"minecraft:white_concrete":53,"minecraft:purple_wool":17,"minecraft:cobweb":6},"minecraft:custom":{"minecraft:time_since_rest":95769,"minecraft:sprint_one_cm":6427,"minecraft:damage_taken":1347,"minecraft:walk_one_cm":330423,"minecraft:mob_kills":1,"minecraft:drop":4,"minecraft:damage_dealt":389,"minecraft:fly_one_cm":845115,"minecraft:open_chest":4,"minecraft:crouch_one_cm":2310,"minecraft:play_time":125448,"minecraft:deaths":4,"minecraft:sneak_time":3642,"minecraft:walk_under_water_one_cm":7663,"minecraft:jump":683,"minecraft:leave_game":16,"minecraft:walk_on_water_one_cm":15139,"minecraft:time_since_death":95749,"minecraft:climb_one_cm":3560,"minecraft:total_world_time":125448,"minecraft:fall_one_cm":3214},"minecraft:killed_by":{"minecraft:player":2,"minecraft:skeleton":1,"minecraft:creeper":1},"minecraft:picked_up":{"minecraft:tipped_arrow":5,"minecraft:lime_wool":1,"minecraft:torch":2,"minecraft:gold_block":1,"minecraft:sand":13,"minecraft:golden_sword":1,"minecraft:grass_block":3,"minecraft:spectral_arrow":4,"minecraft:quartz_block":1,"minecraft:arrow":50,"minecraft:rotten_flesh":1,"minecraft:bow":2,"minecraft:black_concrete":1,"minecraft:wheat_seeds":1,"minecraft:polished_blackstone_button":1,"minecraft:black_wool":1,"minecraft:mutton":2}},"DataVersion":3337}