{"stats":{"minecraft:used":{"minecraft:redstone_torch":11,"minecraft:lever":4,"minecraft:iron_bars":74,"minecraft:lantern":7,"minecraft:grass_block":13,"minecraft:bone_block":330,"minecraft:iron_door":6,"minecraft:quartz_stairs":4,"minecraft:diamond_sword":25,"minecraft:soul_sand":299,"minecraft:bow":132,"minecraft:soul_soil":78,"minecraft:campfire":16},"minecraft:killed_by":{"minecraft:player":2},"minecraft:dropped":{"minecraft:lantern":1,"minecraft:bow":1},"minecraft:mined":{"minecraft:fire":1},"minecraft:custom":{"minecraft:time_since_rest":13727,"minecraft:sprint_one_cm":943,"minecraft:damage_taken":531,"minecraft:walk_one_cm":115426,"minecraft:mob_kills":19,"minecraft:drop":2,"minecraft:damage_dealt":689,"minecraft:fly_one_cm":1393742,"minecraft:player_kills":1,"minecraft:open_chest":3,"minecraft:crouch_one_cm":1807,"minecraft:play_time":183045,"minecraft:deaths":2,"minecraft:sneak_time":5745,"minecraft:walk_under_water_one_cm":3669,"minecraft:jump":245,"minecraft:leave_game":3,"minecraft:time_since_death":13707,"minecraft:walk_on_water_one_cm":1122,"minecraft:climb_one_cm":151,"minecraft:total_world_time":183045,"minecraft:fall_one_cm":1437},"minecraft:killed":{"minecraft:sheep":2,"minecraft:skeleton":2,"minecraft:wolf":1,"minecraft:parrot":1,"minecraft:pig":3,"minecraft:zombified_piglin":3,"minecraft:chicken":3,"minecraft:ghast":1,"minecraft:creeper":1,"minecraft:enderman":1},"minecraft:picked_up":{"minecraft:gunpowder":1,"minecraft:lantern":1,"minecraft:soul_soil":15,"minecraft:bow":1,"minecraft:bone_block":4}},"DataVersion":2865}