{"stats":{"minecraft:broken":{"minecraft:leather_leggings":1},"minecraft:used":{"minecraft:leather_leggings":2,"minecraft:iron_helmet":1,"minecraft:iron_sword":55,"minecraft:iron_boots":1,"minecraft:iron_chestplate":1,"minecraft:dirt":1,"minecraft:bow":138,"minecraft:cooked_beef":1},"minecraft:killed":{"minecraft:skeleton":1,"minecraft:chicken":1},"minecraft:killed_by":{"minecraft:player":16,"minecraft:skeleton":1},"minecraft:dropped":{"minecraft:wheat":0},"minecraft:custom":{"minecraft:time_since_rest":3068,"minecraft:sprint_one_cm":42963,"minecraft:damage_taken":5254,"minecraft:walk_one_cm":695411,"minecraft:mob_kills":2,"minecraft:drop":2,"minecraft:damage_dealt":786,"minecraft:fly_one_cm":15803,"minecraft:player_kills":6,"minecraft:open_chest":12,"minecraft:crouch_one_cm":148,"minecraft:play_time":95405,"minecraft:deaths":19,"minecraft:sneak_time":78,"minecraft:bell_ring":40,"minecraft:walk_under_water_one_cm":428,"minecraft:jump":486,"minecraft:leave_game":2,"minecraft:walk_on_water_one_cm":2778,"minecraft:time_since_death":3048,"minecraft:climb_one_cm":26693,"minecraft:total_world_time":95405,"minecraft:fall_one_cm":16090},"minecraft:mined":{"minecraft:wheat":3,"minecraft:grass":2,"minecraft:acacia_log":1,"minecraft:grass_block":4,"minecraft:dirt":1,"minecraft:tall_grass":3},"minecraft:picked_up":{"minecraft:wheat":3,"minecraft:feather":1,"minecraft:chicken":1,"minecraft:acacia_log":1,"minecraft:dirt":6,"minecraft:bone":3,"minecraft:rotten_flesh":1,"minecraft:wheat_seeds":13,"minecraft:glowstone_dust":4}},"DataVersion":2730}