{"stats":{"minecraft:used":{"minecraft:wheat_seeds":1,"minecraft:wooden_hoe":1,"minecraft:acacia_sign":4,"minecraft:iron_axe":26,"minecraft:bread":13,"minecraft:chest":2,"minecraft:sweet_berries":3,"minecraft:crafting_table":2,"minecraft:acacia_sapling":1,"minecraft:iron_leggings":1},"minecraft:picked_up":{"minecraft:birch_log":3,"minecraft:stick":2,"minecraft:crafting_table":2,"minecraft:wheat":1,"minecraft:sweet_berries":7,"minecraft:leather":1,"minecraft:acacia_log":17,"minecraft:dirt":1,"minecraft:wheat_seeds":2,"minecraft:hay_block":1,"minecraft:iron_ingot":44,"minecraft:beef":5,"minecraft:acacia_sapling":1},"minecraft:custom":{"minecraft:time_since_rest":31843,"minecraft:sprint_one_cm":121710,"minecraft:damage_taken":510,"minecraft:walk_one_cm":57697,"minecraft:mob_kills":3,"minecraft:interact_with_anvil":1,"minecraft:animals_bred":2,"minecraft:inspect_hopper":1,"minecraft:damage_dealt":390,"minecraft:talked_to_villager":3,"minecraft:swim_one_cm":1299,"minecraft:interact_with_crafting_table":8,"minecraft:fly_one_cm":136881,"minecraft:open_barrel":4,"minecraft:open_chest":35,"minecraft:crouch_one_cm":1311,"minecraft:play_time":31843,"minecraft:sneak_time":529,"minecraft:walk_under_water_one_cm":31822,"minecraft:boat_one_cm":5037,"minecraft:jump":554,"minecraft:leave_game":3,"minecraft:walk_on_water_one_cm":3506,"minecraft:time_since_death":31843,"minecraft:total_world_time":31843,"minecraft:climb_one_cm":200,"minecraft:fall_one_cm":14552,"minecraft:inspect_dispenser":3},"minecraft:killed":{"minecraft:cow":3},"minecraft:crafted":{"minecraft:iron_chestplate":1,"minecraft:iron_boots":1,"minecraft:wooden_hoe":1,"minecraft:acacia_sign":27,"minecraft:iron_axe":1,"minecraft:crafting_table":1,"minecraft:stick":28,"minecraft:iron_helmet":1,"minecraft:chest":2,"minecraft:iron_leggings":1,"minecraft:acacia_planks":68,"minecraft:birch_planks":12,"minecraft:wheat":9},"minecraft:mined":{"minecraft:hay_block":1,"minecraft:acacia_leaves":6,"minecraft:birch_log":3,"minecraft:crafting_table":2,"minecraft:grass":3,"minecraft:acacia_log":17,"minecraft:dirt_path":1,"minecraft:tall_grass":1}},"DataVersion":3105}