{"stats":{"minecraft:crafted":{"minecraft:diamond_shovel":1,"minecraft:cooked_mutton":65,"minecraft:glass":191,"minecraft:diamond_helmet":2,"minecraft:diamond_leggings":3,"minecraft:cooked_rabbit":5,"minecraft:wooden_shovel":1,"minecraft:emerald":586,"minecraft:cooked_porkchop":20,"minecraft:diamond_axe":3,"minecraft:campfire":3,"minecraft:iron_pickaxe":8,"minecraft:acacia_door":12,"minecraft:stone_shovel":7,"minecraft:iron_nugget":108,"minecraft:diamond_hoe":3,"minecraft:lantern":13,"minecraft:ladder":12,"minecraft:stone_pickaxe":13,"minecraft:diamond_boots":2,"minecraft:wheat":27,"minecraft:crossbow":2,"minecraft:enchanted_book":10,"minecraft:oak_stairs":20,"minecraft:wooden_axe":3,"minecraft:iron_shovel":3,"minecraft:iron_leggings":4,"minecraft:white_bed":4,"minecraft:brick":149,"minecraft:oak_planks":278,"minecraft:cooked_chicken":9,"minecraft:stone":18,"minecraft:stone_brick_slab":6,"minecraft:bow":6,"minecraft:iron_boots":3,"minecraft:chest":10,"minecraft:bricks":58,"minecraft:stone_hoe":6,"minecraft:oak_fence":17,"minecraft:golden_boots":3,"minecraft:oak_slab":18,"minecraft:acacia_wood":123,"minecraft:arrow":160,"minecraft:crafting_table":2,"minecraft:wooden_pickaxe":1,"minecraft:baked_potato":21,"minecraft:iron_helmet":4,"minecraft:iron_chestplate":5,"minecraft:book":9,"minecraft:paper":594,"minecraft:diamond_pickaxe":1,"minecraft:charcoal":21,"minecraft:shield":1,"minecraft:stick":202,"minecraft:iron_ingot":48,"minecraft:stone_sword":13,"minecraft:shears":3,"minecraft:oak_door":6,"minecraft:furnace":2,"minecraft:oak_trapdoor":4,"minecraft:iron_axe":9,"minecraft:cooked_beef":33,"minecraft:diamond_sword":2,"minecraft:iron_sword":11,"minecraft:bucket":1,"minecraft:stone_axe":18,"minecraft:bread":8,"minecraft:air":0,"minecraft:stonecutter":1,"minecraft:acacia_planks":224,"minecraft:torch":24,"minecraft:diamond_chestplate":2},"minecraft:killed":{"minecraft:cod":3,"minecraft:dolphin":1,"minecraft:zombie_horse":1,"minecraft:shulker":1,"minecraft:skeleton":114,"minecraft:guardian":2,"minecraft:chicken":47,"minecraft:cat":3,"minecraft:magma_cube":6,"minecraft:parrot":2,"minecraft:salmon":12,"minecraft:pillager":45,"minecraft:goat":2,"minecraft:zombie":160,"minecraft:glow_squid":2,"minecraft:cow":52,"minecraft:evoker":1,"minecraft:vindicator":8,"minecraft:husk":6,"minecraft:rabbit":9,"minecraft:ravager":1,"minecraft:polar_bear":3,"minecraft:enderman":43,"minecraft:zombified_piglin":14,"minecraft:spider":59,"minecraft:wither":1,"minecraft:bee":1,"minecraft:silverfish":2,"minecraft:turtle":1,"minecraft:piglin":1,"minecraft:pig":51,"minecraft:zombie_villager":12,"minecraft:strider":1,"minecraft:creeper":42,"minecraft:sheep":83,"minecraft:stray":3,"minecraft:blaze":2,"minecraft:vex":1,"minecraft:phantom":6,"minecraft:drowned":5,"minecraft:bat":4,"minecraft:squid":52,"minecraft:wither_skeleton":3},"minecraft:broken":{"minecraft:diamond_helmet":1,"minecraft:shears":1,"minecraft:iron_boots":1,"minecraft:netherite_leggings":1,"minecraft:leather_helmet":1,"minecraft:netherite_helmet":1,"minecraft:stone_sword":3,"minecraft:wooden_pickaxe":1,"minecraft:iron_axe":2,"minecraft:iron_pickaxe":3,"minecraft:iron_helmet":1,"minecraft:netherite_boots":1,"minecraft:leather_leggings":1,"minecraft:stone_pickaxe":5,"minecraft:stone_axe":10,"minecraft:wooden_axe":3,"minecraft:stone_shovel":2},"minecraft:used":{"minecraft:writable_book":31,"minecraft:ladder":52,"minecraft:poppy":11,"minecraft:chest":31,"minecraft:stone":21,"minecraft:brown_concrete":105,"minecraft:soul_sand":1,"minecraft:weathered_copper":257,"minecraft:skeleton_spawn_egg":3,"minecraft:blue_stained_glass":2,"minecraft:orange_wool":308,"minecraft:acacia_sapling":8,"minecraft:snowball":450,"minecraft:stripped_spruce_log":185,"minecraft:netherite_shovel":303,"minecraft:red_wool":2,"minecraft:grass_block":251,"minecraft:orange_shulker_box":1,"minecraft:quartz_block":14,"minecraft:dark_oak_button":1,"minecraft:bow":2139,"minecraft:dark_oak_boat":5,"minecraft:sweet_berries":23,"minecraft:oak_sapling":17,"minecraft:furnace":2,"minecraft:cooked_cod":2,"minecraft:acacia_fence":3,"minecraft:egg":7,"minecraft:potato":41,"minecraft:spider_spawn_egg":1,"minecraft:spruce_door":7,"minecraft:warped_fungus_on_a_stick":192,"minecraft:stripped_birch_log":1,"minecraft:wooden_pickaxe":63,"minecraft:oak_leaves":360,"minecraft:respawn_anchor":1,"minecraft:golden_apple":47,"minecraft:stripped_mangrove_wood":1,"minecraft:sand":52,"minecraft:netherite_helmet":1,"minecraft:oxidized_cut_copper_slab":3,"minecraft:chiseled_quartz_block":5,"minecraft:crying_obsidian":9,"minecraft:cat_spawn_egg":6,"minecraft:soul_lantern":9,"minecraft:nether_wart_block":143,"minecraft:diamond_sword":929,"minecraft:wooden_sword":111,"minecraft:white_stained_glass":2,"minecraft:oak_boat":19,"minecraft:oak_trapdoor":8,"minecraft:stone_sword":596,"minecraft:acacia_log":524,"minecraft:carved_pumpkin":2,"minecraft:red_concrete":120,"minecraft:armor_stand":1,"minecraft:cooked_salmon":5,"minecraft:netherrack":9,"minecraft:torch":70,"minecraft:anvil":2,"minecraft:blue_concrete":174,"minecraft:iron_block":187,"minecraft:iron_axe":835,"minecraft:warped_fence":111,"minecraft:totem_of_undying":1,"minecraft:barrel":34,"minecraft:beef":3,"minecraft:oxidized_copper":176,"minecraft:acacia_wood":173,"minecraft:cobbled_deepslate":184,"minecraft:acacia_planks":62,"minecraft:orange_terracotta":99,"minecraft:calcite":137,"minecraft:wheat_seeds":10,"minecraft:water_bucket":45,"minecraft:dirt_path":34,"minecraft:prismarine_brick_slab":18,"minecraft:birch_planks":23,"minecraft:yellow_shulker_box":2,"minecraft:red_mushroom_block":46,"minecraft:tnt":53,"minecraft:oak_slab":8,"minecraft:crafting_table":10,"minecraft:campfire":5,"minecraft:white_bed":51,"minecraft:cake":2,"minecraft:oak_log":2,"minecraft:mud":16,"minecraft:diamond_pickaxe":335,"minecraft:cornflower":1,"minecraft:diamond_shovel":151,"minecraft:acacia_sign":11,"minecraft:iron_pickaxe":1527,"minecraft:cyan_concrete":71,"minecraft:cobblestone":117,"minecraft:potion":4,"minecraft:porkchop":6,"minecraft:cooked_porkchop":40,"minecraft:glass_pane":25,"minecraft:goat_spawn_egg":2,"minecraft:stripped_oak_log":3,"minecraft:dandelion":1,"minecraft:moss_carpet":2,"minecraft:red_sand":53,"minecraft:iron_shovel":19,"minecraft:polished_deepslate":71,"minecraft:bone_block":1,"minecraft:white_concrete_powder":19,"minecraft:shield":95,"minecraft:white_terracotta":27,"minecraft:iron_sword":397,"minecraft:grass":97,"minecraft:white_candle":4,"minecraft:mutton":1,"minecraft:carrot":3,"minecraft:tuff":18,"minecraft:beehive":1,"minecraft:axolotl_bucket":1,"minecraft:milk_bucket":1,"minecraft:obsidian":45,"minecraft:honey_bottle":2,"minecraft:glass":241,"minecraft:bricks":96,"minecraft:lantern":10,"minecraft:green_wool":147,"minecraft:stone_bricks":1,"minecraft:item_frame":15,"minecraft:bedrock":42,"minecraft:written_book":2,"minecraft:gold_block":29,"minecraft:end_rod":3,"minecraft:stripped_acacia_log":11,"minecraft:stone_pickaxe":946,"minecraft:oak_planks":233,"minecraft:ender_pearl":49,"minecraft:redstone_block":38,"minecraft:diamond_axe":325,"minecraft:white_wool":19,"minecraft:loom":1,"minecraft:yellow_concrete":67,"minecraft:crossbow":39,"minecraft:sponge":2,"minecraft:black_bed":7,"minecraft:shears":421,"minecraft:end_stone":13,"minecraft:redstone_torch":32,"minecraft:lever":12,"minecraft:black_concrete":448,"minecraft:firework_rocket":1618,"minecraft:lime_carpet":1,"minecraft:bread":256,"minecraft:melon_slice":21,"minecraft:iron_door":3,"minecraft:deepslate":24,"minecraft:gravel":22,"minecraft:cooked_rabbit":5,"minecraft:andesite":2,"minecraft:chain":6,"minecraft:smooth_stone_slab":8,"minecraft:white_concrete":14,"minecraft:golden_pickaxe":24,"minecraft:oak_fence":27,"minecraft:netherite_sword":2532,"minecraft:waxed_weathered_copper":137,"minecraft:crimson_fence":8,"minecraft:flint_and_steel":7,"minecraft:stone_shovel":286,"minecraft:spruce_planks":1,"minecraft:wooden_shovel":24,"minecraft:stone_hoe":33,"minecraft:cooked_chicken":17,"minecraft:oak_door":10,"minecraft:dirt":1302,"minecraft:oak_wood":1,"minecraft:granite":17,"minecraft:wooden_axe":219,"minecraft:stone_brick_slab":101,"minecraft:dark_oak_planks":91,"minecraft:bookshelf":83,"minecraft:waxed_cut_copper":16,"minecraft:oak_stairs":66,"minecraft:smooth_sandstone":5,"minecraft:golden_carrot":61,"minecraft:minecart":1,"minecraft:netherite_pickaxe":299,"minecraft:cooked_beef":484,"minecraft:enchanted_golden_apple":4,"minecraft:cooked_mutton":125,"minecraft:acacia_boat":11,"minecraft:amethyst_block":111,"minecraft:snow_block":216,"minecraft:glass_bottle":1,"minecraft:polished_andesite":265,"minecraft:baked_potato":318,"minecraft:birch_boat":11,"minecraft:stonecutter":2,"minecraft:waxed_copper_block":135,"minecraft:glow_item_frame":81,"minecraft:yellow_stained_glass_pane":3,"minecraft:painting":1,"minecraft:warped_planks":279,"minecraft:cyan_stained_glass":142,"minecraft:apple":88,"minecraft:acacia_stairs":31,"minecraft:netherite_axe":95,"minecraft:stone_slab":2,"minecraft:acacia_fence_gate":1,"minecraft:stone_axe":1393,"minecraft:fishing_rod":56,"minecraft:white_banner":13,"minecraft:bucket":204,"minecraft:polished_blackstone_button":11,"minecraft:splash_potion":1,"minecraft:soul_torch":2},"minecraft:killed_by":{"minecraft:piglin_brute":4,"minecraft:ravager":5,"minecraft:magma_cube":1,"minecraft:vindicator":8,"minecraft:zombie":10,"minecraft:vex":6,"minecraft:stray":2,"minecraft:ender_dragon":1,"minecraft:guardian":1,"minecraft:wither":5,"minecraft:wither_skeleton":1,"minecraft:creeper":5,"minecraft:drowned":1,"minecraft:piglin":1,"minecraft:blaze":1,"minecraft:player":140,"minecraft:spider":2,"minecraft:enderman":2,"minecraft:skeleton":4,"minecraft:phantom":1},"minecraft:dropped":{"minecraft:iron_sword":4,"minecraft:acacia_wood":0,"minecraft:pink_stained_glass":1,"minecraft:cooked_beef":157,"minecraft:chorus_fruit":0,"minecraft:glass_bottle":4,"minecraft:diamond":328,"minecraft:crafting_table":1,"minecraft:cooked_porkchop":7,"minecraft:sandstone_stairs":1,"minecraft:crossbow":9,"minecraft:warped_fungus_on_a_stick":3,"minecraft:cookie":12,"minecraft:oxidized_cut_copper_slab":0,"minecraft:saddle":1,"minecraft:elytra":0,"minecraft:leather_helmet":2,"minecraft:red_carpet":0,"minecraft:red_mushroom":15,"minecraft:emerald":148,"minecraft:gold_block":70,"minecraft:dirt":596,"minecraft:grass":2,"minecraft:dark_oak_fence":2,"minecraft:netherite_boots":1,"minecraft:bone_block":1,"minecraft:chain":0,"minecraft:writable_book":12,"minecraft:gold_nugget":331,"minecraft:wooden_sword":0,"minecraft:acacia_fence_gate":7,"minecraft:phantom_membrane":0,"minecraft:sand":198,"minecraft:iron_pickaxe":3,"minecraft:dark_oak_planks":0,"minecraft:white_wool":6,"minecraft:dark_oak_boat":0,"minecraft:end_crystal":0,"minecraft:bone":46,"minecraft:oak_door":1,"minecraft:pink_concrete":0,"minecraft:diamond_block":256,"minecraft:stone_axe":1,"minecraft:sugar_cane":9,"minecraft:lever":0,"minecraft:cooked_chicken":1,"minecraft:cobbled_deepslate":0,"minecraft:pink_dye":1,"minecraft:netherite_sword":15,"minecraft:wheat":19,"minecraft:waxed_weathered_copper":0,"minecraft:rotten_flesh":168,"minecraft:enchanted_golden_apple":0,"minecraft:pink_carpet":0,"minecraft:oak_planks":17,"minecraft:netherite_shovel":0,"minecraft:glowstone_dust":4,"minecraft:light_gray_carpet":0,"minecraft:azure_bluet":2,"minecraft:white_bed":3,"minecraft:waxed_copper_block":0,"minecraft:tipped_arrow":12,"minecraft:heavy_weighted_pressure_plate":0,"minecraft:charcoal":2,"minecraft:quartz_block":0,"minecraft:hopper":0,"minecraft:jungle_log":0,"minecraft:leather_boots":0,"minecraft:acacia_sapling":20,"minecraft:ladder":61,"minecraft:leather_leggings":1,"minecraft:glass":25,"minecraft:beef":13,"minecraft:crying_obsidian":0,"minecraft:acacia_fence":1,"minecraft:brown_concrete":0,"minecraft:egg":1,"minecraft:iron_ingot":393,"minecraft:golden_boots":1,"minecraft:netherite_pickaxe":1,"minecraft:wheat_seeds":272,"minecraft:clock":0,"minecraft:tnt":0,"minecraft:netherite_helmet":0,"minecraft:netherite_chestplate":1,"minecraft:feather":11,"minecraft:cobblestone":273,"minecraft:iron_helmet":4,"minecraft:purple_concrete":0,"minecraft:apple":42,"minecraft:granite":0,"minecraft:spruce_door":0,"minecraft:polished_blackstone_button":2,"minecraft:coal":21,"minecraft:golden_apple":137,"minecraft:mushroom_stew":4,"minecraft:pufferfish":0,"minecraft:acacia_sign":0,"minecraft:oxeye_daisy":0,"minecraft:gray_wool":0,"minecraft:golden_carrot":0,"minecraft:ink_sac":0,"minecraft:rabbit":1,"minecraft:rose_bush":2,"minecraft:lime_carpet":0,"minecraft:diamond_helmet":6,"minecraft:potion":3,"minecraft:oak_stairs":2,"minecraft:pumpkin":6,"minecraft:white_banner":1,"minecraft:string":13,"minecraft:iron_shovel":0,"minecraft:smooth_sandstone":0,"minecraft:lily_pad":0,"minecraft:acacia_planks":67,"minecraft:pink_tulip":23,"minecraft:stone_brick_slab":0,"minecraft:snow_block":0,"minecraft:soul_torch":0,"minecraft:stone_sword":8,"minecraft:cocoa_beans":3,"minecraft:bowl":12,"minecraft:deepslate":0,"minecraft:diamond_hoe":0,"minecraft:chicken":5,"minecraft:white_carpet":0,"minecraft:clay_ball":8,"minecraft:iron_boots":5,"minecraft:blue_concrete":0,"minecraft:slime_block":20,"minecraft:white_terracotta":0,"minecraft:orange_wool":0,"minecraft:nether_bricks":2,"minecraft:pumpkin_seeds":0,"minecraft:diamond_sword":6,"minecraft:big_dripleaf":0,"minecraft:hay_block":1,"minecraft:flower_pot":0,"minecraft:spruce_trapdoor":0,"minecraft:spruce_planks":1,"minecraft:diamond_pickaxe":3,"minecraft:popped_chorus_fruit":3,"minecraft:carved_pumpkin":0,"minecraft:redstone_torch":0,"minecraft:stone_bricks":0,"minecraft:spider_eye":3,"minecraft:bamboo":0,"minecraft:sandstone":64,"minecraft:red_sand":0,"minecraft:bow":13,"minecraft:bell":0,"minecraft:black_wool":1,"minecraft:acacia_boat":2,"minecraft:birch_planks":3,"minecraft:soul_sand":2,"minecraft:brown_mushroom":5,"minecraft:diamond_axe":2,"minecraft:oak_log":13,"minecraft:baked_potato":132,"minecraft:ender_pearl":2,"minecraft:nether_star":0,"minecraft:lime_terracotta":0,"minecraft:lantern":7,"minecraft:leather":8,"minecraft:iron_horse_armor":1,"minecraft:bedrock":0,"minecraft:cod":0,"minecraft:flint":0,"minecraft:ice":0,"minecraft:cornflower":2,"minecraft:mutton":9,"minecraft:crimson_roots":3,"minecraft:cooked_cod":0,"minecraft:snowball":0,"minecraft:axolotl_bucket":0,"minecraft:black_concrete":0,"minecraft:acacia_door":14,"minecraft:gold_ingot":320,"minecraft:cauldron":3,"minecraft:gravel":2,"minecraft:purpur_block":0,"minecraft:soul_lantern":0,"minecraft:diamond_shovel":0,"minecraft:cooked_mutton":24,"minecraft:honey_bottle":1,"minecraft:acacia_stairs":1,"minecraft:carrot":6,"minecraft:birch_fence_gate":2,"minecraft:poppy":147,"minecraft:rabbit_hide":0,"minecraft:leather_chestplate":1,"minecraft:gunpowder":7,"minecraft:melon_seeds":0,"minecraft:chainmail_boots":1,"minecraft:stone_brick_wall":0,"minecraft:chest":1,"minecraft:acacia_slab":2,"minecraft:cyan_concrete":0,"minecraft:birch_button":0,"minecraft:arrow":436,"minecraft:scaffolding":4,"minecraft:white_concrete_powder":0,"minecraft:written_book":2,"minecraft:oak_leaves":60,"minecraft:firework_rocket":1,"minecraft:bread":51,"minecraft:water_bucket":2,"minecraft:purple_terracotta":0,"minecraft:stripped_spruce_log":0,"minecraft:lilac":1,"minecraft:mossy_cobblestone":0,"minecraft:diamond_leggings":1,"minecraft:poisonous_potato":4,"minecraft:mangrove_propagule":8,"minecraft:lead":4,"minecraft:spectral_arrow":1,"minecraft:amethyst_block":0,"minecraft:copper_ingot":2,"minecraft:tropical_fish":1,"minecraft:acacia_log":61,"minecraft:grass_block":2,"minecraft:stick":51,"minecraft:iron_block":6,"minecraft:milk_bucket":3,"minecraft:smooth_red_sandstone":0,"minecraft:diorite":50,"minecraft:light_blue_stained_glass":0,"minecraft:torch":1,"minecraft:melon_slice":10,"minecraft:white_concrete":0,"minecraft:smooth_quartz":0,"minecraft:yellow_shulker_box":1,"minecraft:iron_door":0,"minecraft:waxed_oxidized_copper":0,"minecraft:iron_leggings":6,"minecraft:pink_banner":17,"minecraft:crimson_fence":0,"minecraft:iron_axe":4,"minecraft:cactus":0,"minecraft:tripwire_hook":0,"minecraft:bucket":1,"minecraft:redstone_block":0,"minecraft:dandelion":6,"minecraft:polished_deepslate":0,"minecraft:red_concrete":0,"minecraft:sweet_berries":24,"minecraft:warped_nylium":0,"minecraft:oak_trapdoor":1,"minecraft:weathered_copper":0,"minecraft:blaze_rod":11,"minecraft:pink_candle":1,"minecraft:green_concrete":0,"minecraft:stripped_acacia_wood":2,"minecraft:dirt_path":0,"minecraft:red_terracotta":0,"minecraft:netherite_leggings":1,"minecraft:flint_and_steel":0,"minecraft:filled_map":5,"minecraft:shield":2,"minecraft:diamond_chestplate":6,"minecraft:orange_terracotta":0,"minecraft:iron_chestplate":6,"minecraft:andesite":64,"minecraft:pink_wool":62,"minecraft:light_gray_bed":1,"minecraft:golden_leggings":1,"minecraft:oak_boat":1,"minecraft:oak_sapling":15,"minecraft:golden_sword":1,"minecraft:diamond_boots":1,"minecraft:slime_ball":2,"minecraft:stripped_acacia_log":0,"minecraft:stone_pickaxe":1,"minecraft:wooden_pickaxe":1,"minecraft:raw_gold":256,"minecraft:magma_cream":0,"minecraft:white_stained_glass":0},"minecraft:mined":{"minecraft:white_bed":40,"minecraft:jungle_leaves":10,"minecraft:carved_pumpkin":1,"minecraft:granite":36,"minecraft:red_sand":1,"minecraft:acacia_log":757,"minecraft:jungle_log":7,"minecraft:acacia_pressure_plate":1,"minecraft:nether_wart":3,"minecraft:polished_blackstone_bricks":5,"minecraft:weeping_vines_plant":2,"minecraft:tall_seagrass":1,"minecraft:cobbled_deepslate":2,"minecraft:fire":3,"minecraft:moss_carpet":1,"minecraft:dirt_path":7,"minecraft:oak_stairs":50,"minecraft:jungle_button":1,"minecraft:soul_wall_torch":3,"minecraft:magenta_carpet":1,"minecraft:blue_concrete_powder":3,"minecraft:kelp_plant":9,"minecraft:torch":8,"minecraft:melon":14,"minecraft:dead_bush":20,"minecraft:spruce_wall_sign":1,"minecraft:glass":97,"minecraft:sugar_cane":424,"minecraft:bricks":6,"minecraft:wheat":16,"minecraft:birch_door":1,"minecraft:black_bed":3,"minecraft:grass":646,"minecraft:stonecutter":1,"minecraft:deepslate":67,"minecraft:mossy_cobblestone":9,"minecraft:stripped_birch_log":1,"minecraft:jungle_planks":4,"minecraft:crimson_roots":3,"minecraft:kelp":1,"minecraft:snow":134,"minecraft:acacia_wood":59,"minecraft:pink_concrete":18,"minecraft:andesite":87,"minecraft:vine":20,"minecraft:bamboo":5,"minecraft:white_wool":16,"minecraft:oak_slab":7,"minecraft:glass_pane":1,"minecraft:soul_sand":9,"minecraft:stone_brick_slab":3,"minecraft:dandelion":9,"minecraft:smooth_sandstone":1,"minecraft:cornflower":2,"minecraft:warped_roots":1,"minecraft:tall_grass":74,"minecraft:diorite":122,"minecraft:big_dripleaf":1,"minecraft:warped_wart_block":100,"minecraft:spruce_log":36,"minecraft:birch_leaves":1,"minecraft:jungle_fence":8,"minecraft:dark_oak_button":1,"minecraft:gravel":73,"minecraft:cobweb":1,"minecraft:acacia_planks":43,"minecraft:stone_bricks":16,"minecraft:fern":35,"minecraft:spruce_planks":8,"minecraft:oak_sapling":7,"minecraft:farmland":1,"minecraft:cobblestone_stairs":3,"minecraft:cave_vines_plant":1,"minecraft:grass_block":412,"minecraft:cracked_polished_blackstone_bricks":4,"minecraft:polished_blackstone_brick_slab":1,"minecraft:polished_blackstone_pressure_plate":1,"minecraft:iron_ore":71,"minecraft:azure_bluet":3,"minecraft:blackstone":10,"minecraft:chiseled_quartz_block":4,"minecraft:clay":68,"minecraft:jungle_stairs":6,"minecraft:poppy":18,"minecraft:chest":10,"minecraft:nether_quartz_ore":1,"minecraft:cobblestone":32,"minecraft:oak_planks":202,"minecraft:wall_torch":18,"minecraft:seagrass":35,"minecraft:warped_nylium":2,"minecraft:acacia_sapling":7,"minecraft:dark_oak_slab":2,"minecraft:warped_planks":20,"minecraft:purpur_block":40,"minecraft:oak_log":131,"minecraft:acacia_fence":13,"minecraft:sand":469,"minecraft:dirt":1436,"minecraft:netherrack":28,"minecraft:oak_leaves":1040,"minecraft:gray_candle":1,"minecraft:diamond_ore":2,"minecraft:tuff":13,"minecraft:red_carpet":1,"minecraft:dark_oak_leaves":1,"minecraft:oak_door":4,"minecraft:ladder":10,"minecraft:spruce_leaves":14,"minecraft:sandstone":58,"minecraft:large_fern":2,"minecraft:hay_block":3,"minecraft:oak_trapdoor":8,"minecraft:red_concrete_powder":3,"minecraft:nether_sprouts":3,"minecraft:polished_deepslate":10,"minecraft:bookshelf":4,"minecraft:lantern":1,"minecraft:stripped_acacia_log":106,"minecraft:stripped_oak_log":6,"minecraft:chorus_plant":22,"minecraft:stone":1122,"minecraft:acacia_leaves":69,"minecraft:infested_stone_bricks":2,"minecraft:snow_block":277,"minecraft:basalt":18,"minecraft:warped_fence":4,"minecraft:spruce_door":3,"minecraft:oak_fence":14,"minecraft:crafting_table":7,"minecraft:oak_wood":3,"minecraft:lectern":2,"minecraft:stone_slab":2,"minecraft:polished_blackstone_brick_stairs":1,"minecraft:spruce_stairs":4,"minecraft:birch_planks":10,"minecraft:cactus":4,"minecraft:acacia_fence_gate":4,"minecraft:sweet_berry_bush":17,"minecraft:ice":2,"minecraft:coal_ore":272,"minecraft:cocoa":5,"minecraft:end_rod":2,"minecraft:cracked_stone_bricks":5,"minecraft:stripped_acacia_wood":3,"minecraft:mossy_stone_bricks":5},"minecraft:custom":{"minecraft:interact_with_crafting_table":409,"minecraft:open_barrel":98,"minecraft:bell_ring":341,"minecraft:leave_game":216,"minecraft:time_since_death":30013,"minecraft:damage_blocked_by_shield":3550,"minecraft:play_time":8780838,"minecraft:deaths":260,"minecraft:jump":87754,"minecraft:enchant_item":1,"minecraft:interact_with_furnace":254,"minecraft:traded_with_villager":635,"minecraft:interact_with_cartography_table":6,"minecraft:sleep_in_bed":276,"minecraft:damage_dealt":169763,"minecraft:interact_with_smoker":36,"minecraft:inspect_dispenser":2,"minecraft:horse_one_cm":4927028,"minecraft:interact_with_smithing_table":6,"minecraft:interact_with_anvil":36,"minecraft:inspect_hopper":27,"minecraft:damage_dealt_absorbed":195,"minecraft:target_hit":36,"minecraft:sneak_time":420866,"minecraft:interact_with_lectern":14,"minecraft:interact_with_blast_furnace":3,"minecraft:total_world_time":6037682,"minecraft:interact_with_stonecutter":19,"minecraft:time_since_rest":30033,"minecraft:swim_one_cm":435926,"minecraft:fly_one_cm":23693297,"minecraft:open_chest":2692,"minecraft:fall_one_cm":1734782,"minecraft:animals_bred":1,"minecraft:open_shulker_box":7,"minecraft:damage_resisted":16,"minecraft:sprint_one_cm":18032924,"minecraft:drop":2304,"minecraft:talked_to_villager":470,"minecraft:interact_with_brewingstand":8,"minecraft:walk_on_water_one_cm":1028073,"minecraft:interact_with_loom":16,"minecraft:player_kills":159,"minecraft:crouch_one_cm":1015153,"minecraft:mob_kills":892,"minecraft:interact_with_campfire":44,"minecraft:climb_one_cm":642443,"minecraft:walk_one_cm":29299119,"minecraft:raid_win":2,"minecraft:strider_one_cm":1358657,"minecraft:walk_under_water_one_cm":781290,"minecraft:boat_one_cm":5600269,"minecraft:raid_trigger":1,"minecraft:interact_with_grindstone":2,"minecraft:damage_taken":141719,"minecraft:damage_absorbed":1506,"minecraft:trigger_trapped_chest":55,"minecraft:minecart_one_cm":114304,"minecraft:aviate_one_cm":8035432},"minecraft:picked_up":{"minecraft:wooden_axe":2,"minecraft:seagrass":1,"minecraft:iron_chestplate":29,"minecraft:birch_door":1,"minecraft:chainmail_boots":1,"minecraft:flower_pot":4,"minecraft:prismarine_shard":30,"minecraft:stone_slab":2,"minecraft:magenta_carpet":1,"minecraft:lead":33,"minecraft:diamond_sword":38,"minecraft:oak_stairs":71,"minecraft:wither_rose":2,"minecraft:enchanted_book":24,"minecraft:birch_button":2,"minecraft:golden_sword":1,"minecraft:polished_deepslate":8,"minecraft:polished_blackstone_brick_stairs":3,"minecraft:string":76,"minecraft:soul_soil":15,"minecraft:pufferfish":1,"minecraft:shroomlight":2,"minecraft:diamond_leggings":17,"minecraft:gold_nugget":54,"minecraft:cobbled_deepslate":67,"minecraft:spruce_planks":5,"minecraft:acacia_sign":1,"minecraft:acacia_fence_gate":9,"minecraft:written_book":1,"minecraft:enchanted_golden_apple":8,"minecraft:melon_slice":113,"minecraft:golden_helmet":3,"minecraft:polished_blackstone_brick_slab":1,"minecraft:beehive":1,"minecraft:big_dripleaf":5,"minecraft:acacia_log":820,"minecraft:pink_carpet":3,"minecraft:warped_planks":21,"minecraft:golden_chestplate":2,"minecraft:cauldron":3,"minecraft:stone_sword":27,"minecraft:lime_carpet":2,"minecraft:light_gray_bed":1,"minecraft:honey_bottle":3,"minecraft:tropical_fish":23,"minecraft:iron_block":15,"minecraft:carved_pumpkin":22,"minecraft:glowstone":4,"minecraft:bookshelf":1,"minecraft:end_rod":7,"minecraft:netherite_chestplate":28,"minecraft:blaze_rod":24,"minecraft:iron_bars":1,"minecraft:snowball":2424,"minecraft:birch_log":24,"minecraft:feather":65,"minecraft:cooked_beef":1883,"minecraft:iron_door":9,"minecraft:water_bucket":18,"minecraft:jungle_log":16,"minecraft:brown_wool":3,"minecraft:dark_oak_boat":8,"minecraft:flint":26,"minecraft:netherite_leggings":23,"minecraft:lantern":34,"minecraft:stonecutter":1,"minecraft:diamond_helmet":20,"minecraft:rabbit":6,"minecraft:glowstone_dust":8,"minecraft:gray_candle":2,"minecraft:warped_wart_block":130,"minecraft:stripped_acacia_wood":4,"minecraft:birch_fence_gate":3,"minecraft:stripped_spruce_log":2,"minecraft:ink_sac":73,"minecraft:acacia_stairs":1,"minecraft:stripped_acacia_log":115,"minecraft:green_concrete":2,"minecraft:lever":3,"minecraft:writable_book":14,"minecraft:granite":145,"minecraft:golden_horse_armor":6,"minecraft:bread":608,"minecraft:light_gray_carpet":3,"minecraft:dark_oak_fence":27,"minecraft:bricks":38,"minecraft:crimson_roots":3,"minecraft:diamond_pickaxe":7,"minecraft:crafting_table":13,"minecraft:nether_wart":35,"minecraft:clay_ball":425,"minecraft:leather_leggings":3,"minecraft:golden_pickaxe":1,"minecraft:purpur_block":32,"minecraft:heavy_weighted_pressure_plate":1,"minecraft:cornflower":4,"minecraft:pink_candle":1,"minecraft:elytra":8,"minecraft:acacia_door":6,"minecraft:flint_and_steel":2,"minecraft:white_carpet":39,"minecraft:iron_shovel":10,"minecraft:glass_pane":1,"minecraft:cracked_stone_bricks":10,"minecraft:respawn_anchor":1,"minecraft:netherite_sword":61,"minecraft:beef":160,"minecraft:poppy":191,"minecraft:minecart":2,"minecraft:chest":14,"minecraft:diamond_hoe":5,"minecraft:waxed_oxidized_copper":11,"minecraft:egg":23,"minecraft:sandstone":44,"minecraft:stone":139,"minecraft:oak_door":15,"minecraft:glow_item_frame":22,"minecraft:fire_charge":1,"minecraft:carrot":11,"minecraft:redstone":64,"minecraft:netherite_pickaxe":9,"minecraft:prismarine_crystals":6,"minecraft:tnt":1,"minecraft:diamond_chestplate":18,"minecraft:stone_shovel":8,"minecraft:cooked_cod":2,"minecraft:beetroot_seeds":30,"minecraft:shears":3,"minecraft:diamond_boots":18,"minecraft:hay_block":4,"minecraft:sandstone_stairs":3,"minecraft:gold_ingot":274,"minecraft:totem_of_undying":7,"minecraft:mutton":164,"minecraft:bone_block":5,"minecraft:white_wool":80,"minecraft:rail":2,"minecraft:oxeye_daisy":1,"minecraft:stripped_oak_log":7,"minecraft:yellow_shulker_box":1,"minecraft:clock":1,"minecraft:tripwire_hook":2,"minecraft:jungle_fence":7,"minecraft:red_mushroom":24,"minecraft:acacia_wood":71,"minecraft:filled_map":10,"minecraft:packed_mud":2,"minecraft:oak_log":146,"minecraft:lily_pad":7,"minecraft:golden_boots":4,"minecraft:diorite_stairs":1,"minecraft:paper":6,"minecraft:white_banner":33,"minecraft:apple":281,"minecraft:stone_bricks":89,"minecraft:kelp":8,"minecraft:warped_stem":12,"minecraft:stone_pickaxe":15,"minecraft:iron_ore":64,"minecraft:glass_bottle":13,"minecraft:iron_sword":30,"minecraft:flowering_azalea":1,"minecraft:milk_bucket":11,"minecraft:dark_oak_slab":1,"minecraft:sweet_berries":85,"minecraft:red_wool":2,"minecraft:weathered_copper":28,"minecraft:gravel":93,"minecraft:spruce_sapling":4,"minecraft:spruce_log":41,"minecraft:light_blue_stained_glass":5,"minecraft:leather_helmet":4,"minecraft:oak_wood":2,"minecraft:firework_rocket":10,"minecraft:diamond_shovel":6,"minecraft:slime_ball":2,"minecraft:stone_axe":13,"minecraft:diamond_axe":8,"minecraft:painting":6,"minecraft:gray_wool":2,"minecraft:warped_roots":8,"minecraft:baked_potato":1153,"minecraft:melon_seeds":56,"minecraft:pink_dye":1,"minecraft:ender_pearl":78,"minecraft:shulker_shell":7,"minecraft:wheat":191,"minecraft:potion":22,"minecraft:iron_leggings":31,"minecraft:armor_stand":2,"minecraft:sea_pickle":1,"minecraft:red_sand":2,"minecraft:bucket":16,"minecraft:redstone_torch":17,"minecraft:rose_bush":4,"minecraft:wooden_shovel":2,"minecraft:iron_pickaxe":34,"minecraft:iron_boots":26,"minecraft:blue_wool":3,"minecraft:tipped_arrow":24,"minecraft:stick":407,"minecraft:acacia_fence":55,"minecraft:oak_fence":16,"minecraft:torch":91,"minecraft:spruce_stairs":4,"minecraft:snow_block":2,"minecraft:porkchop":163,"minecraft:netherite_shovel":6,"minecraft:diorite":141,"minecraft:dirt_path":41,"minecraft:quartz_block":1,"minecraft:cactus":17,"minecraft:rotten_flesh":561,"minecraft:obsidian":4,"minecraft:cod":5,"minecraft:cobblestone":2018,"minecraft:leather_chestplate":3,"minecraft:lilac":6,"minecraft:magma_cream":9,"minecraft:warped_fungus_on_a_stick":2,"minecraft:andesite":155,"minecraft:black_bed":4,"minecraft:golden_leggings":4,"minecraft:chiseled_quartz_block":4,"minecraft:potato":79,"minecraft:tuff":18,"minecraft:acacia_boat":14,"minecraft:stripped_birch_log":5,"minecraft:dirt":4247,"minecraft:lapis_lazuli":187,"minecraft:leather_boots":3,"minecraft:glass":21,"minecraft:bone":216,"minecraft:acacia_planks":423,"minecraft:bow":116,"minecraft:wheat_seeds":1033,"minecraft:pink_banner":17,"minecraft:raw_gold":64,"minecraft:bell":3,"minecraft:popped_chorus_fruit":3,"minecraft:netherite_axe":4,"minecraft:mossy_stone_bricks":16,"minecraft:bamboo":101,"minecraft:powered_rail":1,"minecraft:cyan_concrete":1,"minecraft:oak_planks":573,"minecraft:stone_hoe":9,"minecraft:pink_stained_glass":1,"minecraft:pink_concrete":18,"minecraft:cooked_porkchop":137,"minecraft:axolotl_bucket":2,"minecraft:poisonous_potato":4,"minecraft:sand":744,"minecraft:jungle_planks":58,"minecraft:grass_block":6,"minecraft:diamond_block":64,"minecraft:oxidized_cut_copper_slab":1,"minecraft:spectral_arrow":21,"minecraft:orange_wool":12,"minecraft:mossy_cobblestone":26,"minecraft:diamond":64,"minecraft:slime_block":68,"minecraft:netherite_helmet":19,"minecraft:soul_lantern":13,"minecraft:polished_blackstone_button":13,"minecraft:cracked_polished_blackstone_bricks":10,"minecraft:grass":23,"minecraft:crossbow":50,"minecraft:bone_meal":2,"minecraft:golden_apple":418,"minecraft:spruce_sign":2,"minecraft:emerald":1012,"minecraft:oak_sapling":73,"minecraft:chorus_fruit":1145,"minecraft:netherrack":115,"minecraft:oak_leaves":507,"minecraft:nether_star":2,"minecraft:cocoa_beans":15,"minecraft:fishing_rod":2,"minecraft:charcoal":4,"minecraft:splash_potion":7,"minecraft:azure_bluet":14,"minecraft:chicken":63,"minecraft:ladder":162,"minecraft:brown_mushroom":5,"minecraft:wooden_pickaxe":15,"minecraft:pink_wool":66,"minecraft:cooked_rabbit":4,"minecraft:stone_brick_wall":15,"minecraft:gold_block":76,"minecraft:diamond_horse_armor":4,"minecraft:chain":13,"minecraft:shield":45,"minecraft:brick":73,"minecraft:oak_trapdoor":13,"minecraft:moss_carpet":2,"minecraft:iron_axe":17,"minecraft:wooden_sword":10,"minecraft:warped_fence":3,"minecraft:blackstone":27,"minecraft:blue_orchid":1,"minecraft:oak_boat":31,"minecraft:light_gray_wool":3,"minecraft:lectern":2,"minecraft:sugar_cane":763,"minecraft:spruce_trapdoor":21,"minecraft:phantom_membrane":29,"minecraft:raw_iron":74,"minecraft:end_stone":70,"minecraft:copper_ingot":3,"minecraft:bowl":12,"minecraft:polished_blackstone_bricks":8,"minecraft:cookie":12,"minecraft:trident":3,"minecraft:brown_dye":2,"minecraft:iron_horse_armor":2,"minecraft:dark_oak_planks":3,"minecraft:arrow":4543,"minecraft:weeping_vines":2,"minecraft:jungle_stairs":5,"minecraft:nether_bricks":4,"minecraft:pink_tulip":28,"minecraft:saddle":16,"minecraft:netherite_boots":22,"minecraft:basalt":27,"minecraft:dark_oak_button":1,"minecraft:golden_carrot":197,"minecraft:glow_ink_sac":4,"minecraft:salmon":10,"minecraft:leather":94,"minecraft:birch_planks":59,"minecraft:ice":1,"minecraft:mushroom_stew":4,"minecraft:gunpowder":58,"minecraft:wooden_hoe":1,"minecraft:cooked_mutton":150,"minecraft:smooth_sandstone":3,"minecraft:red_carpet":13,"minecraft:rabbit_hide":7,"minecraft:iron_ingot":1306,"minecraft:cooked_chicken":6,"minecraft:soul_sand":7,"minecraft:acacia_sapling":50,"minecraft:book":306,"minecraft:scaffolding":18,"minecraft:oak_slab":38,"minecraft:red_concrete_powder":2,"minecraft:birch_boat":10,"minecraft:pumpkin":3,"minecraft:chiseled_stone_bricks":1,"minecraft:stone_brick_slab":30,"minecraft:quartz":1,"minecraft:dandelion":32,"minecraft:soul_torch":11,"minecraft:white_bed":60,"minecraft:spruce_door":5,"minecraft:spider_eye":26,"minecraft:pumpkin_seeds":8,"minecraft:campfire":1,"minecraft:iron_helmet":28,"minecraft:terracotta":24,"minecraft:netherite_hoe":1,"minecraft:acacia_slab":9,"minecraft:black_wool":6,"minecraft:red_concrete":4,"minecraft:coal":474}},"DataVersion":3117}