{"stats":{"minecraft:killed":{"minecraft:zombie_horse":1,"minecraft:guardian":18,"minecraft:skeleton_horse":1,"minecraft:tropical_fish":9,"minecraft:parrot":23,"minecraft:elder_guardian":1,"minecraft:salmon":17,"minecraft:iron_golem":9,"minecraft:pillager":155,"minecraft:goat":23,"minecraft:donkey":2,"minecraft:zombie":806,"minecraft:evoker":5,"minecraft:vindicator":22,"minecraft:endermite":3,"minecraft:husk":23,"minecraft:rabbit":4,"minecraft:frog":1,"minecraft:ravager":6,"minecraft:witch":18,"minecraft:zombified_piglin":50,"minecraft:spider":143,"minecraft:wither":6,"minecraft:bee":1,"minecraft:axolotl":1,"minecraft:silverfish":2,"minecraft:piglin_brute":3,"minecraft:piglin":42,"minecraft:zombie_villager":28,"minecraft:sheep":78,"minecraft:trader_llama":7,"minecraft:ghast":4,"minecraft:vex":3,"minecraft:slime":12,"minecraft:drowned":22,"minecraft:hoglin":12,"minecraft:squid":15,"minecraft:wither_skeleton":15,"minecraft:villager":5,"minecraft:cave_spider":21,"minecraft:shulker":7,"minecraft:skeleton":342,"minecraft:chicken":76,"minecraft:cat":5,"minecraft:magma_cube":45,"minecraft:cow":125,"minecraft:zoglin":1,"minecraft:horse":19,"minecraft:wandering_trader":3,"minecraft:enderman":73,"minecraft:turtle":3,"minecraft:wolf":28,"minecraft:pig":26,"minecraft:strider":44,"minecraft:creeper":264,"minecraft:stray":13,"minecraft:blaze":31,"minecraft:phantom":26,"minecraft:panda":5,"minecraft:bat":4},"minecraft:custom":{"minecraft:interact_with_crafting_table":1630,"minecraft:damage_blocked_by_shield":900,"minecraft:play_time":24427772,"minecraft:deaths":146,"minecraft:jump":271382,"minecraft:play_record":19,"minecraft:interact_with_cartography_table":16,"minecraft:interact_with_smoker":380,"minecraft:inspect_dispenser":164,"minecraft:horse_one_cm":8691785,"minecraft:interact_with_anvil":166,"minecraft:inspect_hopper":314,"minecraft:time_since_rest":51026,"minecraft:swim_one_cm":1220782,"minecraft:open_chest":7284,"minecraft:open_shulker_box":4,"minecraft:damage_resisted":301,"minecraft:talked_to_villager":1993,"minecraft:interact_with_brewingstand":69,"minecraft:interact_with_beacon":14,"minecraft:fill_cauldron":9,"minecraft:interact_with_campfire":18,"minecraft:raid_win":4,"minecraft:boat_one_cm":6994570,"minecraft:damage_taken":134144,"minecraft:aviate_one_cm":7883861,"minecraft:open_barrel":2004,"minecraft:bell_ring":94,"minecraft:eat_cake_slice":13,"minecraft:leave_game":812,"minecraft:time_since_death":51009,"minecraft:enchant_item":25,"minecraft:interact_with_furnace":1131,"minecraft:traded_with_villager":2977,"minecraft:sleep_in_bed":718,"minecraft:damage_dealt":391918,"minecraft:interact_with_smithing_table":17,"minecraft:damage_dealt_absorbed":180,"minecraft:target_hit":72,"minecraft:sneak_time":897731,"minecraft:interact_with_lectern":24,"minecraft:interact_with_blast_furnace":108,"minecraft:total_world_time":14898293,"minecraft:interact_with_stonecutter":113,"minecraft:fly_one_cm":187919115,"minecraft:fish_caught":28,"minecraft:fall_one_cm":4035371,"minecraft:animals_bred":143,"minecraft:sprint_one_cm":63774424,"minecraft:drop":8342,"minecraft:walk_on_water_one_cm":3331920,"minecraft:interact_with_loom":60,"minecraft:open_enderchest":3,"minecraft:player_kills":132,"minecraft:crouch_one_cm":1532867,"minecraft:mob_kills":2807,"minecraft:climb_one_cm":1890006,"minecraft:walk_one_cm":44113677,"minecraft:strider_one_cm":481584,"minecraft:walk_under_water_one_cm":3890757,"minecraft:raid_trigger":3,"minecraft:pot_flower":45,"minecraft:interact_with_grindstone":12,"minecraft:damage_absorbed":1386,"minecraft:trigger_trapped_chest":84,"minecraft:minecart_one_cm":341162},"minecraft:picked_up":{"minecraft:suspicious_stew":5,"minecraft:smithing_table":2,"minecraft:lead":97,"minecraft:stone_slab":1,"minecraft:enchanted_book":9,"minecraft:blue_concrete":1,"minecraft:polished_blackstone_brick_stairs":2,"minecraft:polished_deepslate":1,"minecraft:music_disc_cat":4,"minecraft:string":557,"minecraft:dark_oak_pressure_plate":2,"minecraft:pufferfish":5,"minecraft:shroomlight":3,"minecraft:diamond_leggings":23,"minecraft:crimson_sign":1,"minecraft:polished_blackstone_brick_slab":9,"minecraft:jukebox":2,"minecraft:big_dripleaf":1342,"minecraft:acacia_log":2375,"minecraft:purpur_pillar":3,"minecraft:golden_axe":1,"minecraft:lightning_rod":4,"minecraft:golden_chestplate":5,"minecraft:green_terracotta":7,"minecraft:cauldron":15,"minecraft:stone_sword":4,"minecraft:honey_bottle":63,"minecraft:polished_basalt":1,"minecraft:red_tulip":21,"minecraft:carved_pumpkin":6,"minecraft:glowstone":80,"minecraft:bookshelf":6,"minecraft:end_rod":6,"minecraft:white_terracotta":20,"minecraft:blaze_rod":22,"minecraft:iron_bars":57,"minecraft:snowball":3888,"minecraft:cooked_beef":876,"minecraft:feather":97,"minecraft:water_bucket":27,"minecraft:brown_wool":4,"minecraft:dark_oak_boat":6,"minecraft:flint":159,"minecraft:lantern":351,"minecraft:stonecutter":20,"minecraft:diamond_helmet":20,"minecraft:rabbit":8,"minecraft:chiseled_polished_blackstone":2,"minecraft:stripped_acacia_wood":12,"minecraft:acacia_stairs":98,"minecraft:iron_hoe":4,"minecraft:polished_andesite":2,"minecraft:blue_terracotta":2,"minecraft:deepslate":2,"minecraft:lever":100,"minecraft:granite":811,"minecraft:horse_spawn_egg":2,"minecraft:crimson_roots":13,"minecraft:diamond_pickaxe":18,"minecraft:mud":101,"minecraft:bee_nest":1,"minecraft:clay_ball":1943,"minecraft:leather_leggings":17,"minecraft:redstone_lamp":12,"minecraft:acacia_button":2,"minecraft:heavy_weighted_pressure_plate":20,"minecraft:cornflower":85,"minecraft:elytra":18,"minecraft:acacia_door":32,"minecraft:flint_and_steel":9,"minecraft:white_carpet":17,"minecraft:iron_shovel":10,"minecraft:glass_pane":10,"minecraft:netherite_sword":32,"minecraft:jungle_sapling":22,"minecraft:poppy":788,"minecraft:spruce_slab":27,"minecraft:minecart":65,"minecraft:birch_sapling":162,"minecraft:piston":18,"minecraft:diamond_hoe":1,"minecraft:stone":93,"minecraft:fire_charge":11,"minecraft:netherite_pickaxe":7,"minecraft:mangrove_trapdoor":2,"minecraft:stone_shovel":2,"minecraft:diamond_chestplate":15,"minecraft:purpur_slab":1,"minecraft:hay_block":450,"minecraft:cracked_deepslate_bricks":4,"minecraft:totem_of_undying":8,"minecraft:mutton":150,"minecraft:rail":1072,"minecraft:bone_block":12,"minecraft:oxeye_daisy":66,"minecraft:birch_leaves":3,"minecraft:mud_bricks":3,"minecraft:clock":3,"minecraft:tripwire_hook":16,"minecraft:jungle_fence":16,"minecraft:red_glazed_terracotta":12,"minecraft:yellow_dye":31,"minecraft:blackstone_slab":2,"minecraft:acacia_wood":6,"minecraft:packed_mud":58,"minecraft:lily_pad":162,"minecraft:paper":47,"minecraft:apple":92,"minecraft:warped_stem":4,"minecraft:spore_blossom":6,"minecraft:oak_fence_gate":3,"minecraft:stone_pickaxe":4,"minecraft:iron_ore":1186,"minecraft:tall_grass":1,"minecraft:dark_oak_stairs":55,"minecraft:milk_bucket":16,"minecraft:sweet_berries":321,"minecraft:red_wool":43,"minecraft:lime_concrete":1,"minecraft:crying_obsidian":30,"minecraft:dragon_egg":1,"minecraft:leather_helmet":8,"minecraft:diamond_shovel":3,"minecraft:slime_ball":24,"minecraft:painting":53,"minecraft:birch_sign":11,"minecraft:lodestone":1,"minecraft:baked_potato":666,"minecraft:smooth_quartz_slab":1,"minecraft:hopper":9,"minecraft:yellow_wool":1,"minecraft:gilded_blackstone":12,"minecraft:stone_brick_stairs":86,"minecraft:dead_tube_coral_block":3,"minecraft:deepslate_lapis_ore":1,"minecraft:red_candle":2,"minecraft:bucket":11,"minecraft:red_sand":1,"minecraft:smooth_stone":88,"minecraft:comparator":2,"minecraft:red_dye":26,"minecraft:white_tulip":15,"minecraft:rose_bush":33,"minecraft:cobblestone_slab":48,"minecraft:ender_eye":4,"minecraft:azalea":50,"minecraft:iron_pickaxe":23,"minecraft:smooth_quartz":5,"minecraft:blue_wool":2,"minecraft:tipped_arrow":226,"minecraft:acacia_fence":97,"minecraft:spruce_stairs":33,"minecraft:netherite_shovel":7,"minecraft:diorite":1150,"minecraft:vine":229,"minecraft:rotten_flesh":932,"minecraft:mangrove_roots":46,"minecraft:obsidian":54,"minecraft:cobblestone":14018,"minecraft:leather_chestplate":5,"minecraft:muddy_mangrove_roots":1,"minecraft:repeater":13,"minecraft:andesite":1105,"minecraft:orange_carpet":4,"minecraft:black_bed":1,"minecraft:golden_leggings":8,"minecraft:mud_brick_stairs":2,"minecraft:potato":490,"minecraft:dirt":15541,"minecraft:stripped_birch_log":12,"minecraft:name_tag":7,"minecraft:glass":157,"minecraft:bone":625,"minecraft:acacia_planks":1018,"minecraft:bow":124,"minecraft:wheat_seeds":12878,"minecraft:orange_tulip":41,"minecraft:grindstone":6,"minecraft:popped_chorus_fruit":2,"minecraft:netherite_axe":3,"minecraft:mossy_stone_bricks":39,"minecraft:fletching_table":1,"minecraft:bamboo":1014,"minecraft:prismarine":2,"minecraft:diorite_wall":47,"minecraft:pig_spawn_egg":1,"minecraft:grass_block":63,"minecraft:spectral_arrow":49,"minecraft:mossy_cobblestone":98,"minecraft:light_gray_terracotta":5,"minecraft:slime_block":31,"minecraft:netherite_helmet":21,"minecraft:soul_lantern":42,"minecraft:cracked_polished_blackstone_bricks":18,"minecraft:crossbow":35,"minecraft:grass":35,"minecraft:golden_apple":89,"minecraft:spruce_sign":4,"minecraft:emerald":289,"minecraft:netherrack":6281,"minecraft:chorus_fruit":112,"minecraft:oak_leaves":147,"minecraft:azure_bluet":112,"minecraft:splash_potion":1,"minecraft:ladder":352,"minecraft:brown_mushroom":8,"minecraft:packed_ice":2,"minecraft:pink_wool":58,"minecraft:stone_brick_wall":38,"minecraft:chain":44,"minecraft:shield":25,"minecraft:brick":44,"minecraft:oak_trapdoor":19,"minecraft:moss_carpet":43,"minecraft:birch_fence":3,"minecraft:blackstone":126,"minecraft:blue_orchid":60,"minecraft:end_stone":63,"minecraft:polished_blackstone_bricks":100,"minecraft:cookie":13,"minecraft:trident":6,"minecraft:light_blue_bed":3,"minecraft:brown_dye":1,"minecraft:stone_pressure_plate":13,"minecraft:blue_concrete_powder":9,"minecraft:weeping_vines":11,"minecraft:nether_bricks":5,"minecraft:pink_tulip":18,"minecraft:glistering_melon_slice":33,"minecraft:black_banner":14,"minecraft:skeleton_skull":1,"minecraft:netherite_boots":23,"minecraft:jungle_boat":1,"minecraft:basalt":152,"minecraft:dark_oak_button":9,"minecraft:golden_carrot":108,"minecraft:leather":227,"minecraft:granite_stairs":5,"minecraft:crimson_fungus":3,"minecraft:chainmail_chestplate":2,"minecraft:cobblestone_wall":34,"minecraft:cobbled_deepslate_stairs":1,"minecraft:gunpowder":181,"minecraft:zombie_horse_spawn_egg":6,"minecraft:orange_terracotta":29,"minecraft:cooked_mutton":41,"minecraft:red_carpet":33,"minecraft:acacia_trapdoor":3,"minecraft:rabbit_hide":12,"minecraft:iron_ingot":1990,"minecraft:cooked_chicken":1,"minecraft:sculk_catalyst":5,"minecraft:warped_fungus":13,"minecraft:black_candle":1,"minecraft:stone_brick_slab":344,"minecraft:quartz":872,"minecraft:dandelion":123,"minecraft:soul_torch":33,"minecraft:red_banner":11,"minecraft:spruce_door":23,"minecraft:mangrove_leaves":8,"minecraft:pumpkin_seeds":11,"minecraft:sculk_sensor":4,"minecraft:chainmail_leggings":2,"minecraft:terracotta":72,"minecraft:damaged_anvil":1,"minecraft:dark_oak_wood":1,"minecraft:sunflower":10,"minecraft:wooden_axe":2,"minecraft:seagrass":223,"minecraft:birch_door":8,"minecraft:iron_chestplate":41,"minecraft:flower_pot":8,"minecraft:anvil":5,"minecraft:prismarine_shard":15,"minecraft:magenta_carpet":8,"minecraft:diamond_sword":28,"minecraft:oak_stairs":70,"minecraft:golden_shovel":3,"minecraft:acacia_pressure_plate":19,"minecraft:wither_rose":3,"minecraft:birch_button":13,"minecraft:brewing_stand":3,"minecraft:golden_sword":4,"minecraft:dark_oak_trapdoor":23,"minecraft:cooked_salmon":15,"minecraft:beetroot":9,"minecraft:gold_nugget":828,"minecraft:cobbled_deepslate":125,"minecraft:spruce_planks":130,"minecraft:acacia_sign":15,"minecraft:acacia_fence_gate":26,"minecraft:written_book":2,"minecraft:enchanted_golden_apple":3,"minecraft:melon_slice":125,"minecraft:mangrove_log":23,"minecraft:dark_oak_door":6,"minecraft:golden_helmet":1,"minecraft:white_glazed_terracotta":20,"minecraft:music_disc_blocks":1,"minecraft:composter":20,"minecraft:warped_planks":11,"minecraft:rabbit_foot":2,"minecraft:light_gray_bed":4,"minecraft:light_blue_wool":2,"minecraft:tropical_fish":19,"minecraft:blue_dye":6,"minecraft:iron_block":43,"minecraft:netherite_chestplate":19,"minecraft:birch_log":545,"minecraft:magma_block":149,"minecraft:polished_diorite_slab":10,"minecraft:iron_door":28,"minecraft:birch_slab":3,"minecraft:jungle_log":26,"minecraft:acacia_leaves":454,"minecraft:jungle_wood":5,"minecraft:smoker":4,"minecraft:stripped_spruce_wood":2,"minecraft:netherite_leggings":25,"minecraft:zombie_villager_spawn_egg":1,"minecraft:disc_fragment_5":20,"minecraft:glowstone_dust":142,"minecraft:moss_block":45,"minecraft:warped_wart_block":45,"minecraft:ink_sac":64,"minecraft:crimson_door":3,"minecraft:loom":2,"minecraft:trapped_chest":15,"minecraft:dark_oak_log":419,"minecraft:red_terracotta":8,"minecraft:barrel":20,"minecraft:stripped_acacia_log":27,"minecraft:dispenser":2,"minecraft:writable_book":32,"minecraft:polished_granite_slab":1,"minecraft:dead_brain_coral_block":5,"minecraft:bread":236,"minecraft:dark_oak_fence":16,"minecraft:bricks":162,"minecraft:spruce_leaves":32,"minecraft:crafting_table":114,"minecraft:nether_wart":42,"minecraft:dead_horn_coral_block":6,"minecraft:red_bed":4,"minecraft:compass":6,"minecraft:cracked_stone_bricks":21,"minecraft:cartography_table":10,"minecraft:beef":373,"minecraft:iron_nugget":651,"minecraft:chest":65,"minecraft:egg":367,"minecraft:sandstone":97,"minecraft:oak_door":7,"minecraft:glow_item_frame":16,"minecraft:spruce_fence":9,"minecraft:cake":2,"minecraft:carrot":23,"minecraft:redstone":2912,"minecraft:prismarine_crystals":4,"minecraft:blue_carpet":1,"minecraft:tnt":34,"minecraft:beetroot_seeds":26,"minecraft:peony":44,"minecraft:shears":6,"minecraft:deepslate_bricks":9,"minecraft:diamond_boots":16,"minecraft:warped_sign":1,"minecraft:tube_coral_block":1,"minecraft:gold_ingot":83,"minecraft:glow_berries":51,"minecraft:white_wool":1562,"minecraft:stripped_oak_log":8,"minecraft:red_mushroom":17,"minecraft:filled_map":42,"minecraft:oak_log":991,"minecraft:ancient_debris":10,"minecraft:golden_boots":2,"minecraft:blue_bed":6,"minecraft:white_banner":60,"minecraft:stone_bricks":893,"minecraft:kelp":473,"minecraft:creeper_spawn_egg":4,"minecraft:glass_bottle":51,"minecraft:mangrove_planks":24,"minecraft:iron_sword":34,"minecraft:flowering_azalea":30,"minecraft:dark_oak_slab":5,"minecraft:gravel":465,"minecraft:dead_fire_coral_block":15,"minecraft:spruce_sapling":259,"minecraft:spruce_log":665,"minecraft:firework_rocket":324,"minecraft:purple_glazed_terracotta":3,"minecraft:polished_diorite":40,"minecraft:stone_axe":2,"minecraft:light_blue_carpet":7,"minecraft:diamond_axe":9,"minecraft:gray_wool":40,"minecraft:warped_roots":3,"minecraft:oak_button":10,"minecraft:melon_seeds":40,"minecraft:stripped_dark_oak_log":2,"minecraft:mangrove_propagule":24,"minecraft:ender_pearl":155,"minecraft:shulker_shell":3,"minecraft:wheat":4528,"minecraft:redstone_block":65,"minecraft:potion":29,"minecraft:brain_coral_block":1,"minecraft:nether_brick":36,"minecraft:raw_copper":111,"minecraft:smooth_stone_slab":8,"minecraft:iron_leggings":34,"minecraft:armor_stand":1,"minecraft:sticky_piston":11,"minecraft:oak_sign":14,"minecraft:sea_pickle":144,"minecraft:activator_rail":6,"minecraft:redstone_torch":82,"minecraft:calcite":3,"minecraft:deepslate_tile_wall":2,"minecraft:iron_boots":36,"minecraft:furnace":20,"minecraft:stick":1003,"minecraft:jungle_door":1,"minecraft:brown_terracotta":5,"minecraft:oak_fence":296,"minecraft:torch":902,"minecraft:porkchop":107,"minecraft:snow_block":2,"minecraft:target":1,"minecraft:pointed_dripstone":6,"minecraft:quartz_block":11,"minecraft:cactus":43,"minecraft:green_wool":19,"minecraft:cod":27,"minecraft:nautilus_shell":1,"minecraft:magma_cream":20,"minecraft:tuff":52,"minecraft:wither_skeleton_skull":4,"minecraft:acacia_boat":18,"minecraft:lapis_lazuli":674,"minecraft:polished_granite":1,"minecraft:leather_boots":4,"minecraft:pink_banner":9,"minecraft:raw_gold":75,"minecraft:bell":8,"minecraft:powered_rail":69,"minecraft:oak_planks":764,"minecraft:stone_hoe":2,"minecraft:cooked_porkchop":215,"minecraft:music_disc_13":8,"minecraft:poisonous_potato":3,"minecraft:jungle_planks":193,"minecraft:sand":1198,"minecraft:dead_bush":4,"minecraft:chiseled_sandstone":4,"minecraft:shulker_box":2,"minecraft:orange_wool":2,"minecraft:dark_prismarine":1,"minecraft:spruce_fence_gate":3,"minecraft:diamond":73,"minecraft:black_concrete":13,"minecraft:polished_blackstone_button":17,"minecraft:oak_sapling":378,"minecraft:nether_star":3,"minecraft:firework_star":134,"minecraft:end_stone_bricks":2,"minecraft:cocoa_beans":42,"minecraft:fishing_rod":4,"minecraft:charcoal":42,"minecraft:mud_brick_slab":4,"minecraft:allium":22,"minecraft:chicken":79,"minecraft:wooden_pickaxe":3,"minecraft:gold_block":22,"minecraft:stone_stairs":7,"minecraft:iron_axe":29,"minecraft:wooden_sword":3,"minecraft:item_frame":7,"minecraft:quartz_slab":2,"minecraft:echo_shard":10,"minecraft:andesite_stairs":7,"minecraft:oak_boat":32,"minecraft:observer":19,"minecraft:light_gray_wool":29,"minecraft:lectern":678,"minecraft:tinted_glass":6,"minecraft:sugar_cane":4788,"minecraft:spruce_trapdoor":72,"minecraft:phantom_membrane":9,"minecraft:dark_oak_sapling":66,"minecraft:raw_iron":10,"minecraft:copper_ingot":22,"minecraft:bowl":2,"minecraft:quartz_pillar":4,"minecraft:stone_button":23,"minecraft:zombified_piglin_spawn_egg":4,"minecraft:iron_horse_armor":7,"minecraft:dark_oak_planks":80,"minecraft:lime_candle":1,"minecraft:arrow":4849,"minecraft:jungle_stairs":2,"minecraft:saddle":15,"minecraft:glow_ink_sac":8,"minecraft:crimson_stem":1,"minecraft:salmon":26,"minecraft:cut_sandstone":25,"minecraft:birch_planks":648,"minecraft:mushroom_stew":5,"minecraft:nether_wart_block":1,"minecraft:cobblestone_stairs":11,"minecraft:wooden_hoe":3,"minecraft:deepslate_tile_slab":2,"minecraft:smooth_sandstone":19,"minecraft:heart_of_the_sea":2,"minecraft:acacia_sapling":722,"minecraft:soul_sand":299,"minecraft:book":175,"minecraft:scaffolding":209,"minecraft:oak_slab":92,"minecraft:red_concrete_powder":5,"minecraft:birch_boat":2,"minecraft:pumpkin":30,"minecraft:chiseled_stone_bricks":95,"minecraft:blast_furnace":4,"minecraft:white_bed":74,"minecraft:gold_ore":253,"minecraft:spider_eye":91,"minecraft:campfire":1,"minecraft:dead_bubble_coral_block":21,"minecraft:iron_helmet":28,"minecraft:stripped_jungle_wood":2,"minecraft:black_wool":28,"minecraft:acacia_slab":430,"minecraft:red_concrete":5,"minecraft:coal":4105},"minecraft:broken":{"minecraft:wooden_shovel":3,"minecraft:shears":5,"minecraft:iron_leggings":3,"minecraft:wooden_sword":1,"minecraft:iron_hoe":1,"minecraft:leather_helmet":1,"minecraft:wooden_pickaxe":1,"minecraft:iron_pickaxe":28,"minecraft:wooden_hoe":1,"minecraft:iron_shovel":21,"minecraft:stone_pickaxe":10,"minecraft:stone_axe":2,"minecraft:stone_shovel":10,"minecraft:golden_boots":1,"minecraft:iron_boots":2,"minecraft:iron_sword":1,"minecraft:iron_axe":20,"minecraft:iron_helmet":3,"minecraft:golden_helmet":3,"minecraft:golden_leggings":2,"minecraft:golden_chestplate":2,"minecraft:flint_and_steel":1,"minecraft:golden_axe":1,"minecraft:golden_pickaxe":4},"minecraft:crafted":{"minecraft:black_dye":16,"minecraft:yellow_wool":12,"minecraft:oak_sign":6,"minecraft:birch_boat":2,"minecraft:blaze_powder":20,"minecraft:chain":16,"minecraft:diorite_stairs":12,"minecraft:diamond_shovel":1,"minecraft:nether_brick":1,"minecraft:diamond_helmet":4,"minecraft:beacon":1,"minecraft:stone_pressure_plate":1,"minecraft:iron_door":6,"minecraft:black_wool":12,"minecraft:golden_axe":1,"minecraft:redstone_lamp":3,"minecraft:jungle_boat":1,"minecraft:acacia_slab":1332,"minecraft:smithing_table":1,"minecraft:golden_pickaxe":3,"minecraft:mossy_cobblestone":36,"minecraft:sticky_piston":6,"minecraft:fletching_table":1,"minecraft:painting":2,"minecraft:stone_brick_stairs":442,"minecraft:lectern":19,"minecraft:wooden_hoe":8,"minecraft:golden_leggings":2,"minecraft:stone_slab":60,"minecraft:iron_pickaxe":37,"minecraft:acacia_door":3,"minecraft:composter":2,"minecraft:jungle_sign":3,"minecraft:magenta_wool":1,"minecraft:jukebox":2,"minecraft:iron_nugget":2805,"minecraft:experience_bottle":73,"minecraft:soul_torch":4,"minecraft:acacia_fence_gate":16,"minecraft:light_gray_wool":1,"minecraft:red_banner":1,"minecraft:jack_o_lantern":1,"minecraft:spruce_fence":48,"minecraft:stone_stairs":5,"minecraft:lantern":353,"minecraft:spruce_stairs":168,"minecraft:polished_diorite":64,"minecraft:stone_pickaxe":13,"minecraft:spruce_boat":3,"minecraft:lead":10,"minecraft:enchanting_table":1,"minecraft:acacia_trapdoor":6,"minecraft:leather_helmet":45,"minecraft:acacia_stairs":564,"minecraft:dark_oak_button":9,"minecraft:enchanted_book":26,"minecraft:orange_dye":12,"minecraft:oak_fence_gate":20,"minecraft:fermented_spider_eye":1,"minecraft:writable_book":4,"minecraft:iron_shovel":26,"minecraft:armor_stand":4,"minecraft:grindstone":54,"minecraft:cobblestone_slab":48,"minecraft:barrel":39,"minecraft:polished_granite_slab":6,"minecraft:cooked_chicken":417,"minecraft:lightning_rod":1,"minecraft:stone":4309,"minecraft:warped_planks":24,"minecraft:stone_brick_slab":1516,"minecraft:bow":24,"minecraft:comparator":3,"minecraft:chest":96,"minecraft:bricks":230,"minecraft:birch_button":2,"minecraft:ender_eye":17,"minecraft:oak_fence":51,"minecraft:stone_bricks":1231,"minecraft:respawn_anchor":3,"minecraft:golden_boots":3,"minecraft:white_banner":4,"minecraft:arrow":2144,"minecraft:cauldron":2,"minecraft:iron_helmet":13,"minecraft:brown_dye":6,"minecraft:chainmail_chestplate":14,"minecraft:red_wool":51,"minecraft:acacia_button":11,"minecraft:white_stained_glass_pane":80,"minecraft:dispenser":2,"minecraft:tnt":15,"minecraft:spruce_trapdoor":234,"minecraft:yellow_dye":44,"minecraft:stick":1844,"minecraft:iron_ingot":3150,"minecraft:tripwire_hook":2,"minecraft:stone_brick_wall":326,"minecraft:fishing_rod":8,"minecraft:netherite_sword":1,"minecraft:leather_boots":5,"minecraft:spruce_button":4,"minecraft:furnace":22,"minecraft:piston":20,"minecraft:oak_trapdoor":20,"minecraft:flint_and_steel":6,"minecraft:oak_sapling":1,"minecraft:cobblestone_wall":1093,"minecraft:birch_sign":6,"minecraft:iron_trapdoor":1,"minecraft:diorite_wall":535,"minecraft:iron_sword":2,"minecraft:black_banner":11,"minecraft:cooked_salmon":8,"minecraft:mangrove_planks":28,"minecraft:acacia_boat":2,"minecraft:white_dye":24,"minecraft:blue_wool":19,"minecraft:anvil":3,"minecraft:stonecutter":2,"minecraft:torch":1932,"minecraft:diamond_chestplate":4,"minecraft:smooth_stone":128,"minecraft:dark_oak_pressure_plate":4,"minecraft:purple_bed":8,"minecraft:pink_bed":2,"minecraft:dark_oak_wood":3,"minecraft:birch_slab":90,"minecraft:slime_block":5,"minecraft:loom":2,"minecraft:lever":3,"minecraft:bookshelf":88,"minecraft:cooked_mutton":92,"minecraft:iron_bars":288,"minecraft:quartz_block":75,"minecraft:glass":796,"minecraft:repeater":5,"minecraft:diamond_leggings":4,"minecraft:netherite_boots":1,"minecraft:melon_seeds":86,"minecraft:birch_door":6,"minecraft:acacia_fence":546,"minecraft:cooked_rabbit":2,"minecraft:gray_bed":3,"minecraft:flower_pot":24,"minecraft:glass_bottle":12,"minecraft:target":1,"minecraft:wooden_shovel":4,"minecraft:emerald":2410,"minecraft:cooked_porkchop":34,"minecraft:diamond_axe":4,"minecraft:spruce_door":12,"minecraft:copper_ingot":20,"minecraft:hay_block":30,"minecraft:campfire":156,"minecraft:tnt_minecart":3,"minecraft:light_gray_bed":2,"minecraft:compass":7,"minecraft:iron_block":438,"minecraft:gold_ingot":354,"minecraft:light_gray_dye":48,"minecraft:spruce_fence_gate":18,"minecraft:birch_stairs":24,"minecraft:rabbit_stew":10,"minecraft:stone_shovel":10,"minecraft:leather_leggings":24,"minecraft:globe_banner_pattern":1,"minecraft:bone_meal":765,"minecraft:white_carpet":36,"minecraft:orange_wool":12,"minecraft:dark_oak_fence":30,"minecraft:ladder":132,"minecraft:spruce_slab":168,"minecraft:ender_pearl":13,"minecraft:diamond_boots":4,"minecraft:red_glazed_terracotta":3,"minecraft:redstone_block":181,"minecraft:dark_oak_planks":1164,"minecraft:golden_helmet":2,"minecraft:wheat":2830,"minecraft:coal_block":200,"minecraft:firework_star":576,"minecraft:crossbow":8,"minecraft:blue_bed":1,"minecraft:polished_granite":64,"minecraft:glowstone":20,"minecraft:golden_apple":23,"minecraft:acacia_sign":12,"minecraft:oak_stairs":108,"minecraft:wooden_axe":13,"minecraft:iron_leggings":16,"minecraft:white_bed":26,"minecraft:blue_carpet":3,"minecraft:brick":1066,"minecraft:oak_planks":1500,"minecraft:dark_oak_boat":2,"minecraft:cobblestone_stairs":78,"minecraft:suspicious_stew":8,"minecraft:green_dye":2,"minecraft:hopper":26,"minecraft:iron_boots":11,"minecraft:chiseled_stone_bricks":126,"minecraft:stone_hoe":1,"minecraft:smoker":1,"minecraft:item_frame":6,"minecraft:oak_slab":216,"minecraft:acacia_wood":18,"minecraft:map":6,"minecraft:crafting_table":43,"minecraft:spruce_planks":1684,"minecraft:wooden_pickaxe":4,"minecraft:baked_potato":2626,"minecraft:hopper_minecart":16,"minecraft:birch_planks":1852,"minecraft:dark_oak_slab":174,"minecraft:iron_chestplate":15,"minecraft:book":119,"minecraft:paper":5517,"minecraft:diamond_pickaxe":5,"minecraft:shield":27,"minecraft:birch_fence":12,"minecraft:leather_chestplate":24,"minecraft:stone_sword":3,"minecraft:snow_block":1,"minecraft:redstone_torch":41,"minecraft:gray_carpet":3,"minecraft:light_gray_carpet":3,"minecraft:shears":13,"minecraft:wooden_sword":14,"minecraft:polished_andesite":64,"minecraft:redstone":180,"minecraft:coal":1656,"minecraft:stone_button":66,"minecraft:dark_oak_trapdoor":38,"minecraft:glass_pane":112,"minecraft:netherite_leggings":2,"minecraft:iron_axe":25,"minecraft:iron_hoe":2,"minecraft:filled_map":8,"minecraft:netherite_scrap":1,"minecraft:minecart":4,"minecraft:observer":17,"minecraft:cooked_beef":304,"minecraft:sugar":1,"minecraft:red_dye":99,"minecraft:crimson_planks":4,"minecraft:diamond_sword":6,"minecraft:cyan_dye":6,"minecraft:spruce_sign":30,"minecraft:dark_oak_stairs":108,"minecraft:powered_rail":18,"minecraft:bell":1,"minecraft:bucket":19,"minecraft:stone_axe":3,"minecraft:air":0,"minecraft:bread":867,"minecraft:blue_dye":20,"minecraft:oak_boat":4,"minecraft:green_wool":1,"minecraft:acacia_planks":4496,"minecraft:blackstone_slab":30,"minecraft:lapis_block":45,"minecraft:clay":96,"minecraft:lapis_lazuli":32,"minecraft:trapped_chest":1,"minecraft:firework_rocket":1068},"minecraft:killed_by":{"minecraft:zombie_villager":1,"minecraft:warden":6,"minecraft:ghast":1,"minecraft:drowned":1,"minecraft:skeleton":2,"minecraft:piglin_brute":2,"minecraft:vindicator":3,"minecraft:piglin":1,"minecraft:player":57},"minecraft:used":{"minecraft:moss_block":180,"minecraft:jack_o_lantern":1,"minecraft:writable_book":131,"minecraft:smooth_quartz_slab":192,"minecraft:dispenser":69,"minecraft:poppy":61,"minecraft:black_carpet":1,"minecraft:farmland":146,"minecraft:stone":1658,"minecraft:quartz_stairs":282,"minecraft:warped_sign":3,"minecraft:rotten_flesh":4,"minecraft:soul_sand":270,"minecraft:cocoa_beans":69,"minecraft:deepslate_brick_slab":28,"minecraft:magenta_candle":6,"minecraft:snowball":257,"minecraft:azure_bluet":63,"minecraft:weeping_vines":375,"minecraft:spruce_boat":3,"minecraft:polished_blackstone_slab":2,"minecraft:jungle_sapling":338,"minecraft:packed_ice":1028,"minecraft:stripped_dark_oak_wood":18,"minecraft:lava_bucket":2502,"minecraft:villager_spawn_egg":25,"minecraft:quartz_pillar":369,"minecraft:red_wool":1056,"minecraft:jungle_fence_gate":1,"minecraft:quartz_block":1214,"minecraft:netherite_hoe":138,"minecraft:dark_oak_leaves":2,"minecraft:dark_oak_slab":257,"minecraft:diorite_wall":237,"minecraft:netherite_boots":3,"minecraft:infested_mossy_stone_bricks":279,"minecraft:bow":3311,"minecraft:guardian_spawn_egg":2,"minecraft:oak_sapling":307,"minecraft:mangrove_slab":87,"minecraft:acacia_fence":1858,"minecraft:end_stone_brick_stairs":30,"minecraft:mossy_stone_bricks":877,"minecraft:leather_leggings":1,"minecraft:cow_spawn_egg":21,"minecraft:chorus_fruit":6,"minecraft:prismarine":24,"minecraft:blackstone":37,"minecraft:cactus":46,"minecraft:wooden_pickaxe":86,"minecraft:mossy_stone_brick_stairs":63,"minecraft:composter":23,"minecraft:parrot_spawn_egg":51,"minecraft:jungle_boat":1,"minecraft:golden_apple":30,"minecraft:glow_berries":6,"minecraft:cut_sandstone_slab":1,"minecraft:blast_furnace":8,"minecraft:acacia_leaves":735,"minecraft:gray_concrete":28,"minecraft:chiseled_quartz_block":980,"minecraft:deepslate_brick_stairs":39,"minecraft:crimson_fence_gate":1,"minecraft:purple_concrete_powder":2,"minecraft:birch_fence":381,"minecraft:enderman_spawn_egg":2,"minecraft:birch_slab":223,"minecraft:zombie_head":4,"minecraft:white_glazed_terracotta":14,"minecraft:cat_spawn_egg":34,"minecraft:flowering_azalea_leaves":419,"minecraft:coal_block":533,"minecraft:diamond_sword":3155,"minecraft:smithing_table":4,"minecraft:birch_log":30,"minecraft:piglin_spawn_egg":15,"minecraft:oak_boat":46,"minecraft:purple_wool":310,"minecraft:stripped_acacia_wood":8,"minecraft:oak_trapdoor":58,"minecraft:diorite_stairs":10,"minecraft:polished_blackstone_brick_slab":3553,"minecraft:enchanting_table":1,"minecraft:orange_concrete":11,"minecraft:dead_bush":3,"minecraft:carved_pumpkin":2,"minecraft:armor_stand":20,"minecraft:tinted_glass":1274,"minecraft:wither_skeleton_spawn_egg":35,"minecraft:mangrove_fence":39,"minecraft:cooked_salmon":11,"minecraft:structure_block":79,"minecraft:torch":2328,"minecraft:brewing_stand":19,"minecraft:cod_bucket":5,"minecraft:light_gray_glazed_terracotta":7,"minecraft:mud_brick_stairs":51,"minecraft:oak_fence_gate":29,"minecraft:orange_candle":9,"minecraft:sea_lantern":547,"minecraft:iron_block":355,"minecraft:polished_deepslate_wall":5,"minecraft:jungle_log":176,"minecraft:barrel":134,"minecraft:bamboo":223,"minecraft:lime_concrete":4,"minecraft:basalt":94,"minecraft:warped_stairs":1,"minecraft:podzol":670,"minecraft:trapped_chest":32,"minecraft:acacia_planks":2331,"minecraft:calcite":873,"minecraft:wheat_seeds":5613,"minecraft:warped_stem":26,"minecraft:birch_planks":4200,"minecraft:lead":16,"minecraft:blue_concrete_powder":80,"minecraft:cauldron":16,"minecraft:sheep_spawn_egg":139,"minecraft:glow_ink_sac":26,"minecraft:spruce_fence_gate":20,"minecraft:gold_ore":1,"minecraft:deepslate_bricks":36,"minecraft:diamond_block":29,"minecraft:polished_deepslate_slab":134,"minecraft:red_bed":23,"minecraft:crimson_trapdoor":8,"minecraft:rail":899,"minecraft:green_dye":2,"minecraft:white_bed":282,"minecraft:campfire":193,"minecraft:spruce_log":194,"minecraft:light_blue_candle":1,"minecraft:diamond_pickaxe":17704,"minecraft:acacia_sign":31,"minecraft:diamond_shovel":5899,"minecraft:oak_button":2,"minecraft:suspicious_stew":4,"minecraft:pig_spawn_egg":102,"minecraft:tnt_minecart":18,"minecraft:spruce_trapdoor":1076,"minecraft:spruce_sapling":222,"minecraft:blue_carpet":2,"minecraft:pink_bed":2,"minecraft:potion":17,"minecraft:azalea_leaves":715,"minecraft:cooked_porkchop":39,"minecraft:porkchop":5,"minecraft:andesite_stairs":36,"minecraft:warped_fence_gate":3,"minecraft:stripped_oak_log":4,"minecraft:husk_spawn_egg":1,"minecraft:dandelion":22,"minecraft:green_stained_glass":2,"minecraft:moss_carpet":350,"minecraft:blue_terracotta":16,"minecraft:red_sand":257,"minecraft:polished_deepslate":4643,"minecraft:bone_block":718,"minecraft:axolotl_spawn_egg":1,"minecraft:nether_wart":9,"minecraft:stripped_jungle_wood":161,"minecraft:grass":70,"minecraft:mossy_stone_brick_slab":264,"minecraft:green_terracotta":49,"minecraft:soul_campfire":5,"minecraft:spruce_leaves":74,"minecraft:orange_glazed_terracotta":10,"minecraft:jungle_planks":544,"minecraft:furnace_minecart":1,"minecraft:beehive":107,"minecraft:music_disc_13":10,"minecraft:obsidian":390,"minecraft:honey_bottle":2,"minecraft:big_dripleaf":375,"minecraft:crimson_button":2,"minecraft:mangrove_log":46,"minecraft:bricks":159,"minecraft:spruce_wood":27,"minecraft:lantern":1160,"minecraft:blue_orchid":68,"minecraft:panda_spawn_egg":9,"minecraft:green_wool":631,"minecraft:polished_blackstone_brick_wall":1,"minecraft:light_blue_bed":6,"minecraft:item_frame":14,"minecraft:birch_button":50,"minecraft:birch_trapdoor":20,"minecraft:written_book":2,"minecraft:mangrove_roots":1,"minecraft:jungle_button":3,"minecraft:gold_block":195,"minecraft:pink_concrete_powder":9,"minecraft:dark_oak_sapling":24,"minecraft:mangrove_leaves":156,"minecraft:end_rod":130,"minecraft:diamond_boots":1,"minecraft:wither_skeleton_skull":26,"minecraft:stripped_acacia_log":269,"minecraft:stone_pickaxe":1488,"minecraft:jungle_fence":251,"minecraft:oak_planks":1934,"minecraft:polished_diorite_slab":55,"minecraft:sandstone":6,"minecraft:sugar_cane":343,"minecraft:diamond_axe":7225,"minecraft:white_wool":2635,"minecraft:golden_hoe":1,"minecraft:light_blue_concrete":48,"minecraft:netherite_leggings":4,"minecraft:light_blue_wool":16,"minecraft:mushroom_stew":2,"minecraft:yellow_concrete":49,"minecraft:crossbow":139,"minecraft:end_stone":50,"minecraft:creeper_spawn_egg":2,"minecraft:sticky_piston":45,"minecraft:black_terracotta":2,"minecraft:lever":113,"minecraft:daylight_detector":15,"minecraft:acacia_door":30,"minecraft:dark_oak_log":21,"minecraft:bread":877,"minecraft:brown_wool":5,"minecraft:warped_slab":8,"minecraft:iron_door":117,"minecraft:deepslate":4111,"minecraft:prismarine_wall":10,"minecraft:evoker_spawn_egg":1,"minecraft:stripped_warped_hyphae":89,"minecraft:blue_candle":175,"minecraft:pufferfish_bucket":4,"minecraft:cooked_rabbit":1,"minecraft:chain":509,"minecraft:coarse_dirt":1514,"minecraft:bone_meal":1186,"minecraft:orange_concrete_powder":246,"minecraft:netherite_sword":1707,"minecraft:rose_bush":40,"minecraft:flint_and_steel":901,"minecraft:granite_stairs":27,"minecraft:crimson_fence":225,"minecraft:redstone":761,"minecraft:ender_chest":18,"minecraft:stone_hoe":116,"minecraft:stripped_birch_wood":698,"minecraft:cooked_chicken":352,"minecraft:dirt":12933,"minecraft:spruce_fence":442,"minecraft:allay_spawn_egg":10,"minecraft:iron_hoe":451,"minecraft:wooden_axe":72,"minecraft:brown_terracotta":235,"minecraft:waxed_cut_copper":25,"minecraft:oak_stairs":284,"minecraft:smooth_sandstone":10,"minecraft:crimson_slab":12,"minecraft:yellow_concrete_powder":8,"minecraft:waxed_cut_copper_slab":23,"minecraft:black_stained_glass":61,"minecraft:soul_soil":146,"minecraft:dark_oak_pressure_plate":6,"minecraft:lime_stained_glass":18,"minecraft:netherite_pickaxe":6018,"minecraft:minecart":101,"minecraft:cooked_beef":376,"minecraft:enchanted_golden_apple":3,"minecraft:turtle_egg":1,"minecraft:pumpkin":5,"minecraft:light_gray_bed":8,"minecraft:quartz_bricks":798,"minecraft:cobblestone_stairs":80,"minecraft:lodestone":1,"minecraft:snow_block":1905,"minecraft:baked_potato":911,"minecraft:birch_boat":9,"minecraft:spruce_sign":31,"minecraft:llama_spawn_egg":6,"minecraft:green_bed":5,"minecraft:vindicator_spawn_egg":2,"minecraft:rabbit_spawn_egg":12,"minecraft:music_disc_cat":4,"minecraft:dark_prismarine_slab":173,"minecraft:infested_stone_bricks":3,"minecraft:warped_planks":774,"minecraft:netherite_block":1,"minecraft:piston":48,"minecraft:wooden_hoe":170,"minecraft:flower_pot":54,"minecraft:black_wool":427,"minecraft:chicken":2,"minecraft:gray_candle":272,"minecraft:stone_slab":1,"minecraft:detector_rail":2,"minecraft:jungle_stairs":233,"minecraft:yellow_wool":212,"minecraft:stone_axe":229,"minecraft:crimson_fungus":1,"minecraft:stripped_crimson_hyphae":130,"minecraft:end_crystal":1,"minecraft:cobbled_deepslate_slab":22,"minecraft:wither_rose":1,"minecraft:sea_pickle":486,"minecraft:gray_wool":41,"minecraft:pillager_spawn_egg":103,"minecraft:birch_stairs":146,"minecraft:peony":39,"minecraft:beetroot":1,"minecraft:nether_brick_fence":35,"minecraft:elytra":2,"minecraft:polished_blackstone":2,"minecraft:spruce_slab":361,"minecraft:ladder":476,"minecraft:chest":461,"minecraft:brown_concrete":56,"minecraft:pink_candle":1,"minecraft:acacia_button":42,"minecraft:skeleton_spawn_egg":52,"minecraft:stripped_spruce_log":47,"minecraft:acacia_sapling":692,"minecraft:orange_wool":36,"minecraft:blue_stained_glass":400,"minecraft:yellow_candle":9,"minecraft:jungle_slab":660,"minecraft:wandering_trader_spawn_egg":2,"minecraft:netherite_shovel":774,"minecraft:warped_hyphae":73,"minecraft:grass_block":7261,"minecraft:birch_sapling":154,"minecraft:music_disc_chirp":2,"minecraft:dark_oak_button":18,"minecraft:pink_wool":66,"minecraft:stone_brick_stairs":786,"minecraft:rabbit_stew":9,"minecraft:snow":2,"minecraft:dark_oak_boat":9,"minecraft:sweet_berries":155,"minecraft:furnace":60,"minecraft:egg":546,"minecraft:potato":377,"minecraft:seagrass":239,"minecraft:brown_concrete_powder":15,"minecraft:spruce_door":54,"minecraft:warped_fungus_on_a_stick":69,"minecraft:diorite":248,"minecraft:end_stone_bricks":34,"minecraft:brick_wall":10,"minecraft:stripped_birch_log":2,"minecraft:red_stained_glass":53,"minecraft:acacia_trapdoor":54,"minecraft:powered_rail":133,"minecraft:orange_tulip":13,"minecraft:purpur_pillar":3,"minecraft:oak_leaves":183,"minecraft:smooth_quartz_stairs":93,"minecraft:cookie":1,"minecraft:respawn_anchor":7,"minecraft:dark_oak_trapdoor":67,"minecraft:sand":1071,"minecraft:blue_ice":308,"minecraft:netherite_helmet":6,"minecraft:oxidized_cut_copper_slab":18,"minecraft:black_concrete_powder":13,"minecraft:lightning_rod":85,"minecraft:crying_obsidian":72,"minecraft:stone_button":147,"minecraft:spore_blossom":25,"minecraft:lectern":707,"minecraft:red_terracotta":43,"minecraft:lilac":9,"minecraft:soul_lantern":570,"minecraft:green_candle":2,"minecraft:wooden_sword":173,"minecraft:dark_oak_fence":42,"minecraft:white_stained_glass":2876,"minecraft:green_concrete_powder":91,"minecraft:ice":1657,"minecraft:iron_bars":909,"minecraft:stone_sword":206,"minecraft:acacia_log":950,"minecraft:red_concrete":895,"minecraft:sandstone_wall":4,"minecraft:netherrack":1157,"minecraft:green_glazed_terracotta":37,"minecraft:orange_bed":8,"minecraft:dragon_egg":1,"minecraft:anvil":78,"minecraft:target":23,"minecraft:twisting_vines":15,"minecraft:crimson_hyphae":90,"minecraft:stone_stairs":7,"minecraft:polished_granite_slab":1,"minecraft:glow_lichen":281,"minecraft:blue_concrete":98,"minecraft:nether_brick_stairs":5,"minecraft:polished_diorite":112,"minecraft:shroomlight":3,"minecraft:flowering_azalea":207,"minecraft:rooted_dirt":2,"minecraft:iron_axe":5463,"minecraft:spruce_button":4,"minecraft:slime_block":55,"minecraft:warped_fence":943,"minecraft:chicken_spawn_egg":20,"minecraft:smooth_quartz":1031,"minecraft:totem_of_undying":1,"minecraft:mud_bricks":49,"minecraft:blaze_spawn_egg":45,"minecraft:waxed_exposed_cut_copper_slab":48,"minecraft:tripwire_hook":53,"minecraft:purple_concrete":3,"minecraft:glowstone":141,"minecraft:tall_grass":3,"minecraft:beef":2,"minecraft:gray_glazed_terracotta":13,"minecraft:magenta_wool":10,"minecraft:iron_trapdoor":1,"minecraft:acacia_wood":25,"minecraft:cobbled_deepslate":3170,"minecraft:orange_terracotta":115,"minecraft:observer":48,"minecraft:golden_axe":33,"minecraft:hanging_roots":204,"minecraft:pointed_dripstone":312,"minecraft:water_bucket":7223,"minecraft:dirt_path":293,"minecraft:lime_wool":2,"minecraft:cartography_table":12,"minecraft:red_mushroom_block":31,"minecraft:fletching_table":2,"minecraft:horse_spawn_egg":42,"minecraft:polished_blackstone_bricks":65,"minecraft:cracked_stone_bricks":1893,"minecraft:pink_concrete":303,"minecraft:mossy_cobblestone":100,"minecraft:orange_carpet":4,"minecraft:comparator":15,"minecraft:vine":1895,"minecraft:tnt":209,"minecraft:crafting_table":155,"minecraft:oak_slab":304,"minecraft:birch_sign":36,"minecraft:cake":2,"minecraft:deepslate_tile_wall":3,"minecraft:oak_log":883,"minecraft:mud":1,"minecraft:ender_eye":19,"minecraft:cornflower":61,"minecraft:oxeye_daisy":49,"minecraft:mangrove_propagule":9,"minecraft:iron_pickaxe":7667,"minecraft:purpur_slab":1,"minecraft:music_disc_blocks":1,"minecraft:crimson_nylium":139,"minecraft:chiseled_stone_bricks":156,"minecraft:cobblestone":2355,"minecraft:red_concrete_powder":121,"minecraft:acacia_pressure_plate":46,"minecraft:glass_pane":25,"minecraft:black_candle":162,"minecraft:goat_spawn_egg":26,"minecraft:brown_mushroom_block":119,"minecraft:jukebox":14,"minecraft:kelp":324,"minecraft:candle":8,"minecraft:iron_shovel":6118,"minecraft:oak_sign":21,"minecraft:diamond_hoe":301,"minecraft:white_concrete_powder":585,"minecraft:shield":20,"minecraft:white_terracotta":732,"minecraft:iron_sword":504,"minecraft:zombie_spawn_egg":101,"minecraft:bell":14,"minecraft:player_head":7,"minecraft:smooth_sandstone_stairs":46,"minecraft:debug_stick":283,"minecraft:white_candle":4,"minecraft:birch_pressure_plate":11,"minecraft:nether_bricks":1,"minecraft:carrot":14,"minecraft:deepslate_tile_slab":9,"minecraft:tuff":1066,"minecraft:cyan_wool":2,"minecraft:milk_bucket":13,"minecraft:glass":1770,"minecraft:coal_ore":3,"minecraft:quartz_slab":144,"minecraft:packed_mud":315,"minecraft:dark_oak_wood":3,"minecraft:crimson_roots":10,"minecraft:hopper_minecart":16,"minecraft:stone_bricks":5639,"minecraft:bedrock":911,"minecraft:repeater":48,"minecraft:red_carpet":341,"minecraft:redstone_lamp":331,"minecraft:magma_block":71,"minecraft:infested_cracked_stone_bricks":170,"minecraft:warped_fungus":7,"minecraft:hay_block":339,"minecraft:scaffolding":419,"minecraft:gray_bed":4,"minecraft:beetroot_seeds":8,"minecraft:polished_diorite_stairs":96,"minecraft:polished_blackstone_stairs":8,"minecraft:dark_oak_stairs":177,"minecraft:witch_spawn_egg":7,"minecraft:birch_leaves":9,"minecraft:dark_oak_sign":6,"minecraft:birch_wood":218,"minecraft:ender_pearl":108,"minecraft:redstone_block":81,"minecraft:blue_bed":16,"minecraft:loom":14,"minecraft:black_banner":57,"minecraft:cave_spider_spawn_egg":1,"minecraft:dead_bubble_coral":1,"minecraft:sponge":2,"minecraft:blackstone_wall":71,"minecraft:dripstone_block":1314,"minecraft:black_bed":7,"minecraft:stone_brick_wall":372,"minecraft:cobbled_deepslate_stairs":462,"minecraft:shears":899,"minecraft:redstone_torch":116,"minecraft:green_concrete":157,"minecraft:melon_slice":16,"minecraft:black_concrete":851,"minecraft:firework_rocket":955,"minecraft:string":88,"minecraft:birch_fence_gate":9,"minecraft:heavy_weighted_pressure_plate":24,"minecraft:light_gray_concrete":7,"minecraft:brown_stained_glass":6,"minecraft:light_gray_candle":11,"minecraft:gravel":91,"minecraft:blackstone_slab":27,"minecraft:jungle_sign":7,"minecraft:oak_fence":2043,"minecraft:stripped_oak_wood":154,"minecraft:purpur_block":9,"minecraft:grindstone":112,"minecraft:petrified_oak_slab":275,"minecraft:crimson_door":13,"minecraft:azalea":232,"minecraft:warped_button":3,"minecraft:white_concrete":769,"minecraft:experience_bottle":109,"minecraft:andesite":535,"minecraft:chest_minecart":6,"minecraft:cobweb":292,"minecraft:tropical_fish_bucket":101,"minecraft:golden_pickaxe":151,"minecraft:jungle_leaves":250,"minecraft:trident":140,"minecraft:music_disc_otherside":2,"minecraft:cracked_deepslate_bricks":1,"minecraft:tropical_fish":1,"minecraft:stone_shovel":1379,"minecraft:zombie_villager_spawn_egg":66,"minecraft:light_blue_terracotta":10,"minecraft:spruce_planks":729,"minecraft:wooden_shovel":216,"minecraft:cut_copper_stairs":4,"minecraft:oak_door":15,"minecraft:spyglass":12,"minecraft:white_carpet":56,"minecraft:hopper":30,"minecraft:spruce_stairs":389,"minecraft:cobblestone_wall":249,"minecraft:warped_door":17,"minecraft:shulker_box":2,"minecraft:pink_carpet":4,"minecraft:oak_wood":297,"minecraft:granite":115,"minecraft:light_blue_stained_glass":8,"minecraft:birch_door":15,"minecraft:andesite_wall":7,"minecraft:stone_brick_slab":2014,"minecraft:dark_oak_planks":443,"minecraft:red_tulip":7,"minecraft:bookshelf":212,"minecraft:yellow_stained_glass":8,"minecraft:acacia_slab":2394,"minecraft:red_candle":5,"minecraft:polished_blackstone_brick_stairs":2,"minecraft:crimson_planks":438,"minecraft:magma_cube_spawn_egg":1,"minecraft:light_gray_wool":245,"minecraft:golden_carrot":128,"minecraft:wolf_spawn_egg":1,"minecraft:white_stained_glass_pane":73,"minecraft:stone_pressure_plate":146,"minecraft:red_dye":4,"minecraft:brown_candle":16,"minecraft:brown_bed":5,"minecraft:turtle_spawn_egg":8,"minecraft:cooked_mutton":86,"minecraft:acacia_boat":17,"minecraft:pink_tulip":4,"minecraft:amethyst_block":20,"minecraft:blue_wool":231,"minecraft:glass_bottle":13,"minecraft:netherite_chestplate":3,"minecraft:polished_andesite":13,"minecraft:mud_brick_slab":7,"minecraft:pink_banner":35,"minecraft:black_shulker_box":12,"minecraft:stonecutter":22,"minecraft:beacon":7,"minecraft:cobblestone_slab":35,"minecraft:jungle_wood":461,"minecraft:glow_item_frame":62,"minecraft:polished_blackstone_pressure_plate":8,"minecraft:mangrove_trapdoor":90,"minecraft:stripped_dark_oak_log":2,"minecraft:terracotta":10,"minecraft:strider_spawn_egg":22,"minecraft:dead_fire_coral_block":5,"minecraft:painting":90,"minecraft:smoker":14,"minecraft:dark_oak_door":18,"minecraft:activator_rail":3,"minecraft:acacia_stairs":1161,"minecraft:apple":15,"minecraft:cracked_polished_blackstone_bricks":2,"minecraft:map":9,"minecraft:netherite_axe":1,"minecraft:acacia_fence_gate":60,"minecraft:fishing_rod":93,"minecraft:white_banner":90,"minecraft:jungle_door":7,"minecraft:red_banner":237,"minecraft:bucket":577,"minecraft:yellow_bed":1,"minecraft:polished_blackstone_button":34,"minecraft:smooth_stone":152,"minecraft:splash_potion":15,"minecraft:soul_torch":643,"minecraft:lime_candle":11},"minecraft:mined":{"minecraft:blue_carpet":1,"minecraft:white_bed":64,"minecraft:fire_coral_wall_fan":3,"minecraft:granite":820,"minecraft:deepslate_tile_wall":3,"minecraft:acacia_log":2336,"minecraft:light_gray_bed":1,"minecraft:blue_wool":2,"minecraft:oak_wall_sign":2,"minecraft:nether_wart":20,"minecraft:spawner":4,"minecraft:polished_blackstone_bricks":105,"minecraft:magma_block":150,"minecraft:dark_oak_trapdoor":23,"minecraft:fire":327,"minecraft:barrel":17,"minecraft:cobbled_deepslate":1,"minecraft:fletching_table":1,"minecraft:pink_tulip":5,"minecraft:white_banner":5,"minecraft:tripwire":6,"minecraft:cut_sandstone":26,"minecraft:blue_concrete_powder":4,"minecraft:kelp_plant":31,"minecraft:smoker":4,"minecraft:crimson_nylium":6,"minecraft:torch":166,"minecraft:dark_oak_wood":1,"minecraft:melon":25,"minecraft:white_stained_glass_pane":2,"minecraft:dead_bush":9,"minecraft:spruce_wall_sign":2,"minecraft:sugar_cane":2991,"minecraft:bricks":14,"minecraft:birch_sapling":7,"minecraft:chain":12,"minecraft:repeater":10,"minecraft:jungle_wood":1,"minecraft:mud":60,"minecraft:tinted_glass":7,"minecraft:jukebox":2,"minecraft:wither_rose":1,"minecraft:grass":1943,"minecraft:dark_oak_sapling":7,"minecraft:smooth_quartz":2,"minecraft:mangrove_log":11,"minecraft:deepslate":68,"minecraft:purple_glazed_terracotta":3,"minecraft:dark_prismarine":1,"minecraft:mossy_cobblestone":108,"minecraft:dark_oak_log":328,"minecraft:sea_lantern":1,"minecraft:end_stone":65,"minecraft:birch_fence_gate":1,"minecraft:dark_oak_fence":16,"minecraft:spruce_fence":3,"minecraft:acacia_button":1,"minecraft:redstone_wire":127,"minecraft:cartography_table":10,"minecraft:horn_coral":1,"minecraft:redstone_ore":628,"minecraft:packed_mud":33,"minecraft:acacia_trapdoor":2,"minecraft:andesite":944,"minecraft:big_dripleaf_stem":2,"minecraft:cobblestone_slab":12,"minecraft:vine":294,"minecraft:rail":801,"minecraft:brain_coral_wall_fan":1,"minecraft:bone_block":2,"minecraft:fire_coral_block":17,"minecraft:green_wool":1,"minecraft:oak_slab":79,"minecraft:redstone_block":11,"minecraft:glass_pane":40,"minecraft:soul_sand":204,"minecraft:dandelion":55,"minecraft:fire_coral":4,"minecraft:cornflower":65,"minecraft:warped_roots":4,"minecraft:copper_ore":14,"minecraft:tall_grass":342,"minecraft:brain_coral_fan":1,"minecraft:campfire":12,"minecraft:lightning_rod":1,"minecraft:purpur_pillar":3,"minecraft:diorite":879,"minecraft:orange_carpet":5,"minecraft:warped_wart_block":2,"minecraft:trapped_chest":12,"minecraft:cobblestone_wall":25,"minecraft:light_blue_bed":3,"minecraft:stripped_spruce_wood":2,"minecraft:pink_wall_banner":10,"minecraft:mangrove_leaves":3,"minecraft:dark_oak_button":4,"minecraft:sunflower":12,"minecraft:gravel":452,"minecraft:cobweb":179,"minecraft:brown_terracotta":16,"minecraft:stone_bricks":683,"minecraft:gold_ore":262,"minecraft:fern":6,"minecraft:stone_pressure_plate":2,"minecraft:oak_sapling":18,"minecraft:farmland":24,"minecraft:andesite_stairs":7,"minecraft:orange_wool":1,"minecraft:brewing_stand":3,"minecraft:spruce_trapdoor":47,"minecraft:cracked_polished_blackstone_bricks":37,"minecraft:bubble_coral_fan":1,"minecraft:polished_blackstone_brick_slab":5,"minecraft:composter":21,"minecraft:gilded_blackstone":3,"minecraft:pointed_dripstone":1,"minecraft:flowering_azalea_leaves":4,"minecraft:iron_bars":57,"minecraft:potted_cornflower":1,"minecraft:azalea":7,"minecraft:granite_stairs":5,"minecraft:spruce_slab":20,"minecraft:quartz_block":9,"minecraft:orange_terracotta":32,"minecraft:lime_candle":1,"minecraft:light_gray_terracotta":5,"minecraft:nether_quartz_ore":662,"minecraft:oak_planks":459,"minecraft:wall_torch":194,"minecraft:cauldron":16,"minecraft:stone_stairs":7,"minecraft:fire_coral_fan":2,"minecraft:warped_nylium":1,"minecraft:blue_terracotta":2,"minecraft:powered_rail":31,"minecraft:dark_oak_slab":3,"minecraft:tnt":36,"minecraft:smooth_stone_slab":4,"minecraft:oak_log":780,"minecraft:beetroots":10,"minecraft:dirt":6556,"minecraft:dispenser":3,"minecraft:ancient_debris":11,"minecraft:crying_obsidian":9,"minecraft:dark_oak_leaves":117,"minecraft:mangrove_roots":45,"minecraft:lever":5,"minecraft:ladder":88,"minecraft:tube_coral_wall_fan":5,"minecraft:stone_button":9,"minecraft:birch_slab":2,"minecraft:spruce_leaves":619,"minecraft:acacia_slab":374,"minecraft:crimson_stem":1,"minecraft:hay_block":395,"minecraft:polished_basalt":1,"minecraft:peony":34,"minecraft:gold_block":13,"minecraft:bookshelf":53,"minecraft:shroomlight":3,"minecraft:stripped_oak_log":8,"minecraft:scaffolding":12,"minecraft:acacia_leaves":2508,"minecraft:snow_block":276,"minecraft:stripped_dark_oak_log":2,"minecraft:basalt":122,"minecraft:oak_fence":250,"minecraft:stone_slab":2,"minecraft:polished_blackstone_brick_stairs":4,"minecraft:prismarine_bricks":1,"minecraft:birch_planks":619,"minecraft:dead_fire_coral_block":5,"minecraft:bubble_coral":2,"minecraft:sea_pickle":71,"minecraft:ice":72,"minecraft:white_wall_banner":10,"minecraft:bee_nest":1,"minecraft:muddy_mangrove_roots":1,"minecraft:cocoa":17,"minecraft:flower_pot":3,"minecraft:cracked_stone_bricks":18,"minecraft:stripped_acacia_wood":12,"minecraft:mossy_stone_bricks":26,"minecraft:dark_oak_planks":71,"minecraft:polished_granite_slab":1,"minecraft:jungle_leaves":6,"minecraft:obsidian":32,"minecraft:carved_pumpkin":4,"minecraft:chiseled_polished_blackstone":2,"minecraft:stone_brick_wall":23,"minecraft:jungle_log":27,"minecraft:horn_coral_fan":1,"minecraft:deepslate_bricks":2,"minecraft:purpur_slab":1,"minecraft:diorite_stairs":1,"minecraft:bubble_coral_block":21,"minecraft:crimson_fungus":2,"minecraft:tube_coral_block":3,"minecraft:hopper":6,"minecraft:oxeye_daisy":50,"minecraft:chiseled_stone_bricks":22,"minecraft:light_blue_stained_glass":1,"minecraft:weeping_vines_plant":1,"minecraft:tall_seagrass":102,"minecraft:sticky_piston":10,"minecraft:moss_carpet":3,"minecraft:pumpkin":5,"minecraft:sculk_shrieker":2,"minecraft:oak_sign":2,"minecraft:cave_vines":26,"minecraft:dirt_path":96,"minecraft:oak_stairs":69,"minecraft:crimson_sign":1,"minecraft:blue_orchid":51,"minecraft:iron_block":24,"minecraft:piston_head":6,"minecraft:soul_wall_torch":4,"minecraft:brown_mushroom":2,"minecraft:red_bed":2,"minecraft:blast_furnace":4,"minecraft:glass":167,"minecraft:cyan_bed":1,"minecraft:damaged_anvil":1,"minecraft:smooth_sandstone_slab":3,"minecraft:wheat":4465,"minecraft:birch_door":4,"minecraft:warped_fungus":3,"minecraft:stone_brick_stairs":88,"minecraft:oak_fence_gate":3,"minecraft:loom":2,"minecraft:red_mushroom_block":13,"minecraft:stonecutter":20,"minecraft:piston":16,"minecraft:stripped_birch_log":16,"minecraft:shulker_box":1,"minecraft:nether_bricks":3,"minecraft:allium":3,"minecraft:jungle_planks":53,"minecraft:crimson_roots":10,"minecraft:crimson_button":1,"minecraft:kelp":43,"minecraft:moss_block":3,"minecraft:horn_coral_wall_fan":4,"minecraft:pink_wool":4,"minecraft:polished_blackstone_button":1,"minecraft:snow":32,"minecraft:acacia_wood":3,"minecraft:white_glazed_terracotta":18,"minecraft:potatoes":137,"minecraft:warped_stem":6,"minecraft:bamboo":22,"minecraft:white_wool":134,"minecraft:cake":1,"minecraft:brain_coral":1,"minecraft:smithing_table":2,"minecraft:light_gray_carpet":3,"minecraft:comparator":2,"minecraft:stone_brick_slab":180,"minecraft:observer":19,"minecraft:smooth_sandstone":8,"minecraft:cracked_deepslate_bricks":1,"minecraft:big_dripleaf":2,"minecraft:white_carpet":18,"minecraft:spruce_log":617,"minecraft:birch_leaves":99,"minecraft:acacia_door":2,"minecraft:acacia_planks":847,"minecraft:spruce_fence_gate":2,"minecraft:spruce_planks":41,"minecraft:cobblestone_stairs":12,"minecraft:potted_cactus":2,"minecraft:cave_vines_plant":11,"minecraft:grass_block":5624,"minecraft:mud_bricks":4,"minecraft:sandstone_stairs":1,"minecraft:smooth_stone":88,"minecraft:glowstone":128,"minecraft:iron_ore":1166,"minecraft:target":1,"minecraft:anvil":3,"minecraft:azure_bluet":78,"minecraft:dark_oak_stairs":49,"minecraft:azalea_leaves":5,"minecraft:end_stone_bricks":2,"minecraft:brain_coral_block":5,"minecraft:blackstone":46,"minecraft:melon_stem":1,"minecraft:clay":420,"minecraft:calcite":3,"minecraft:poppy":136,"minecraft:chest":41,"minecraft:mushroom_stem":6,"minecraft:cobblestone":706,"minecraft:slime_block":9,"minecraft:grindstone":7,"minecraft:iron_door":23,"minecraft:seagrass":158,"minecraft:acacia_sapling":91,"minecraft:dark_oak_door":4,"minecraft:nether_wart_block":1,"minecraft:yellow_wool":1,"minecraft:birch_log":421,"minecraft:light_gray_wool":1,"minecraft:orange_tulip":23,"minecraft:diorite_wall":50,"minecraft:acacia_fence":85,"minecraft:sand":1050,"minecraft:tripwire_hook":2,"minecraft:wither_skeleton_skull":4,"minecraft:netherrack":6107,"minecraft:polished_deepslate_wall":1,"minecraft:oak_leaves":904,"minecraft:horn_coral_block":6,"minecraft:redstone_lamp":11,"minecraft:nether_gold_ore":147,"minecraft:tube_coral":1,"minecraft:diamond_ore":50,"minecraft:tuff":15,"minecraft:oak_door":6,"minecraft:dark_oak_pressure_plate":2,"minecraft:black_banner":1,"minecraft:white_stained_glass":1,"minecraft:sandstone":94,"minecraft:mangrove_propagule":10,"minecraft:large_fern":2,"minecraft:spore_blossom":1,"minecraft:oak_trapdoor":23,"minecraft:spruce_sapling":14,"minecraft:furnace":21,"minecraft:carrots":9,"minecraft:red_concrete_powder":2,"minecraft:chiseled_sandstone":4,"minecraft:acacia_stairs":88,"minecraft:black_concrete":12,"minecraft:bell":1,"minecraft:polished_deepslate":1,"minecraft:lantern":93,"minecraft:stripped_acacia_log":17,"minecraft:packed_ice":1,"minecraft:chorus_plant":4,"minecraft:white_tulip":14,"minecraft:stone":13003,"minecraft:redstone_wall_torch":3,"minecraft:flowering_azalea":5,"minecraft:red_wool":9,"minecraft:infested_stone_bricks":4,"minecraft:spruce_door":14,"minecraft:red_banner":1,"minecraft:crafting_table":108,"minecraft:blackstone_slab":3,"minecraft:rose_bush":30,"minecraft:sculk_sensor":3,"minecraft:lectern":678,"minecraft:lapis_ore":87,"minecraft:lily_pad":135,"minecraft:blue_bed":5,"minecraft:spruce_stairs":32,"minecraft:gray_wool":3,"minecraft:cactus":8,"minecraft:acacia_fence_gate":22,"minecraft:redstone_torch":31,"minecraft:sweet_berry_bush":35,"minecraft:coal_ore":3009,"minecraft:end_rod":7,"minecraft:bubble_coral_wall_fan":3,"minecraft:lodestone":1,"minecraft:terracotta":32,"minecraft:polished_andesite":2,"minecraft:acacia_wall_sign":11,"minecraft:birch_fence":2},"minecraft:dropped":{"minecraft:iron_sword":9,"minecraft:porkchop":26,"minecraft:respawn_anchor":4,"minecraft:lapis_lazuli":46,"minecraft:glow_ink_sac":2,"minecraft:chorus_fruit":0,"minecraft:glass_bottle":3,"minecraft:diamond":4,"minecraft:crafting_table":2,"minecraft:cooked_porkchop":50,"minecraft:warped_fungus_on_a_stick":2,"minecraft:weeping_vines":2,"minecraft:glow_berries":9,"minecraft:warped_roots":3,"minecraft:cracked_stone_bricks":1,"minecraft:red_mushroom":18,"minecraft:emerald":207,"minecraft:gold_block":6,"minecraft:red_bed":1,"minecraft:birch_fence":2,"minecraft:dark_oak_fence":1,"minecraft:netherite_boots":5,"minecraft:writable_book":24,"minecraft:gold_nugget":24,"minecraft:acacia_fence_gate":1,"minecraft:sand":30,"minecraft:dark_oak_planks":16,"minecraft:fishing_rod":6,"minecraft:white_wool":4,"minecraft:stone_axe":3,"minecraft:compass":1,"minecraft:goat_horn":1,"minecraft:lever":47,"minecraft:ancient_debris":0,"minecraft:iron_nugget":6,"minecraft:cooked_chicken":64,"minecraft:black_carpet":1,"minecraft:netherite_sword":11,"minecraft:wheat":150,"minecraft:obsidian":1,"minecraft:rotten_flesh":285,"minecraft:oak_planks":79,"minecraft:glowstone_dust":7,"minecraft:golden_shovel":0,"minecraft:azure_bluet":0,"minecraft:dead_fire_coral_block":10,"minecraft:warped_planks":6,"minecraft:blue_stained_glass":0,"minecraft:red_candle":0,"minecraft:quartz_block":3,"minecraft:jungle_log":0,"minecraft:leather_boots":5,"minecraft:acacia_sapling":9,"minecraft:leather_leggings":7,"minecraft:painting":3,"minecraft:glass":133,"minecraft:beef":30,"minecraft:warped_wart_block":23,"minecraft:stone_brick_stairs":2,"minecraft:acacia_fence":10,"minecraft:golden_boots":3,"minecraft:black_dye":2,"minecraft:wheat_seeds":6753,"minecraft:dripstone_block":1,"minecraft:netherite_chestplate":2,"minecraft:book":9,"minecraft:salmon_bucket":0,"minecraft:golden_apple":25,"minecraft:mushroom_stew":10,"minecraft:acacia_sign":2,"minecraft:gray_wool":0,"minecraft:ink_sac":0,"minecraft:wooden_axe":1,"minecraft:cooked_salmon":6,"minecraft:potion":8,"minecraft:oak_stairs":5,"minecraft:pumpkin":8,"minecraft:golden_hoe":0,"minecraft:white_banner":3,"minecraft:red_dye":27,"minecraft:mud":1,"minecraft:chainmail_leggings":1,"minecraft:smooth_sandstone":1,"minecraft:trapped_chest":2,"minecraft:lily_pad":9,"minecraft:acacia_planks":6,"minecraft:stone_brick_slab":0,"minecraft:snow_block":0,"minecraft:bricks":32,"minecraft:netherite_hoe":1,"minecraft:cocoa_beans":3,"minecraft:experience_bottle":0,"minecraft:white_carpet":2,"minecraft:iron_boots":6,"minecraft:structure_block":3,"minecraft:name_tag":1,"minecraft:white_terracotta":20,"minecraft:debug_stick":2,"minecraft:shears":4,"minecraft:deepslate_lapis_ore":1,"minecraft:suspicious_stew":0,"minecraft:diamond_sword":6,"minecraft:flower_pot":1,"minecraft:sea_pickle":2,"minecraft:spruce_trapdoor":1,"minecraft:spruce_planks":48,"minecraft:diamond_pickaxe":2,"minecraft:popped_chorus_fruit":2,"minecraft:redstone_torch":1,"minecraft:stone_pressure_plate":1,"minecraft:stone_bricks":31,"minecraft:bamboo":1,"minecraft:sandstone":0,"minecraft:bow":29,"minecraft:horse_spawn_egg":3,"minecraft:magma_block":10,"minecraft:terracotta":15,"minecraft:acacia_boat":4,"minecraft:soul_sand":39,"minecraft:moss_block":1,"minecraft:orange_dye":0,"minecraft:warped_fungus":72,"minecraft:oak_log":132,"minecraft:golden_pickaxe":1,"minecraft:ender_pearl":5,"minecraft:jungle_fence":0,"minecraft:leather":6,"minecraft:red_wool":13,"minecraft:jungle_planks":0,"minecraft:mangrove_planks":16,"minecraft:cod":2,"minecraft:cracked_polished_blackstone_bricks":1,"minecraft:panda_spawn_egg":0,"minecraft:dark_oak_log":71,"minecraft:mutton":2,"minecraft:snowball":0,"minecraft:blaze_spawn_egg":1,"minecraft:axolotl_bucket":0,"minecraft:crimson_door":1,"minecraft:cauldron":3,"minecraft:gold_ingot":157,"minecraft:red_glazed_terracotta":12,"minecraft:chiseled_polished_blackstone":2,"minecraft:spyglass":0,"minecraft:soul_lantern":1,"minecraft:pointed_dripstone":3,"minecraft:cooked_mutton":8,"minecraft:acacia_stairs":1,"minecraft:leather_chestplate":6,"minecraft:mangrove_log":10,"minecraft:trident":5,"minecraft:oak_wood":0,"minecraft:stone_brick_wall":1,"minecraft:acacia_slab":7,"minecraft:iron_ore":12,"minecraft:iron_bars":3,"minecraft:white_concrete_powder":1,"minecraft:scaffolding":2,"minecraft:splash_potion":1,"minecraft:acacia_pressure_plate":1,"minecraft:stone_hoe":2,"minecraft:bread":319,"minecraft:vine":0,"minecraft:golden_helmet":2,"minecraft:netherite_axe":3,"minecraft:mangrove_propagule":2,"minecraft:golden_axe":0,"minecraft:jungle_wood":0,"minecraft:tropical_fish":16,"minecraft:spruce_stairs":2,"minecraft:parrot_spawn_egg":0,"minecraft:acacia_log":35,"minecraft:acacia_trapdoor":2,"minecraft:iron_block":4,"minecraft:milk_bucket":2,"minecraft:light_blue_wool":2,"minecraft:melon_slice":16,"minecraft:iron_door":1,"minecraft:jungle_door":0,"minecraft:crimson_sign":0,"minecraft:fire_charge":1,"minecraft:pink_banner":7,"minecraft:jungle_leaves":0,"minecraft:polished_blackstone_brick_slab":2,"minecraft:cactus":2,"minecraft:tripwire_hook":4,"minecraft:polished_diorite":40,"minecraft:blue_terracotta":1,"minecraft:kelp":36,"minecraft:sweet_berries":116,"minecraft:light_gray_terracotta":5,"minecraft:tall_grass":0,"minecraft:sculk_sensor":4,"minecraft:villager_spawn_egg":0,"minecraft:dirt_path":2,"minecraft:netherite_leggings":3,"minecraft:flint_and_steel":7,"minecraft:andesite":3,"minecraft:golden_leggings":3,"minecraft:oak_sapling":9,"minecraft:cow_spawn_egg":1,"minecraft:wooden_pickaxe":1,"minecraft:brick":77,"minecraft:acacia_wood":3,"minecraft:oak_pressure_plate":3,"minecraft:cooked_beef":186,"minecraft:crossbow":15,"minecraft:cookie":12,"minecraft:turtle_spawn_egg":1,"minecraft:saddle":3,"minecraft:elytra":3,"minecraft:rail":9,"minecraft:leather_helmet":16,"minecraft:item_frame":0,"minecraft:red_carpet":0,"minecraft:packed_mud":32,"minecraft:dirt":563,"minecraft:grass":15,"minecraft:yellow_dye":31,"minecraft:chain":3,"minecraft:wooden_sword":0,"minecraft:bone_meal":0,"minecraft:phantom_membrane":1,"minecraft:iron_pickaxe":15,"minecraft:dark_oak_boat":0,"minecraft:blue_bed":0,"minecraft:cyan_carpet":1,"minecraft:bone":53,"minecraft:green_wool":1,"minecraft:oak_door":1,"minecraft:sugar_cane":40,"minecraft:nether_brick":21,"minecraft:birch_sapling":0,"minecraft:end_stone":0,"minecraft:white_bed":3,"minecraft:acacia_button":0,"minecraft:tipped_arrow":1,"minecraft:heavy_weighted_pressure_plate":1,"minecraft:hopper":1,"minecraft:ladder":36,"minecraft:strider_spawn_egg":2,"minecraft:white_glazed_terracotta":3,"minecraft:dead_tube_coral_block":3,"minecraft:egg":11,"minecraft:enchanted_book":1,"minecraft:iron_ingot":1069,"minecraft:wolf_spawn_egg":0,"minecraft:netherite_pickaxe":1,"minecraft:birch_leaves":3,"minecraft:mangrove_leaves":8,"minecraft:tnt":10,"minecraft:netherite_helmet":4,"minecraft:oak_fence":20,"minecraft:iron_helmet":6,"minecraft:feather":12,"minecraft:cobblestone":3321,"minecraft:apple":30,"minecraft:granite":8,"minecraft:spruce_door":1,"minecraft:polished_blackstone_button":2,"minecraft:coal":92,"minecraft:end_rod":0,"minecraft:golden_carrot":91,"minecraft:wooden_hoe":7,"minecraft:rabbit":1,"minecraft:diamond_helmet":0,"minecraft:brown_terracotta":1,"minecraft:heart_of_the_sea":1,"minecraft:iron_shovel":2,"minecraft:paper":48,"minecraft:string":111,"minecraft:spruce_sapling":10,"minecraft:moss_carpet":7,"minecraft:stone_sword":2,"minecraft:cobblestone_wall":5,"minecraft:smooth_stone_slab":4,"minecraft:bowl":15,"minecraft:diamond_hoe":1,"minecraft:chicken":10,"minecraft:slime_block":13,"minecraft:lightning_rod":0,"minecraft:target":0,"minecraft:big_dripleaf":1,"minecraft:potato":295,"minecraft:hay_block":1,"minecraft:stone":295,"minecraft:carved_pumpkin":0,"minecraft:spider_eye":17,"minecraft:birch_boat":1,"minecraft:blue_orchid":2,"minecraft:red_tulip":1,"minecraft:black_wool":3,"minecraft:brown_mushroom":17,"minecraft:birch_planks":20,"minecraft:diamond_axe":4,"minecraft:baked_potato":335,"minecraft:stripped_birch_wood":1,"minecraft:lantern":51,"minecraft:deepslate_tile_wall":1,"minecraft:flint":1,"minecraft:spruce_leaves":20,"minecraft:dispenser":1,"minecraft:cornflower":1,"minecraft:crimson_roots":8,"minecraft:seagrass":5,"minecraft:gilded_blackstone":4,"minecraft:polished_blackstone_bricks":3,"minecraft:acacia_door":1,"minecraft:birch_log":45,"minecraft:gravel":79,"minecraft:crimson_fungus":2,"minecraft:blackstone":2,"minecraft:pig_spawn_egg":5,"minecraft:fern":4,"minecraft:diamond_shovel":0,"minecraft:honey_bottle":45,"minecraft:carrot":23,"minecraft:chainmail_chestplate":1,"minecraft:chiseled_stone_bricks":2,"minecraft:poppy":3361,"minecraft:rabbit_hide":0,"minecraft:oak_fence_gate":0,"minecraft:gunpowder":8,"minecraft:petrified_oak_slab":2,"minecraft:glowstone":17,"minecraft:melon_seeds":53,"minecraft:chest":10,"minecraft:basalt":14,"minecraft:blackstone_slab":5,"minecraft:arrow":973,"minecraft:quartz":138,"minecraft:axolotl_spawn_egg":0,"minecraft:written_book":1,"minecraft:oak_leaves":14,"minecraft:netherrack":95,"minecraft:firework_rocket":118,"minecraft:water_bucket":19,"minecraft:oak_slab":0,"minecraft:mossy_cobblestone":13,"minecraft:diamond_leggings":4,"minecraft:poisonous_potato":6,"minecraft:prismarine_shard":1,"minecraft:lead":3,"minecraft:spectral_arrow":11,"minecraft:dead_horn_coral_block":6,"minecraft:grass_block":22,"minecraft:stick":41,"minecraft:diorite":84,"minecraft:light_blue_stained_glass":0,"minecraft:torch":70,"minecraft:sculk_catalyst":1,"minecraft:brown_wool":0,"minecraft:iron_leggings":4,"minecraft:smooth_quartz_slab":0,"minecraft:flowering_azalea":0,"minecraft:iron_axe":7,"minecraft:bucket":2,"minecraft:music_disc_cat":0,"minecraft:dandelion":2,"minecraft:redstone":1014,"minecraft:farmland":0,"minecraft:anvil":2,"minecraft:chiseled_quartz_block":1,"minecraft:tuff":40,"minecraft:dead_bubble_coral_block":21,"minecraft:light_gray_wool":0,"minecraft:iron_hoe":1,"minecraft:acacia_leaves":3,"minecraft:red_terracotta":8,"minecraft:muddy_mangrove_roots":1,"minecraft:filled_map":15,"minecraft:snow":0,"minecraft:shield":9,"minecraft:diamond_chestplate":3,"minecraft:orange_terracotta":2,"minecraft:iron_chestplate":7,"minecraft:cake":2,"minecraft:mossy_stone_bricks":3,"minecraft:pink_wool":1,"minecraft:oak_boat":1,"minecraft:golden_sword":0,"minecraft:slime_ball":1,"minecraft:diamond_boots":2,"minecraft:stripped_acacia_log":3,"minecraft:stone_pickaxe":2,"minecraft:raw_gold":75,"minecraft:dead_brain_coral_block":5,"minecraft:white_stained_glass":1}},"DataVersion":3337}