{"stats":{"minecraft:used":{"minecraft:diamond_pickaxe":2,"minecraft:baked_potato":1,"minecraft:iron_sword":3,"minecraft:cooked_chicken":8,"minecraft:item_frame":4,"minecraft:sand":8,"minecraft:dirt":2,"minecraft:soul_sand":3,"minecraft:bow":20},"minecraft:killed_by":{"minecraft:drowned":1},"minecraft:custom":{"minecraft:time_since_rest":47178,"minecraft:sprint_one_cm":50145,"minecraft:damage_taken":756,"minecraft:walk_one_cm":299562,"minecraft:drop":113,"minecraft:damage_dealt":205,"minecraft:swim_one_cm":796,"minecraft:talked_to_villager":2,"minecraft:fly_one_cm":5728,"minecraft:target_hit":1,"minecraft:open_chest":3,"minecraft:play_one_minute":85785,"minecraft:crouch_one_cm":13101,"minecraft:deaths":1,"minecraft:sneak_time":14315,"minecraft:walk_under_water_one_cm":34144,"minecraft:boat_one_cm":185093,"minecraft:interact_with_lectern":1,"minecraft:jump":546,"minecraft:leave_game":3,"minecraft:time_since_death":75983,"minecraft:walk_on_water_one_cm":23715,"minecraft:sleep_in_bed":2,"minecraft:climb_one_cm":8870,"minecraft:fall_one_cm":7403,"minecraft:horse_one_cm":7870},"minecraft:picked_up":{"minecraft:stick":39,"minecraft:iron_chestplate":1,"minecraft:torch":10,"minecraft:diamond_sword":1,"minecraft:sand":9,"minecraft:shield":1,"minecraft:dirt":2,"minecraft:iron_leggings":1,"minecraft:item_frame":4,"minecraft:writable_book":6,"minecraft:diamond_boots":1,"minecraft:iron_helmet":1,"minecraft:cooked_chicken":21,"minecraft:baked_potato":55,"minecraft:dark_oak_fence":1,"minecraft:iron_sword":2,"minecraft:iron_boots":1,"minecraft:diamond_pickaxe":2},"minecraft:mined":{"minecraft:azure_bluet":1,"minecraft:grass":1,"minecraft:grass_block":2,"minecraft:sand":9},"minecraft:dropped":{"minecraft:diamond_sword":1,"minecraft:dirt":2,"minecraft:iron_sword":1,"minecraft:shield":1,"minecraft:dark_oak_fence":1,"minecraft:baked_potato":54,"minecraft:torch":10,"minecraft:diamond_pickaxe":2,"minecraft:diamond_boots":1,"minecraft:sand":1,"minecraft:stick":39}},"DataVersion":2586}