{"stats":{"minecraft:used":{"minecraft:flint_and_steel":3,"minecraft:bone_block":68,"minecraft:stone":2,"minecraft:iron_sword":11,"minecraft:cooked_chicken":12,"minecraft:rotten_flesh":26,"minecraft:golden_apple":3,"minecraft:glow_berries":1,"minecraft:dirt":2,"minecraft:crafting_table":2,"minecraft:white_bed":3,"minecraft:black_bed":1,"minecraft:spruce_log":10,"minecraft:wooden_axe":1,"minecraft:wooden_hoe":1,"minecraft:dark_oak_log":34,"minecraft:grass_block":1,"minecraft:iron_axe":2,"minecraft:chicken":33,"minecraft:bread":1,"minecraft:iron_pickaxe":1,"minecraft:beef":9,"minecraft:bow":67,"minecraft:dark_oak_boat":1,"minecraft:cooked_porkchop":1,"minecraft:cooked_beef":10,"minecraft:enchanted_golden_apple":14},"minecraft:picked_up":{"minecraft:birch_log":6,"minecraft:crafting_table":2,"minecraft:wheat":10,"minecraft:cooked_beef":24,"minecraft:splash_potion":1,"minecraft:chicken":2,"minecraft:iron_door":2,"minecraft:leather":2,"minecraft:lily_pad":2,"minecraft:dirt":16,"minecraft:cooked_mutton":4,"minecraft:bone":2,"minecraft:apple":5,"minecraft:bow":1,"minecraft:wheat_seeds":27,"minecraft:rabbit_hide":4,"minecraft:beef":2,"minecraft:cooked_chicken":3,"minecraft:rabbit":2,"minecraft:cooked_porkchop":54,"minecraft:soul_torch":1,"minecraft:arrow":3,"minecraft:golden_apple":2,"minecraft:bread":6,"minecraft:baked_potato":2,"minecraft:glow_berries":1},"minecraft:custom":{"minecraft:mob_kills":3,"minecraft:interact_with_crafting_table":2,"minecraft:interact_with_campfire":4,"minecraft:leave_game":8,"minecraft:time_since_death":194545,"minecraft:sleep_in_bed":7,"minecraft:climb_one_cm":5542,"minecraft:damage_resisted":102,"minecraft:time_since_rest":45296,"minecraft:damage_absorbed":343,"minecraft:sprint_one_cm":304403,"minecraft:damage_taken":144,"minecraft:walk_one_cm":720231,"minecraft:drop":20,"minecraft:damage_dealt":554,"minecraft:fly_one_cm":2046073,"minecraft:open_chest":12,"minecraft:crouch_one_cm":125517,"minecraft:play_time":194545,"minecraft:sneak_time":33683,"minecraft:walk_under_water_one_cm":182,"minecraft:boat_one_cm":120739,"minecraft:jump":3481,"minecraft:walk_on_water_one_cm":8971,"minecraft:total_world_time":194545,"minecraft:fall_one_cm":39117},"minecraft:killed":{"minecraft:skeleton":2,"minecraft:cow":1},"minecraft:mined":{"minecraft:crafting_table":2,"minecraft:birch_log":6},"minecraft:crafted":{"minecraft:wooden_shovel":1,"minecraft:crafting_table":1,"minecraft:wooden_pickaxe":1,"minecraft:birch_planks":24,"minecraft:wooden_hoe":1,"minecraft:stick":12,"minecraft:wooden_axe":1},"minecraft:dropped":{"minecraft:bread":2,"minecraft:cooked_beef":8,"minecraft:baked_potato":2,"minecraft:cooked_porkchop":53,"minecraft:glow_berries":1,"minecraft:enchanted_golden_apple":0,"minecraft:golden_apple":1,"minecraft:arrow":0,"minecraft:beef":2,"minecraft:bone":2}},"DataVersion":3105}