{"stats":{"minecraft:killed":{"minecraft:zombified_piglin":1,"minecraft:pig":9,"minecraft:bee":1},"minecraft:picked_up":{"minecraft:netherite_boots":2,"minecraft:wheat":1,"minecraft:jungle_log":4,"minecraft:pig_spawn_egg":2,"minecraft:wooden_pickaxe":1,"minecraft:jungle_planks":1,"minecraft:porkchop":7,"minecraft:trident":4,"minecraft:netherite_pickaxe":1,"minecraft:netherite_leggings":1,"minecraft:dirt":18,"minecraft:elytra":1,"minecraft:arrow":72,"minecraft:rotten_flesh":1,"minecraft:bow":1,"minecraft:netherite_helmet":1,"minecraft:wheat_seeds":8,"minecraft:gold_nugget":7,"minecraft:netherite_sword":1,"minecraft:beef":5,"minecraft:iron_ingot":3,"minecraft:netherite_chestplate":2,"minecraft:oak_sapling":2,"minecraft:mutton":19,"minecraft:cobblestone":6},"minecraft:dropped":{"minecraft:netherite_pickaxe":1,"minecraft:trident":1,"minecraft:wheat_seeds":4,"minecraft:wheat":1,"minecraft:elytra":1},"minecraft:custom":{"minecraft:time_since_rest":154019,"minecraft:sprint_one_cm":208,"minecraft:damage_taken":10,"minecraft:walk_one_cm":65706,"minecraft:mob_kills":12,"minecraft:drop":8,"minecraft:damage_dealt":225,"minecraft:fly_one_cm":767926,"minecraft:player_kills":7,"minecraft:crouch_one_cm":1649,"minecraft:play_time":162888,"minecraft:deaths":1,"minecraft:sneak_time":3289,"minecraft:aviate_one_cm":89378,"minecraft:jump":126,"minecraft:leave_game":4,"minecraft:walk_on_water_one_cm":499,"minecraft:time_since_death":153999,"minecraft:total_world_time":162888,"minecraft:fall_one_cm":661},"minecraft:used":{"minecraft:trident":146,"minecraft:pig_spawn_egg":82,"minecraft:elytra":1,"minecraft:diamond_sword":2,"minecraft:bow":12}},"DataVersion":2865}