{"stats":{"minecraft:used":{"minecraft:cooked_mutton":2,"minecraft:polished_blackstone_brick_slab":3,"minecraft:writable_book":6,"minecraft:iron_axe":17,"minecraft:bread":1,"minecraft:baked_potato":1,"minecraft:shield":6,"minecraft:stone_axe":16,"minecraft:cookie":5,"minecraft:vine":1,"minecraft:sweet_berries":1,"minecraft:cooked_beef":3},"minecraft:picked_up":{"minecraft:leather_chestplate":1,"minecraft:cooked_beef":10,"minecraft:leather_leggings":1,"minecraft:cookie":4,"minecraft:iron_axe":1,"minecraft:bone":6,"minecraft:arrow":4,"minecraft:rotten_flesh":2,"minecraft:apple":1,"minecraft:tropical_fish":1,"minecraft:writable_book":5,"minecraft:chainmail_helmet":1,"minecraft:baked_potato":18,"minecraft:coal":1},"minecraft:custom":{"minecraft:time_since_rest":48141,"minecraft:walk_one_cm":242427,"minecraft:sprint_one_cm":55092,"minecraft:damage_taken":523,"minecraft:damage_blocked_by_shield":305,"minecraft:mob_kills":9,"minecraft:drop":26,"minecraft:damage_dealt":1362,"minecraft:swim_one_cm":10323,"minecraft:fly_one_cm":94661,"minecraft:open_chest":20,"minecraft:crouch_one_cm":5461,"minecraft:play_time":62806,"minecraft:walk_under_water_one_cm":4610,"minecraft:sneak_time":3362,"minecraft:jump":437,"minecraft:leave_game":1,"minecraft:walk_on_water_one_cm":1013,"minecraft:time_since_death":62806,"minecraft:sleep_in_bed":1,"minecraft:climb_one_cm":653,"minecraft:total_world_time":62806,"minecraft:fall_one_cm":1223,"minecraft:inspect_dispenser":1},"minecraft:killed":{"minecraft:skeleton":3,"minecraft:magma_cube":2,"minecraft:zombie":2,"minecraft:wither_skeleton":2},"minecraft:dropped":{"minecraft:bread":2,"minecraft:leather_chestplate":1,"minecraft:stone_axe":1,"minecraft:sweet_berries":14,"minecraft:cooked_beef":11,"minecraft:leather_leggings":1,"minecraft:rotten_flesh":1,"minecraft:apple":4,"minecraft:iron_axe":1,"minecraft:arrow":4,"minecraft:chainmail_helmet":1,"minecraft:bone":2}},"DataVersion":3105}