{"stats":{"minecraft:used":{"minecraft:iron_shovel":56,"minecraft:ladder":6,"minecraft:oak_planks":143,"minecraft:baked_potato":13,"minecraft:poppy":6,"minecraft:stone":53,"minecraft:oak_door":3,"minecraft:mutton":4,"minecraft:crafting_table":2,"minecraft:deepslate_tile_wall":1,"minecraft:oak_log":23,"minecraft:glass":43,"minecraft:dark_oak_planks":78,"minecraft:acacia_stairs":44,"minecraft:lantern":7,"minecraft:iron_axe":56,"minecraft:oak_stairs":55,"minecraft:bread":8,"minecraft:iron_pickaxe":25,"minecraft:acacia_slab":35,"minecraft:dark_oak_button":1,"minecraft:bow":38,"minecraft:cobblestone":7,"minecraft:sweet_berries":65,"minecraft:cooked_porkchop":1,"minecraft:acacia_fence":7,"minecraft:egg":2,"minecraft:cooked_beef":10,"minecraft:acacia_planks":27,"minecraft:smooth_stone":28},"minecraft:picked_up":{"minecraft:birch_log":45,"minecraft:crafting_table":1,"minecraft:azure_bluet":1,"minecraft:dark_oak_button":2,"minecraft:ladder":1,"minecraft:oak_stairs":6,"minecraft:oak_log":134,"minecraft:dirt":62,"minecraft:paper":4,"minecraft:glass":89,"minecraft:acacia_planks":24,"minecraft:bow":2,"minecraft:wheat_seeds":8,"minecraft:iron_ingot":49,"minecraft:azalea":2,"minecraft:poppy":14,"minecraft:acacia_sapling":1,"minecraft:oak_planks":63,"minecraft:flowering_azalea":1,"minecraft:phantom_membrane":3,"minecraft:egg":1,"minecraft:stone":256,"minecraft:acacia_fence":1,"minecraft:oak_door":2,"minecraft:sweet_berries":76,"minecraft:acacia_log":37,"minecraft:dandelion":1,"minecraft:acacia_stairs":1,"minecraft:dark_oak_log":71,"minecraft:dark_oak_planks":18,"minecraft:arrow":108,"minecraft:diamond":8,"minecraft:bread":30,"minecraft:baked_potato":13,"minecraft:rooted_dirt":1,"minecraft:acacia_slab":1,"minecraft:mutton":4,"minecraft:cobblestone":25,"minecraft:oxeye_daisy":1},"minecraft:custom":{"minecraft:interact_with_furnace":1,"minecraft:mob_kills":2,"minecraft:interact_with_crafting_table":21,"minecraft:open_barrel":8,"minecraft:leave_game":6,"minecraft:time_since_death":240057,"minecraft:sleep_in_bed":1,"minecraft:climb_one_cm":23438,"minecraft:time_since_rest":82753,"minecraft:sprint_one_cm":1040154,"minecraft:damage_taken":1327,"minecraft:walk_one_cm":1202959,"minecraft:drop":4,"minecraft:minecart_one_cm":50542,"minecraft:damage_dealt":116,"minecraft:swim_one_cm":3627,"minecraft:talked_to_villager":1,"minecraft:fly_one_cm":1374386,"minecraft:target_hit":10,"minecraft:open_chest":65,"minecraft:crouch_one_cm":27016,"minecraft:play_time":240057,"minecraft:sneak_time":5402,"minecraft:walk_under_water_one_cm":5512,"minecraft:jump":4842,"minecraft:walk_on_water_one_cm":13358,"minecraft:total_world_time":240057,"minecraft:fall_one_cm":67386},"minecraft:killed":{"minecraft:phantom":2},"minecraft:crafted":{"minecraft:oak_door":3,"minecraft:oak_planks":244,"minecraft:dark_oak_stairs":140,"minecraft:crafting_table":1,"minecraft:acacia_slab":42,"minecraft:acacia_stairs":64,"minecraft:bread":1,"minecraft:iron_axe":1,"minecraft:ladder":6,"minecraft:stick":28,"minecraft:iron_pickaxe":1,"minecraft:oak_stairs":80,"minecraft:iron_shovel":1,"minecraft:acacia_fence":12,"minecraft:acacia_planks":148,"minecraft:dark_oak_planks":284},"minecraft:mined":{"minecraft:dark_oak_planks":3,"minecraft:acacia_leaves":19,"minecraft:oak_door":1,"minecraft:crafting_table":1,"minecraft:ladder":1,"minecraft:grass_block":57,"minecraft:poppy":2,"minecraft:acacia_slab":1,"minecraft:oak_planks":12,"minecraft:rooted_dirt":1,"minecraft:acacia_stairs":1,"minecraft:grass":19,"minecraft:oak_log":7,"minecraft:flowering_azalea_leaves":11,"minecraft:dark_oak_button":2,"minecraft:oak_stairs":5,"minecraft:acacia_fence":1,"minecraft:dirt":5,"minecraft:azalea_leaves":28,"minecraft:acacia_planks":24,"minecraft:stone":25},"minecraft:dropped":{"minecraft:bread":1,"minecraft:wheat_seeds":4,"minecraft:oxeye_daisy":1,"minecraft:arrow":31}},"DataVersion":3105}