{"stats":{"minecraft:picked_up":{"minecraft:sand":2,"minecraft:torch":1,"minecraft:egg":1},"minecraft:custom":{"minecraft:jump":195,"minecraft:time_since_rest":113757,"minecraft:damage_dealt":203,"minecraft:crouch_one_cm":680,"minecraft:leave_game":7,"minecraft:play_time":113757,"minecraft:time_since_death":113757,"minecraft:walk_on_water_one_cm":4072,"minecraft:walk_one_cm":52624,"minecraft:sneak_time":1023,"minecraft:total_world_time":113757,"minecraft:walk_under_water_one_cm":7407,"minecraft:fall_one_cm":418,"minecraft:fly_one_cm":356509},"minecraft:mined":{"minecraft:sand":4}},"DataVersion":3337}