{"stats":{"minecraft:broken":{"minecraft:stone_pickaxe":9,"minecraft:stone_axe":2,"minecraft:wooden_axe":2,"minecraft:stone_shovel":3,"minecraft:stone_sword":2,"minecraft:stone_hoe":6,"minecraft:wooden_pickaxe":5,"minecraft:iron_axe":1},"minecraft:used":{"minecraft:poppy":3,"minecraft:ladder":76,"minecraft:chest":5,"minecraft:stone":6,"minecraft:iron_sword":268,"minecraft:rotten_flesh":1,"minecraft:mutton":4,"minecraft:acacia_button":3,"minecraft:glass":31,"minecraft:lantern":23,"minecraft:stone_bricks":83,"minecraft:sweet_berries":5,"minecraft:furnace":3,"minecraft:oak_sapling":9,"minecraft:acacia_fence":21,"minecraft:egg":3,"minecraft:diorite":11,"minecraft:spruce_door":4,"minecraft:stone_pickaxe":1137,"minecraft:oak_planks":65,"minecraft:wooden_pickaxe":285,"minecraft:composter":4,"minecraft:sugar_cane":35,"minecraft:sand":47,"minecraft:black_banner":1,"minecraft:stone_brick_wall":13,"minecraft:acacia_door":1,"minecraft:bread":99,"minecraft:andesite":1,"minecraft:chain":6,"minecraft:oak_boat":1,"minecraft:stone_sword":180,"minecraft:acacia_log":2,"minecraft:stone_shovel":515,"minecraft:redstone":4,"minecraft:spruce_planks":43,"minecraft:stone_hoe":923,"minecraft:cooked_chicken":5,"minecraft:torch":206,"minecraft:dirt":840,"minecraft:anvil":1,"minecraft:spruce_stairs":14,"minecraft:granite":4,"minecraft:stone_brick_slab":264,"minecraft:wooden_axe":125,"minecraft:iron_axe":479,"minecraft:oak_stairs":31,"minecraft:beef":3,"minecraft:cooked_beef":14,"minecraft:acacia_planks":449,"minecraft:wheat_seeds":258,"minecraft:cooked_mutton":13,"minecraft:water_bucket":9,"minecraft:birch_planks":6,"minecraft:cartography_table":1,"minecraft:stonecutter":1,"minecraft:salmon":1,"minecraft:crafting_table":4,"minecraft:oak_slab":6,"minecraft:lime_bed":1,"minecraft:red_bed":1,"minecraft:white_bed":10,"minecraft:campfire":2,"minecraft:painting":33,"minecraft:cake":1,"minecraft:oak_log":307,"minecraft:flower_pot":3,"minecraft:apple":12,"minecraft:chicken":2,"minecraft:iron_pickaxe":152,"minecraft:map":1,"minecraft:spruce_trapdoor":37,"minecraft:acacia_fence_gate":2,"minecraft:stone_axe":487,"minecraft:fishing_rod":22,"minecraft:cobblestone":145,"minecraft:cooked_porkchop":1,"minecraft:porkchop":13,"minecraft:bucket":9,"minecraft:glass_pane":11,"minecraft:stripped_oak_log":1,"minecraft:dandelion":2,"minecraft:smooth_stone":1},"minecraft:killed":{"minecraft:cave_spider":11,"minecraft:spider":11,"minecraft:skeleton":16,"minecraft:chicken":3,"minecraft:wolf":1,"minecraft:pig":7,"minecraft:salmon":1,"minecraft:creeper":3,"minecraft:sheep":13,"minecraft:pillager":2,"minecraft:zombie":21,"minecraft:cow":9,"minecraft:rabbit":3,"minecraft:squid":8},"minecraft:killed_by":{"minecraft:creeper":1,"minecraft:zombie":1,"minecraft:spider":2,"minecraft:skeleton":3},"minecraft:dropped":{"minecraft:cooked_beef":0,"minecraft:oak_log":0,"minecraft:leather":0,"minecraft:cod":0,"minecraft:dirt":0,"minecraft:stone_axe":0,"minecraft:sugar_cane":0,"minecraft:wheat":0,"minecraft:rotten_flesh":0,"minecraft:oak_planks":0,"minecraft:white_bed":0,"minecraft:salmon":0,"minecraft:rabbit_foot":0,"minecraft:poppy":0,"minecraft:rabbit_hide":0,"minecraft:acacia_sapling":0,"minecraft:painting":0,"minecraft:campfire":0,"minecraft:egg":0,"minecraft:stone_hoe":0,"minecraft:bread":0,"minecraft:wheat_seeds":0,"minecraft:cobblestone":0,"minecraft:acacia_log":0,"minecraft:diorite":0,"minecraft:ink_sac":0,"minecraft:oak_stairs":0,"minecraft:paper":0,"minecraft:string":0,"minecraft:bucket":0,"minecraft:acacia_planks":0,"minecraft:raw_iron":0,"minecraft:stone_shovel":0,"minecraft:chicken":0,"minecraft:stripped_oak_log":0,"minecraft:name_tag":0,"minecraft:shears":0,"minecraft:glass_pane":0,"minecraft:filled_map":0,"minecraft:oak_boat":0,"minecraft:oak_sapling":0,"minecraft:spider_eye":0,"minecraft:sandstone":0,"minecraft:wooden_pickaxe":0},"minecraft:crafted":{"minecraft:brick":24,"minecraft:black_dye":11,"minecraft:smooth_stone":28,"minecraft:oak_planks":196,"minecraft:acacia_pressure_plate":2,"minecraft:cooked_chicken":5,"minecraft:chain":2,"minecraft:stone":168,"minecraft:cooked_mutton":14,"minecraft:cake":1,"minecraft:glass":17,"minecraft:stone_brick_slab":150,"minecraft:chest":5,"minecraft:oak_button":1,"minecraft:acacia_fence":24,"minecraft:stone_hoe":7,"minecraft:black_wool":8,"minecraft:stone_bricks":132,"minecraft:flower_pot":2,"minecraft:oak_slab":42,"minecraft:cooked_porkchop":1,"minecraft:map":1,"minecraft:crafting_table":3,"minecraft:spruce_planks":92,"minecraft:wooden_pickaxe":6,"minecraft:spruce_door":3,"minecraft:acacia_button":1,"minecraft:birch_planks":4,"minecraft:campfire":3,"minecraft:painting":1,"minecraft:cartography_table":1,"minecraft:spruce_trapdoor":16,"minecraft:iron_chestplate":1,"minecraft:paper":21,"minecraft:stick":272,"minecraft:iron_ingot":85,"minecraft:compass":1,"minecraft:iron_pickaxe":1,"minecraft:iron_block":3,"minecraft:stone_sword":2,"minecraft:acacia_door":3,"minecraft:composter":2,"minecraft:shears":2,"minecraft:stone_shovel":6,"minecraft:stone_brick_wall":6,"minecraft:fishing_rod":1,"minecraft:iron_nugget":135,"minecraft:furnace":2,"minecraft:acacia_fence_gate":1,"minecraft:glass_pane":16,"minecraft:lantern":16,"minecraft:iron_axe":2,"minecraft:ladder":63,"minecraft:stone_pickaxe":10,"minecraft:cooked_beef":16,"minecraft:sugar":7,"minecraft:iron_sword":2,"minecraft:black_banner":1,"minecraft:bucket":3,"minecraft:stone_axe":4,"minecraft:bread":41,"minecraft:oak_boat":1,"minecraft:oak_stairs":8,"minecraft:wooden_axe":3,"minecraft:stonecutter":1,"minecraft:anvil":1,"minecraft:white_bed":4,"minecraft:acacia_planks":328,"minecraft:torch":124},"minecraft:custom":{"minecraft:animals_bred":7,"minecraft:interact_with_crafting_table":208,"minecraft:eat_cake_slice":4,"minecraft:leave_game":30,"minecraft:time_since_death":97778,"minecraft:sprint_one_cm":2164350,"minecraft:drop":198,"minecraft:talked_to_villager":2,"minecraft:play_time":869715,"minecraft:deaths":10,"minecraft:jump":10993,"minecraft:walk_on_water_one_cm":109707,"minecraft:interact_with_furnace":292,"minecraft:interact_with_cartography_table":6,"minecraft:sleep_in_bed":60,"minecraft:damage_dealt":18857,"minecraft:crouch_one_cm":4458,"minecraft:horse_one_cm":551,"minecraft:mob_kills":113,"minecraft:interact_with_anvil":2,"minecraft:climb_one_cm":33132,"minecraft:walk_one_cm":3153074,"minecraft:sneak_time":2583,"minecraft:walk_under_water_one_cm":42118,"minecraft:boat_one_cm":487047,"minecraft:total_world_time":869715,"minecraft:pot_flower":2,"minecraft:interact_with_stonecutter":4,"minecraft:time_since_rest":5539,"minecraft:damage_taken":7500,"minecraft:swim_one_cm":60513,"minecraft:fly_one_cm":1772938,"minecraft:open_chest":278,"minecraft:fish_caught":19,"minecraft:fall_one_cm":158602},"minecraft:mined":{"minecraft:white_bed":6,"minecraft:spruce_planks":7,"minecraft:oak_sapling":1,"minecraft:farmland":4,"minecraft:spruce_trapdoor":23,"minecraft:granite":30,"minecraft:acacia_log":81,"minecraft:grass_block":626,"minecraft:stone_brick_wall":9,"minecraft:composter":4,"minecraft:smooth_stone":1,"minecraft:iron_ore":131,"minecraft:pumpkin":4,"minecraft:oak_stairs":31,"minecraft:red_bed":1,"minecraft:clay":6,"minecraft:torch":20,"minecraft:poppy":5,"minecraft:dead_bush":9,"minecraft:glass":10,"minecraft:cobblestone":23,"minecraft:oak_planks":41,"minecraft:sugar_cane":41,"minecraft:wall_torch":45,"minecraft:chain":4,"minecraft:wheat":164,"minecraft:grass":267,"minecraft:oak_log":343,"minecraft:acacia_fence":5,"minecraft:sand":129,"minecraft:dirt":235,"minecraft:oak_leaves":843,"minecraft:ladder":21,"minecraft:acacia_button":3,"minecraft:redstone_wire":4,"minecraft:spruce_leaves":5,"minecraft:sandstone":4,"minecraft:redstone_ore":4,"minecraft:furnace":1,"minecraft:andesite":20,"minecraft:rail":1,"minecraft:lantern":5,"minecraft:stripped_oak_log":6,"minecraft:stone":773,"minecraft:oak_slab":1,"minecraft:acacia_leaves":412,"minecraft:glass_pane":14,"minecraft:stone_brick_slab":45,"minecraft:dandelion":1,"minecraft:spruce_door":2,"minecraft:crafting_table":1,"minecraft:campfire":1,"minecraft:tall_grass":22,"minecraft:diorite":45,"minecraft:spruce_stairs":14,"minecraft:birch_planks":2,"minecraft:lime_bed":1,"minecraft:acacia_fence_gate":1,"minecraft:sweet_berry_bush":2,"minecraft:spruce_log":29,"minecraft:birch_leaves":8,"minecraft:bee_nest":1,"minecraft:coal_ore":97,"minecraft:flower_pot":1,"minecraft:gravel":12,"minecraft:acacia_door":1,"minecraft:cobweb":29,"minecraft:acacia_planks":255,"minecraft:stone_bricks":26,"minecraft:gold_ore":6},"minecraft:picked_up":{"minecraft:wooden_axe":4,"minecraft:iron_chestplate":1,"minecraft:wheat":163,"minecraft:flower_pot":1,"minecraft:oak_stairs":36,"minecraft:string":67,"minecraft:pufferfish":4,"minecraft:smooth_stone":83,"minecraft:bucket":6,"minecraft:spruce_planks":24,"minecraft:acacia_fence_gate":1,"minecraft:iron_pickaxe":1,"minecraft:furnace":1,"minecraft:stick":95,"minecraft:acacia_fence":8,"minecraft:composter":2,"minecraft:torch":92,"minecraft:acacia_log":104,"minecraft:spruce_stairs":20,"minecraft:porkchop":14,"minecraft:diorite":53,"minecraft:rabbit_foot":1,"minecraft:cactus":2,"minecraft:stone_sword":1,"minecraft:rotten_flesh":51,"minecraft:tropical_fish":1,"minecraft:cod":11,"minecraft:cobblestone":847,"minecraft:birch_log":1,"minecraft:feather":14,"minecraft:andesite":49,"minecraft:dirt":1284,"minecraft:lantern":13,"minecraft:name_tag":1,"minecraft:glass":78,"minecraft:bone":55,"minecraft:acacia_planks":272,"minecraft:wheat_seeds":697,"minecraft:raw_gold":6,"minecraft:oak_planks":78,"minecraft:stone_hoe":10,"minecraft:sand":160,"minecraft:ink_sac":25,"minecraft:granite":30,"minecraft:bread":9,"minecraft:oak_sapling":132,"minecraft:fishing_rod":4,"minecraft:charcoal":2,"minecraft:crafting_table":1,"minecraft:chicken":5,"minecraft:ladder":41,"minecraft:clay_ball":24,"minecraft:wooden_pickaxe":7,"minecraft:stone_brick_wall":10,"minecraft:acacia_button":3,"minecraft:chain":4,"minecraft:brick":45,"minecraft:acacia_door":1,"minecraft:red_bed":1,"minecraft:iron_axe":1,"minecraft:glass_pane":15,"minecraft:beef":20,"minecraft:oak_boat":4,"minecraft:iron_nugget":7,"minecraft:poppy":25,"minecraft:spruce_slab":2,"minecraft:sugar_cane":62,"minecraft:spruce_trapdoor":22,"minecraft:egg":6,"minecraft:sandstone":2,"minecraft:raw_iron":138,"minecraft:stone":27,"minecraft:spruce_fence":2,"minecraft:stone_button":2,"minecraft:redstone":23,"minecraft:arrow":48,"minecraft:stone_shovel":4,"minecraft:shears":4,"minecraft:mutton":22,"minecraft:rail":12,"minecraft:white_wool":30,"minecraft:stripped_oak_log":7,"minecraft:lime_bed":1,"minecraft:salmon":7,"minecraft:leather":11,"minecraft:birch_planks":2,"minecraft:filled_map":4,"minecraft:oak_log":416,"minecraft:lily_pad":4,"minecraft:apple":10,"minecraft:stone_bricks":51,"minecraft:rabbit_hide":2,"minecraft:iron_ingot":18,"minecraft:stone_pickaxe":9,"minecraft:iron_sword":6,"minecraft:acacia_sapling":24,"minecraft:oak_slab":3,"minecraft:pumpkin":16,"minecraft:sweet_berries":7,"minecraft:stone_brick_slab":184,"minecraft:dandelion":5,"minecraft:gravel":12,"minecraft:white_bed":9,"minecraft:spruce_log":48,"minecraft:spider_eye":13,"minecraft:spruce_door":3,"minecraft:stone_axe":9,"minecraft:painting":33,"minecraft:oak_button":1,"minecraft:black_wool":5,"minecraft:coal":99}},"DataVersion":2730}