{"stats":{"minecraft:custom":{"minecraft:jump":170,"minecraft:time_since_rest":41225,"minecraft:crouch_one_cm":98,"minecraft:sprint_one_cm":99,"minecraft:leave_game":2,"minecraft:play_time":41225,"minecraft:walk_on_water_one_cm":1108,"minecraft:time_since_death":41225,"minecraft:walk_one_cm":66504,"minecraft:sneak_time":297,"minecraft:total_world_time":41225,"minecraft:walk_under_water_one_cm":737,"minecraft:boat_one_cm":12788,"minecraft:fly_one_cm":69975,"minecraft:horse_one_cm":27486},"minecraft:picked_up":{"minecraft:apple":1,"minecraft:cornflower":1,"minecraft:oxeye_daisy":1}},"DataVersion":2865}