{"stats":{"minecraft:killed":{"minecraft:creeper":1,"minecraft:skeleton":1,"minecraft:zombie":2,"minecraft:villager":1,"minecraft:cow":2},"minecraft:picked_up":{"minecraft:wheat":1,"minecraft:cooked_beef":33,"minecraft:ladder":3,"minecraft:cut_sandstone":16,"minecraft:leather":4,"minecraft:potato":3,"minecraft:diamond_horse_armor":1,"minecraft:enchanted_book":1,"minecraft:lily_pad":3,"minecraft:gunpowder":10,"minecraft:dirt":6,"minecraft:string":8,"minecraft:wooden_sword":1,"minecraft:wheat_seeds":4,"minecraft:iron_ingot":4,"minecraft:beef":4,"minecraft:chest":4,"minecraft:torch":4,"minecraft:chiseled_sandstone":4,"minecraft:rotten_flesh":24,"minecraft:arrow":2,"minecraft:birch_sign":1,"minecraft:snowball":860},"minecraft:killed_by":{"minecraft:player":1},"minecraft:custom":{"minecraft:mob_kills":7,"minecraft:leave_game":101,"minecraft:time_since_death":726460,"minecraft:sleep_in_bed":19,"minecraft:climb_one_cm":43336,"minecraft:time_since_rest":3630,"minecraft:sprint_one_cm":11915,"minecraft:damage_taken":1466,"minecraft:walk_one_cm":1019713,"minecraft:trigger_trapped_chest":2,"minecraft:damage_dealt":1574,"minecraft:fly_one_cm":5079574,"minecraft:player_kills":1,"minecraft:open_chest":25,"minecraft:crouch_one_cm":12038,"minecraft:play_time":800094,"minecraft:deaths":1,"minecraft:sneak_time":20957,"minecraft:walk_under_water_one_cm":23977,"minecraft:boat_one_cm":22314,"minecraft:aviate_one_cm":533544,"minecraft:jump":854,"minecraft:walk_on_water_one_cm":67804,"minecraft:total_world_time":800094,"minecraft:fall_one_cm":16296},"minecraft:used":{"minecraft:oak_trapdoor":7,"minecraft:water_bucket":245,"minecraft:cow_spawn_egg":3,"minecraft:polished_deepslate":273,"minecraft:flint_and_steel":34,"minecraft:birch_planks":5,"minecraft:oak_planks":77,"minecraft:ladder":52,"minecraft:chest":3,"minecraft:grass":125,"minecraft:torch":33,"minecraft:diamond_block":531,"minecraft:dirt":6,"minecraft:oak_slab":14,"minecraft:red_bed":1,"minecraft:jungle_planks":2,"minecraft:birch_sign":1,"minecraft:yellow_carpet":13,"minecraft:granite":3,"minecraft:snowball":420,"minecraft:polished_diorite":121,"minecraft:redstone_torch":1,"minecraft:glass":272,"minecraft:netherite_shovel":849,"minecraft:firework_rocket":324,"minecraft:heavy_weighted_pressure_plate":10,"minecraft:lantern":5,"minecraft:grass_block":594,"minecraft:stone_bricks":12,"minecraft:nether_wart_block":196,"minecraft:fishing_rod":25,"minecraft:fire_coral_block":13,"minecraft:diamond_sword":3,"minecraft:wooden_sword":1,"minecraft:lime_concrete":6,"minecraft:beef":6,"minecraft:tall_grass":56,"minecraft:gold_block":22,"minecraft:cooked_beef":12,"minecraft:brown_bed":1},"minecraft:mined":{"minecraft:snow_block":831,"minecraft:grass_block":6,"minecraft:grass":1}},"DataVersion":2865}