{"stats":{"minecraft:used":{"minecraft:stone_axe":41,"minecraft:bread":2,"minecraft:cooked_beef":5},"minecraft:killed":{"minecraft:skeleton":5,"minecraft:zombie":3,"minecraft:wither_skeleton":1,"minecraft:zombie_villager":1,"minecraft:creeper":1,"minecraft:phantom":1},"minecraft:dropped":{"minecraft:rotten_flesh":0,"minecraft:bread":0,"minecraft:golden_apple":0},"minecraft:custom":{"minecraft:time_since_rest":32282,"minecraft:open_chest":6,"minecraft:crouch_one_cm":1134,"minecraft:play_time":32282,"minecraft:sprint_one_cm":9691,"minecraft:damage_taken":525,"minecraft:walk_one_cm":231408,"minecraft:sneak_time":391,"minecraft:walk_under_water_one_cm":1892,"minecraft:mob_kills":12,"minecraft:drop":11,"minecraft:jump":284,"minecraft:damage_dealt":1962,"minecraft:leave_game":1,"minecraft:walk_on_water_one_cm":1514,"minecraft:time_since_death":32282,"minecraft:total_world_time":32282,"minecraft:climb_one_cm":6149,"minecraft:fly_one_cm":77711,"minecraft:fall_one_cm":1939},"minecraft:picked_up":{"minecraft:cooked_beef":1,"minecraft:arrow":1,"minecraft:rotten_flesh":3,"minecraft:bread":3,"minecraft:coal":1,"minecraft:phantom_membrane":1}},"DataVersion":2730}