{"stats":{"minecraft:killed":{"minecraft:pufferfish":1,"minecraft:shulker":2,"minecraft:skeleton":37,"minecraft:guardian":4,"minecraft:chicken":18,"minecraft:magma_cube":1,"minecraft:parrot":5,"minecraft:salmon":1,"minecraft:iron_golem":1,"minecraft:ender_dragon":1,"minecraft:pillager":19,"minecraft:zombie":83,"minecraft:glow_squid":1,"minecraft:cow":8,"minecraft:evoker":3,"minecraft:vindicator":6,"minecraft:husk":6,"minecraft:rabbit":14,"minecraft:wandering_trader":1,"minecraft:enderman":6,"minecraft:zombified_piglin":10,"minecraft:witch":2,"minecraft:spider":19,"minecraft:wolf":24,"minecraft:pig":8,"minecraft:zombie_villager":8,"minecraft:strider":1,"minecraft:creeper":15,"minecraft:ghast":1,"minecraft:blaze":1,"minecraft:vex":7,"minecraft:phantom":11,"minecraft:bat":2,"minecraft:hoglin":1,"minecraft:squid":2,"minecraft:wither_skeleton":2,"minecraft:villager":2},"minecraft:custom":{"minecraft:interact_with_crafting_table":100,"minecraft:open_barrel":46,"minecraft:bell_ring":36,"minecraft:leave_game":139,"minecraft:time_since_death":44748,"minecraft:damage_blocked_by_shield":377,"minecraft:play_time":7001601,"minecraft:deaths":276,"minecraft:jump":80519,"minecraft:interact_with_furnace":101,"minecraft:traded_with_villager":86,"minecraft:interact_with_cartography_table":1,"minecraft:sleep_in_bed":116,"minecraft:damage_dealt":70653,"minecraft:interact_with_smoker":7,"minecraft:inspect_dispenser":4,"minecraft:horse_one_cm":6340217,"minecraft:interact_with_anvil":3,"minecraft:inspect_hopper":7,"minecraft:damage_dealt_absorbed":378,"minecraft:target_hit":56,"minecraft:sneak_time":293859,"minecraft:interact_with_lectern":2,"minecraft:interact_with_blast_furnace":4,"minecraft:total_world_time":6331655,"minecraft:time_since_rest":45348,"minecraft:swim_one_cm":154773,"minecraft:fly_one_cm":32259985,"minecraft:open_chest":1643,"minecraft:fish_caught":1,"minecraft:fall_one_cm":1451155,"minecraft:open_shulker_box":5,"minecraft:sprint_one_cm":15630942,"minecraft:drop":2812,"minecraft:talked_to_villager":126,"minecraft:interact_with_brewingstand":3,"minecraft:walk_on_water_one_cm":832537,"minecraft:interact_with_loom":5,"minecraft:open_enderchest":3,"minecraft:player_kills":75,"minecraft:crouch_one_cm":815845,"minecraft:mob_kills":339,"minecraft:interact_with_campfire":15,"minecraft:climb_one_cm":565298,"minecraft:walk_one_cm":20575524,"minecraft:walk_under_water_one_cm":736911,"minecraft:boat_one_cm":5389160,"minecraft:interact_with_grindstone":2,"minecraft:damage_taken":138936,"minecraft:damage_absorbed":582,"minecraft:trigger_trapped_chest":3,"minecraft:minecart_one_cm":133484,"minecraft:aviate_one_cm":12668534},"minecraft:picked_up":{"minecraft:wooden_axe":1,"minecraft:iron_chestplate":34,"minecraft:suspicious_stew":13,"minecraft:flower_pot":5,"minecraft:anvil":2,"minecraft:prismarine_shard":16,"minecraft:lead":11,"minecraft:diamond_sword":75,"minecraft:oak_stairs":6,"minecraft:wither_rose":1,"minecraft:enchanted_book":1,"minecraft:birch_button":3,"minecraft:music_disc_cat":2,"minecraft:string":42,"minecraft:cooked_salmon":20,"minecraft:pufferfish":2,"minecraft:diamond_leggings":44,"minecraft:gold_nugget":34,"minecraft:cobbled_deepslate":623,"minecraft:spruce_planks":55,"minecraft:acacia_fence_gate":2,"minecraft:written_book":1,"minecraft:enchanted_golden_apple":4,"minecraft:melon_slice":105,"minecraft:diamond_ore":4,"minecraft:dark_oak_door":1,"minecraft:white_glazed_terracotta":24,"minecraft:acacia_log":39,"minecraft:pink_carpet":1,"minecraft:lightning_rod":5,"minecraft:warped_button":2,"minecraft:warped_planks":15,"minecraft:end_crystal":1,"minecraft:golden_chestplate":1,"minecraft:rabbit_foot":1,"minecraft:cauldron":1,"minecraft:stone_sword":12,"minecraft:lime_carpet":1,"minecraft:honey_bottle":98,"minecraft:light_gray_bed":3,"minecraft:blue_glazed_terracotta":10,"minecraft:tropical_fish":14,"minecraft:red_tulip":2,"minecraft:carved_pumpkin":10,"minecraft:glowstone":8,"minecraft:bookshelf":1,"minecraft:end_rod":3,"minecraft:wolf_spawn_egg":1,"minecraft:white_terracotta":78,"minecraft:netherite_chestplate":44,"minecraft:blaze_rod":2,"minecraft:iron_bars":10,"minecraft:snowball":3103,"minecraft:birch_log":55,"minecraft:magma_block":12,"minecraft:feather":40,"minecraft:cooked_beef":1819,"minecraft:iron_door":7,"minecraft:birch_slab":1,"minecraft:water_bucket":15,"minecraft:jungle_log":16,"minecraft:dark_oak_boat":7,"minecraft:jungle_wood":8,"minecraft:flint":28,"minecraft:netherite_leggings":47,"minecraft:lantern":36,"minecraft:twisting_vines":2,"minecraft:rabbit":12,"minecraft:diamond_helmet":39,"minecraft:chiseled_polished_blackstone":1,"minecraft:warped_wart_block":102,"minecraft:stripped_spruce_log":16,"minecraft:ink_sac":32,"minecraft:acacia_stairs":24,"minecraft:dark_oak_log":39,"minecraft:red_terracotta":33,"minecraft:iron_hoe":6,"minecraft:stripped_acacia_log":14,"minecraft:polished_andesite":4,"minecraft:writable_book":39,"minecraft:granite":13,"minecraft:golden_horse_armor":1,"minecraft:bread":180,"minecraft:cyan_dye":12,"minecraft:light_gray_carpet":2,"minecraft:dark_oak_fence":4,"minecraft:bricks":81,"minecraft:crimson_roots":3,"minecraft:diamond_pickaxe":37,"minecraft:crafting_table":4,"minecraft:clay_ball":256,"minecraft:leather_leggings":15,"minecraft:acacia_button":1,"minecraft:purpur_block":12,"minecraft:heavy_weighted_pressure_plate":1,"minecraft:cornflower":1,"minecraft:pink_candle":1,"minecraft:elytra":40,"minecraft:acacia_door":43,"minecraft:flint_and_steel":5,"minecraft:white_stained_glass":2,"minecraft:white_carpet":35,"minecraft:iron_shovel":17,"minecraft:cracked_stone_bricks":5,"minecraft:respawn_anchor":1,"minecraft:netherite_sword":57,"minecraft:beef":79,"minecraft:jungle_sapling":1,"minecraft:iron_nugget":342,"minecraft:poppy":108,"minecraft:spruce_slab":9,"minecraft:chest":32,"minecraft:birch_sapling":2,"minecraft:diamond_hoe":10,"minecraft:egg":39,"minecraft:sandstone":8,"minecraft:stone":50,"minecraft:raw_gold_block":1,"minecraft:oak_door":2,"minecraft:glow_item_frame":10,"minecraft:spruce_fence":2,"minecraft:white_dye":13,"minecraft:carrot":15,"minecraft:redstone":128,"minecraft:netherite_pickaxe":2,"minecraft:prismarine_crystals":2,"minecraft:diamond_chestplate":38,"minecraft:cooked_cod":3,"minecraft:beetroot_seeds":10,"minecraft:peony":19,"minecraft:diamond_boots":50,"minecraft:gold_ingot":4,"minecraft:totem_of_undying":16,"minecraft:glow_berries":2,"minecraft:mutton":7,"minecraft:white_wool":31,"minecraft:rail":3,"minecraft:oxeye_daisy":13,"minecraft:stripped_oak_log":15,"minecraft:clock":1,"minecraft:smooth_red_sandstone":1,"minecraft:tripwire_hook":9,"minecraft:red_glazed_terracotta":67,"minecraft:yellow_dye":93,"minecraft:jungle_fence":16,"minecraft:red_mushroom":20,"minecraft:acacia_wood":12,"minecraft:filled_map":12,"minecraft:oak_log":41,"minecraft:lily_pad":19,"minecraft:jungle_button":3,"minecraft:paper":120,"minecraft:white_banner":17,"minecraft:apple":166,"minecraft:stone_bricks":25,"minecraft:kelp":136,"minecraft:warped_stem":5,"minecraft:oak_fence_gate":1,"minecraft:stone_pickaxe":3,"minecraft:iron_ore":71,"minecraft:glass_bottle":21,"minecraft:iron_sword":36,"minecraft:flowering_azalea":2,"minecraft:milk_bucket":10,"minecraft:sweet_berries":154,"minecraft:daylight_detector":5,"minecraft:red_wool":2,"minecraft:light_blue_glazed_terracotta":8,"minecraft:gravel":180,"minecraft:spruce_sapling":68,"minecraft:spruce_log":97,"minecraft:light_blue_stained_glass":1,"minecraft:dragon_egg":1,"minecraft:leather_helmet":4,"minecraft:firework_rocket":1072,"minecraft:diamond_shovel":5,"minecraft:purple_bed":6,"minecraft:polished_diorite":167,"minecraft:stone_axe":1,"minecraft:diamond_axe":12,"minecraft:painting":8,"minecraft:warped_roots":1,"minecraft:baked_potato":2262,"minecraft:melon_seeds":99,"minecraft:ender_pearl":59,"minecraft:shulker_shell":3,"minecraft:wheat":585,"minecraft:turtle_egg":4,"minecraft:potion":34,"minecraft:stone_brick_stairs":1,"minecraft:cod_bucket":1,"minecraft:raw_copper":29,"minecraft:iron_leggings":15,"minecraft:red_candle":4,"minecraft:sticky_piston":1,"minecraft:sea_pickle":10,"minecraft:red_sand":7,"minecraft:comparator":3,"minecraft:bucket":6,"minecraft:red_dye":78,"minecraft:rose_bush":7,"minecraft:redstone_torch":9,"minecraft:cobblestone_slab":1,"minecraft:ender_eye":2,"minecraft:smooth_quartz":1,"minecraft:iron_pickaxe":31,"minecraft:deepslate_tile_wall":1,"minecraft:iron_boots":21,"minecraft:furnace":4,"minecraft:blue_wool":1,"minecraft:tipped_arrow":4,"minecraft:stick":608,"minecraft:acacia_fence":193,"minecraft:oak_fence":3,"minecraft:torch":156,"minecraft:spruce_stairs":3,"minecraft:porkchop":51,"minecraft:netherite_shovel":8,"minecraft:crimson_button":4,"minecraft:diorite":237,"minecraft:pointed_dripstone":3,"minecraft:music_disc_pigstep":2,"minecraft:dirt_path":108,"minecraft:blue_stained_glass":4,"minecraft:cactus":73,"minecraft:rotten_flesh":379,"minecraft:green_wool":2,"minecraft:cod":27,"minecraft:cobblestone":2294,"minecraft:leather_chestplate":13,"minecraft:lilac":3,"minecraft:repeater":1,"minecraft:andesite":124,"minecraft:cod_spawn_egg":1,"minecraft:black_bed":1,"minecraft:golden_leggings":4,"minecraft:chiseled_quartz_block":2,"minecraft:potato":565,"minecraft:tuff":187,"minecraft:acacia_boat":17,"minecraft:lapis_lazuli":29,"minecraft:dirt":3491,"minecraft:name_tag":11,"minecraft:leather_boots":6,"minecraft:glass":4,"minecraft:bone":262,"minecraft:acacia_planks":156,"minecraft:bow":128,"minecraft:wheat_seeds":2322,"minecraft:orange_tulip":1,"minecraft:popped_chorus_fruit":6,"minecraft:netherite_axe":12,"minecraft:mossy_stone_bricks":8,"minecraft:bamboo":413,"minecraft:prismarine":6,"minecraft:oak_planks":223,"minecraft:stone_hoe":1,"minecraft:cooked_porkchop":1517,"minecraft:axolotl_bucket":2,"minecraft:sand":476,"minecraft:jungle_planks":334,"minecraft:grass_block":17,"minecraft:orange_wool":11,"minecraft:mossy_cobblestone":17,"minecraft:sugar":2,"minecraft:diamond":104,"minecraft:black_concrete":9,"minecraft:netherite_helmet":44,"minecraft:polished_blackstone_pressure_plate":2,"minecraft:soul_lantern":7,"minecraft:polished_blackstone_button":13,"minecraft:crossbow":53,"minecraft:grass":1,"minecraft:bone_meal":3,"minecraft:golden_apple":386,"minecraft:spruce_sign":3,"minecraft:emerald":588,"minecraft:oak_sapling":45,"minecraft:netherrack":5,"minecraft:chorus_fruit":979,"minecraft:nether_star":1,"minecraft:fishing_rod":4,"minecraft:cocoa_beans":371,"minecraft:charcoal":10,"minecraft:allium":2,"minecraft:azure_bluet":21,"minecraft:splash_potion":17,"minecraft:chicken":10,"minecraft:ladder":162,"minecraft:brown_mushroom":1,"minecraft:wooden_pickaxe":7,"minecraft:pink_wool":3,"minecraft:stone_brick_wall":2,"minecraft:gold_block":12,"minecraft:shield":57,"minecraft:moss_carpet":16,"minecraft:iron_axe":29,"minecraft:wooden_sword":5,"minecraft:item_frame":1,"minecraft:birch_fence":6,"minecraft:blackstone":1,"minecraft:blue_orchid":6,"minecraft:oak_boat":26,"minecraft:observer":5,"minecraft:light_gray_wool":3,"minecraft:sugar_cane":165,"minecraft:spruce_trapdoor":4,"minecraft:phantom_membrane":30,"minecraft:raw_iron":101,"minecraft:end_stone":219,"minecraft:copper_ingot":2,"minecraft:bowl":11,"minecraft:polished_blackstone_bricks":2,"minecraft:stone_button":14,"minecraft:frog_spawn_egg":20,"minecraft:trident":4,"minecraft:brown_dye":2,"minecraft:iron_horse_armor":3,"minecraft:stone_pressure_plate":3,"minecraft:dark_oak_planks":9,"minecraft:arrow":5804,"minecraft:weeping_vines":5,"minecraft:pink_tulip":94,"minecraft:saddle":11,"minecraft:glistering_melon_slice":99,"minecraft:wet_sponge":1,"minecraft:netherite_boots":45,"minecraft:basalt":15,"minecraft:golden_carrot":178,"minecraft:glow_ink_sac":14,"minecraft:salmon":1,"minecraft:leather":32,"minecraft:birch_planks":87,"minecraft:mushroom_stew":5,"minecraft:crimson_fungus":10,"minecraft:cobblestone_wall":2,"minecraft:gunpowder":25,"minecraft:cobblestone_stairs":1,"minecraft:wooden_hoe":9,"minecraft:cooked_mutton":132,"minecraft:smooth_sandstone":12,"minecraft:red_carpet":46,"minecraft:rabbit_hide":10,"minecraft:iron_ingot":331,"minecraft:cooked_chicken":76,"minecraft:acacia_sapling":31,"minecraft:soul_sand":5,"minecraft:book":147,"minecraft:scaffolding":113,"minecraft:oak_slab":16,"minecraft:warped_fungus":17,"minecraft:birch_boat":13,"minecraft:pumpkin":1,"minecraft:chiseled_stone_bricks":9,"minecraft:stone_brick_slab":47,"minecraft:quartz":11,"minecraft:dandelion":26,"minecraft:soul_torch":12,"minecraft:white_bed":39,"minecraft:spruce_door":5,"minecraft:spider_eye":15,"minecraft:pumpkin_seeds":8,"minecraft:iron_helmet":23,"minecraft:stripped_jungle_wood":4,"minecraft:terracotta":23,"minecraft:acacia_slab":12,"minecraft:black_wool":4,"minecraft:coal":525},"minecraft:broken":{"minecraft:wooden_shovel":1,"minecraft:fishing_rod":1,"minecraft:bow":2,"minecraft:iron_axe":2,"minecraft:iron_pickaxe":3,"minecraft:iron_shovel":2,"minecraft:leather_leggings":1,"minecraft:wooden_axe":1},"minecraft:crafted":{"minecraft:purple_bed":1,"minecraft:cooked_mutton":8,"minecraft:diamond_helmet":1,"minecraft:cooked_rabbit":2,"minecraft:wooden_shovel":1,"minecraft:emerald":65,"minecraft:cooked_porkchop":28,"minecraft:copper_ingot":29,"minecraft:wooden_hoe":1,"minecraft:iron_pickaxe":6,"minecraft:white_terracotta":48,"minecraft:gold_ingot":27,"minecraft:acacia_door":6,"minecraft:iron_nugget":635,"minecraft:diamond_hoe":1,"minecraft:red_terracotta":24,"minecraft:terracotta":96,"minecraft:lantern":22,"minecraft:ladder":78,"minecraft:stone_pickaxe":2,"minecraft:wheat":27,"minecraft:iron_shovel":1,"minecraft:iron_leggings":1,"minecraft:brick":56,"minecraft:oak_planks":28,"minecraft:cooked_chicken":5,"minecraft:bow":1,"minecraft:iron_boots":1,"minecraft:chest":7,"minecraft:bricks":1,"minecraft:arrow":260,"minecraft:crafting_table":1,"minecraft:spruce_planks":44,"minecraft:iron_helmet":1,"minecraft:wooden_pickaxe":3,"minecraft:baked_potato":68,"minecraft:iron_chestplate":1,"minecraft:paper":63,"minecraft:diamond_pickaxe":1,"minecraft:stick":248,"minecraft:iron_ingot":60,"minecraft:stone_sword":1,"minecraft:wooden_sword":1,"minecraft:fishing_rod":1,"minecraft:flint_and_steel":2,"minecraft:scaffolding":24,"minecraft:iron_axe":4,"minecraft:iron_hoe":1,"minecraft:cooked_beef":11,"minecraft:cooked_cod":12,"minecraft:diamond_sword":1,"minecraft:air":0,"minecraft:bread":84,"minecraft:jungle_planks":36,"minecraft:gold_nugget":9,"minecraft:acacia_planks":56,"minecraft:torch":84,"minecraft:diamond_chestplate":1,"minecraft:firework_rocket":123},"minecraft:killed_by":{"minecraft:zombie_villager":1,"minecraft:pillager":1,"minecraft:ravager":2,"minecraft:zombie":47,"minecraft:vex":9,"minecraft:stray":1,"minecraft:wither":5,"minecraft:wither_skeleton":1,"minecraft:creeper":1,"minecraft:piglin":1,"minecraft:blaze":1,"minecraft:player":133,"minecraft:enderman":3,"minecraft:skeleton":7},"minecraft:used":{"minecraft:peony":3,"minecraft:writable_book":35,"minecraft:jack_o_lantern":15,"minecraft:ladder":99,"minecraft:spruce_slab":92,"minecraft:poppy":11,"minecraft:chest":16,"minecraft:black_carpet":2,"minecraft:stone":70,"minecraft:rotten_flesh":1,"minecraft:farmland":1,"minecraft:pink_candle":14,"minecraft:weathered_copper":19,"minecraft:blue_stained_glass":10033,"minecraft:snowball":581,"minecraft:stripped_spruce_log":15,"minecraft:orange_wool":8,"minecraft:acacia_sapling":2,"minecraft:acacia_button":4,"minecraft:weeping_vines":15,"minecraft:azure_bluet":2,"minecraft:netherite_shovel":460,"minecraft:packed_ice":1,"minecraft:lava_bucket":132,"minecraft:red_wool":10,"minecraft:grass_block":1201,"minecraft:quartz_block":48,"minecraft:wet_sponge":1,"minecraft:diorite_wall":6,"minecraft:pink_wool":22,"minecraft:bow":1711,"minecraft:dark_oak_boat":6,"minecraft:sweet_berries":41,"minecraft:furnace":2,"minecraft:oak_sapling":2,"minecraft:cooked_cod":13,"minecraft:egg":74,"minecraft:acacia_fence":19,"minecraft:potato":26,"minecraft:seagrass":1,"minecraft:emerald_ore":7,"minecraft:spruce_door":1,"minecraft:diorite":42,"minecraft:orange_tulip":17,"minecraft:lime_concrete_powder":3,"minecraft:wooden_pickaxe":32,"minecraft:fox_spawn_egg":10,"minecraft:smooth_quartz_stairs":2,"minecraft:oak_leaves":360,"minecraft:respawn_anchor":1,"minecraft:golden_apple":21,"minecraft:sand":296,"minecraft:acacia_leaves":121,"minecraft:blue_ice":15,"minecraft:netherite_helmet":1,"minecraft:chiseled_quartz_block":8,"minecraft:red_sandstone_wall":5,"minecraft:lightning_rod":4,"minecraft:birch_slab":1,"minecraft:stone_button":14,"minecraft:red_terracotta":25,"minecraft:white_glazed_terracotta":22,"minecraft:diamond_ore":2,"minecraft:pufferfish":1,"minecraft:diamond_sword":917,"minecraft:wooden_sword":60,"minecraft:poisonous_potato":1,"minecraft:white_stained_glass":71,"minecraft:green_concrete_powder":29,"minecraft:birch_log":8,"minecraft:ice":7,"minecraft:oak_boat":19,"minecraft:iron_bars":15,"minecraft:stone_sword":142,"minecraft:acacia_log":27,"minecraft:carved_pumpkin":14,"minecraft:red_concrete":11,"minecraft:tinted_glass":61,"minecraft:cooked_salmon":8,"minecraft:torch":287,"minecraft:dragon_egg":1,"minecraft:warped_wart_block":2,"minecraft:twisting_vines":13,"minecraft:oak_fence_gate":3,"minecraft:polished_diorite":71,"minecraft:iron_block":31,"minecraft:iron_axe":425,"minecraft:spruce_button":4,"minecraft:jungle_log":2,"minecraft:smooth_quartz":2,"minecraft:totem_of_undying":1,"minecraft:magenta_wool":2,"minecraft:lime_concrete":19,"minecraft:beef":6,"minecraft:acacia_wood":3,"minecraft:cobbled_deepslate":12,"minecraft:acacia_planks":156,"minecraft:pointed_dripstone":1,"minecraft:calcite":3,"minecraft:wheat_seeds":448,"minecraft:water_bucket":255,"minecraft:birch_planks":25,"minecraft:nether_brick_wall":1,"minecraft:rabbit":1,"minecraft:light_blue_glazed_terracotta":18,"minecraft:dirt_path":94,"minecraft:lead":4,"minecraft:lime_wool":8,"minecraft:red_mushroom_block":64,"minecraft:cauldron":1,"minecraft:horse_spawn_egg":1,"minecraft:salmon":1,"minecraft:pink_concrete":61,"minecraft:diamond_block":59,"minecraft:polished_deepslate_slab":4,"minecraft:mossy_cobblestone":4,"minecraft:vine":7,"minecraft:comparator":3,"minecraft:tnt":4,"minecraft:crafting_table":2,"minecraft:white_bed":23,"minecraft:campfire":5,"minecraft:cod":1,"minecraft:spruce_log":52,"minecraft:deepslate_tile_wall":2,"minecraft:oak_log":29,"minecraft:ender_eye":1,"minecraft:oxeye_daisy":2,"minecraft:diamond_pickaxe":1742,"minecraft:cornflower":1,"minecraft:diamond_shovel":116,"minecraft:iron_pickaxe":960,"minecraft:spruce_trapdoor":49,"minecraft:spruce_sapling":40,"minecraft:cobblestone":285,"minecraft:potion":13,"minecraft:purple_bed":7,"minecraft:cooked_porkchop":87,"minecraft:glass_pane":4,"minecraft:stripped_oak_log":15,"minecraft:husk_spawn_egg":1,"minecraft:kelp":4,"minecraft:dandelion":2,"minecraft:red_sand":212,"minecraft:iron_shovel":866,"minecraft:polished_deepslate":21,"minecraft:diamond_hoe":49,"minecraft:white_concrete_powder":5,"minecraft:shield":19,"minecraft:white_terracotta":85,"minecraft:iron_sword":160,"minecraft:creeper_head":11,"minecraft:stripped_jungle_wood":2,"minecraft:grass":111,"minecraft:smooth_sandstone_stairs":3,"minecraft:jungle_planks":1,"minecraft:carrot":6,"minecraft:tuff":176,"minecraft:beehive":2,"minecraft:axolotl_bucket":12,"minecraft:milk_bucket":17,"minecraft:honey_bottle":26,"minecraft:glass":250,"minecraft:crimson_button":7,"minecraft:bricks":10,"minecraft:quartz_slab":2,"minecraft:lantern":12,"minecraft:blue_orchid":15,"minecraft:panda_spawn_egg":2,"minecraft:green_wool":10,"minecraft:raw_gold_block":69,"minecraft:stone_bricks":15,"minecraft:item_frame":1,"minecraft:bedrock":3,"minecraft:birch_button":11,"minecraft:deepslate_diamond_ore":24,"minecraft:repeater":1,"minecraft:red_nether_brick_wall":1,"minecraft:magma_block":4,"minecraft:written_book":1,"minecraft:scaffolding":59,"minecraft:jungle_button":14,"minecraft:gold_block":118,"minecraft:zombie_horse_spawn_egg":3,"minecraft:end_rod":21,"minecraft:wither_skeleton_skull":1,"minecraft:stone_pickaxe":93,"minecraft:gray_carpet":39,"minecraft:oak_planks":108,"minecraft:ender_pearl":26,"minecraft:sugar_cane":82,"minecraft:redstone_block":110,"minecraft:diamond_axe":39,"minecraft:blue_bed":6,"minecraft:white_wool":63,"minecraft:light_blue_concrete":2,"minecraft:mushroom_stew":3,"minecraft:light_blue_wool":6,"minecraft:deepslate_redstone_ore":37,"minecraft:crossbow":36,"minecraft:sponge":9,"minecraft:blackstone_wall":1,"minecraft:deepslate_lapis_ore":14,"minecraft:end_stone":29,"minecraft:creeper_spawn_egg":2,"minecraft:redstone_torch":33,"minecraft:green_concrete":41,"minecraft:lever":1,"minecraft:black_concrete":357,"minecraft:firework_rocket":2298,"minecraft:acacia_door":24,"minecraft:daylight_detector":5,"minecraft:dark_oak_log":1,"minecraft:heavy_weighted_pressure_plate":4,"minecraft:melon_slice":70,"minecraft:bread":123,"minecraft:string":35,"minecraft:deepslate":134,"minecraft:iron_door":4,"minecraft:gravel":31,"minecraft:ocelot_spawn_egg":8,"minecraft:pufferfish_bucket":4,"minecraft:stripped_oak_wood":10,"minecraft:cooked_rabbit":2,"minecraft:andesite":30,"minecraft:chain":28,"minecraft:tropical_fish_bucket":1,"minecraft:white_concrete":62,"minecraft:warped_button":5,"minecraft:netherite_sword":1279,"minecraft:oak_fence":404,"minecraft:cobweb":82,"minecraft:trident":59,"minecraft:white_tulip":2,"minecraft:flint_and_steel":29,"minecraft:redstone":74,"minecraft:spruce_planks":22,"minecraft:wooden_shovel":59,"minecraft:cooked_chicken":13,"minecraft:oak_door":1,"minecraft:dirt":1999,"minecraft:white_carpet":1,"minecraft:spruce_stairs":11,"minecraft:oak_wood":59,"minecraft:light_blue_stained_glass":1,"minecraft:iron_hoe":76,"minecraft:dark_oak_planks":6,"minecraft:wooden_axe":36,"minecraft:red_tulip":18,"minecraft:acacia_slab":85,"minecraft:red_candle":1,"minecraft:light_gray_wool":1,"minecraft:golden_carrot":15,"minecraft:netherite_pickaxe":8,"minecraft:cooked_beef":245,"minecraft:enchanted_golden_apple":2,"minecraft:pumpkin":97,"minecraft:pink_tulip":11,"minecraft:acacia_boat":96,"minecraft:cooked_mutton":32,"minecraft:quartz_bricks":1461,"minecraft:amethyst_block":68,"minecraft:cobblestone_stairs":4,"minecraft:snow_block":611,"minecraft:glass_bottle":4,"minecraft:polished_andesite":74,"minecraft:baked_potato":294,"minecraft:blue_wool":6,"minecraft:birch_boat":10,"minecraft:black_shulker_box":9,"minecraft:spruce_sign":2,"minecraft:red_glazed_terracotta":39,"minecraft:polished_blackstone_pressure_plate":2,"minecraft:jungle_wood":8,"minecraft:glow_item_frame":7,"minecraft:rabbit_spawn_egg":5,"minecraft:terracotta":23,"minecraft:painting":9,"minecraft:netherite_block":12,"minecraft:wooden_hoe":57,"minecraft:black_wool":52,"minecraft:apple":26,"minecraft:chicken":1,"minecraft:netherite_axe":898,"minecraft:yellow_wool":14,"minecraft:fishing_rod":83,"minecraft:cod_spawn_egg":11,"minecraft:white_banner":11,"minecraft:bucket":118,"minecraft:sea_pickle":10,"minecraft:polished_blackstone_button":21,"minecraft:gray_wool":134,"minecraft:splash_potion":20,"minecraft:soul_torch":12,"minecraft:pillager_spawn_egg":12},"minecraft:mined":{"minecraft:dark_oak_planks":4,"minecraft:white_bed":26,"minecraft:jungle_leaves":82,"minecraft:red_candle_cake":1,"minecraft:granite":10,"minecraft:deepslate_tile_wall":1,"minecraft:acacia_log":18,"minecraft:red_sand":6,"minecraft:jungle_log":11,"minecraft:crimson_fungus":10,"minecraft:chiseled_stone_bricks":9,"minecraft:light_blue_stained_glass":2,"minecraft:weeping_vines_plant":9,"minecraft:tall_seagrass":8,"minecraft:magma_block":4,"minecraft:fire":55,"minecraft:cobbled_deepslate":12,"minecraft:moss_carpet":10,"minecraft:deepslate_lapis_ore":5,"minecraft:dirt_path":10,"minecraft:oak_stairs":6,"minecraft:blue_orchid":4,"minecraft:tripwire":6,"minecraft:soul_wall_torch":2,"minecraft:kelp_plant":21,"minecraft:torch":4,"minecraft:melon":18,"minecraft:dead_bush":7,"minecraft:spruce_wall_sign":1,"minecraft:glass":75,"minecraft:sugar_cane":61,"minecraft:bricks":102,"minecraft:white_terracotta":18,"minecraft:repeater":1,"minecraft:wheat":420,"minecraft:lilac":2,"minecraft:jukebox":1,"minecraft:warped_fungus":10,"minecraft:black_bed":2,"minecraft:grass":223,"minecraft:deepslate":615,"minecraft:mossy_cobblestone":20,"minecraft:dark_oak_log":7,"minecraft:end_stone":54,"minecraft:jungle_planks":1,"minecraft:stripped_jungle_wood":2,"minecraft:crimson_roots":6,"minecraft:redstone_wire":5,"minecraft:kelp":46,"minecraft:red_mushroom":9,"minecraft:redstone_ore":2,"minecraft:snow":106,"minecraft:acacia_wood":9,"minecraft:andesite":82,"minecraft:white_glazed_terracotta":15,"minecraft:vine":23,"minecraft:warped_stem":4,"minecraft:bamboo":19,"minecraft:white_wool":8,"minecraft:green_wool":2,"minecraft:oak_slab":1,"minecraft:light_gray_carpet":1,"minecraft:glass_pane":15,"minecraft:comparator":3,"minecraft:stone_brick_slab":65,"minecraft:dandelion":2,"minecraft:smooth_sandstone":11,"minecraft:cornflower":1,"minecraft:warped_roots":1,"minecraft:campfire":4,"minecraft:lightning_rod":1,"minecraft:copper_ore":11,"minecraft:tall_grass":38,"minecraft:diorite":69,"minecraft:big_dripleaf":1,"minecraft:warped_wart_block":21,"minecraft:purple_bed":6,"minecraft:red_terracotta":9,"minecraft:white_carpet":1,"minecraft:spruce_log":81,"minecraft:birch_leaves":36,"minecraft:gravel":98,"minecraft:acacia_door":3,"minecraft:cobweb":3,"minecraft:acacia_planks":40,"minecraft:stone_bricks":9,"minecraft:fern":15,"minecraft:spruce_planks":14,"minecraft:farmland":1,"minecraft:orange_wool":6,"minecraft:spruce_trapdoor":3,"minecraft:grass_block":274,"minecraft:polished_diorite":47,"minecraft:iron_ore":43,"minecraft:pink_candle":1,"minecraft:azure_bluet":2,"minecraft:brown_bed":1,"minecraft:pointed_dripstone":3,"minecraft:iron_bars":9,"minecraft:spruce_slab":1,"minecraft:deepslate_redstone_ore":20,"minecraft:clay":26,"minecraft:poppy":6,"minecraft:chest":9,"minecraft:nether_quartz_ore":5,"minecraft:cobblestone":54,"minecraft:oak_planks":150,"minecraft:wall_torch":12,"minecraft:cauldron":1,"minecraft:seagrass":47,"minecraft:red_candle":1,"minecraft:warped_planks":6,"minecraft:birch_log":57,"minecraft:light_gray_wool":1,"minecraft:tnt":1,"minecraft:oak_log":30,"minecraft:dirt":773,"minecraft:acacia_fence":48,"minecraft:sand":316,"minecraft:tripwire_hook":6,"minecraft:netherrack":3,"minecraft:oak_leaves":255,"minecraft:daylight_detector":5,"minecraft:diamond_ore":6,"minecraft:nether_gold_ore":5,"minecraft:tuff":112,"minecraft:red_carpet":15,"minecraft:dark_oak_leaves":1,"minecraft:ladder":9,"minecraft:stone_button":2,"minecraft:weeping_vines":1,"minecraft:light_blue_glazed_terracotta":8,"minecraft:birch_slab":1,"minecraft:spruce_leaves":482,"minecraft:acacia_slab":2,"minecraft:large_fern":2,"minecraft:spruce_sapling":1,"minecraft:furnace":2,"minecraft:stripped_spruce_log":17,"minecraft:peony":5,"minecraft:gold_block":6,"minecraft:bookshelf":10,"minecraft:deepslate_iron_ore":54,"minecraft:stripped_acacia_log":6,"minecraft:stripped_oak_log":15,"minecraft:chorus_plant":11,"minecraft:stone":964,"minecraft:scaffolding":23,"minecraft:acacia_leaves":45,"minecraft:flowering_azalea":1,"minecraft:red_wool":7,"minecraft:magenta_stained_glass":2,"minecraft:snow_block":345,"minecraft:basalt":2,"minecraft:spruce_door":2,"minecraft:oak_fence":1,"minecraft:crafting_table":2,"minecraft:lime_carpet":2,"minecraft:red_glazed_terracotta":31,"minecraft:lily_pad":8,"minecraft:spruce_stairs":1,"minecraft:birch_planks":41,"minecraft:cactus":8,"minecraft:sea_pickle":10,"minecraft:sweet_berry_bush":11,"minecraft:ice":59,"minecraft:black_wool":2,"minecraft:coal_ore":132,"minecraft:cocoa":71,"minecraft:terracotta":23,"minecraft:polished_andesite":4,"minecraft:birch_fence":3},"minecraft:dropped":{"minecraft:iron_sword":3,"minecraft:porkchop":2,"minecraft:cooked_beef":189,"minecraft:glow_ink_sac":2,"minecraft:chorus_fruit":0,"minecraft:glass_bottle":15,"minecraft:diamond":11,"minecraft:crafting_table":1,"minecraft:cooked_porkchop":64,"minecraft:crossbow":2,"minecraft:orange_tulip":2,"minecraft:weeping_vines":0,"minecraft:glow_item_frame":3,"minecraft:black_bed":0,"minecraft:cracked_stone_bricks":0,"minecraft:red_sandstone_wall":1,"minecraft:elytra":1,"minecraft:rail":1,"minecraft:leather_helmet":0,"minecraft:red_mushroom":3,"minecraft:gold_block":0,"minecraft:emerald":243,"minecraft:dirt":69,"minecraft:grass":0,"minecraft:stone_button":1,"minecraft:husk_spawn_egg":1,"minecraft:jack_o_lantern":0,"minecraft:netherite_boots":3,"minecraft:chain":2,"minecraft:writable_book":10,"minecraft:wooden_sword":3,"minecraft:gold_nugget":0,"minecraft:acacia_fence_gate":2,"minecraft:bone_meal":1,"minecraft:sand":39,"minecraft:iron_pickaxe":4,"minecraft:dark_oak_planks":0,"minecraft:dark_oak_boat":2,"minecraft:white_wool":2,"minecraft:end_crystal":0,"minecraft:bone":120,"minecraft:pink_concrete":1,"minecraft:stone_axe":1,"minecraft:sugar_cane":1,"minecraft:diamond_block":0,"minecraft:lever":0,"minecraft:cooked_chicken":1,"minecraft:tinted_glass":0,"minecraft:netherite_sword":9,"minecraft:wheat":5,"minecraft:blue_wool":1,"minecraft:rotten_flesh":162,"minecraft:oak_planks":20,"minecraft:pink_carpet":0,"minecraft:enchanted_golden_apple":0,"minecraft:light_gray_carpet":0,"minecraft:azure_bluet":1,"minecraft:white_bed":5,"minecraft:blue_stained_glass":1,"minecraft:acacia_button":64,"minecraft:red_candle":0,"minecraft:heavy_weighted_pressure_plate":0,"minecraft:quartz_block":3,"minecraft:cod_bucket":2,"minecraft:leather_boots":0,"minecraft:acacia_sapling":2,"minecraft:ladder":13,"minecraft:leather_leggings":0,"minecraft:spruce_slab":2,"minecraft:glass":0,"minecraft:beef":0,"minecraft:acacia_fence":0,"minecraft:egg":2,"minecraft:enchanted_book":0,"minecraft:netherite_pickaxe":1,"minecraft:wheat_seeds":616,"minecraft:smooth_quartz_stairs":1,"minecraft:netherite_chestplate":2,"minecraft:netherite_helmet":4,"minecraft:cobblestone":417,"minecraft:oak_fence":2,"minecraft:feather":1,"minecraft:iron_helmet":4,"minecraft:book":0,"minecraft:apple":151,"minecraft:granite":1,"minecraft:spruce_button":1,"minecraft:polished_blackstone_button":2,"minecraft:coal":21,"minecraft:mushroom_stew":1,"minecraft:golden_apple":3,"minecraft:end_rod":0,"minecraft:pufferfish":1,"minecraft:turtle_egg":4,"minecraft:oxeye_daisy":2,"minecraft:lava_bucket":1,"minecraft:cobweb":0,"minecraft:gray_wool":1,"minecraft:golden_carrot":0,"minecraft:ink_sac":0,"minecraft:wooden_hoe":1,"minecraft:blackstone_wall":0,"minecraft:wooden_axe":1,"minecraft:rose_bush":1,"minecraft:rabbit":0,"minecraft:diamond_helmet":5,"minecraft:potion":3,"minecraft:brown_terracotta":1,"minecraft:pumpkin":0,"minecraft:white_banner":3,"minecraft:iron_shovel":1,"minecraft:paper":0,"minecraft:string":3,"minecraft:smooth_sandstone":0,"minecraft:lily_pad":2,"minecraft:gray_carpet":0,"minecraft:acacia_planks":2,"minecraft:spruce_sapling":5,"minecraft:pink_stained_glass_pane":1,"minecraft:pink_tulip":2,"minecraft:furnace":2,"minecraft:soul_torch":0,"minecraft:cocoa_beans":6,"minecraft:bowl":13,"minecraft:deepslate":1,"minecraft:chicken":0,"minecraft:white_carpet":0,"minecraft:clay_ball":8,"minecraft:iron_boots":2,"minecraft:name_tag":3,"minecraft:white_terracotta":3,"minecraft:orange_wool":0,"minecraft:spruce_fence":0,"minecraft:lightning_rod":0,"minecraft:suspicious_stew":0,"minecraft:diamond_sword":4,"minecraft:potato":0,"minecraft:stone":2,"minecraft:flower_pot":0,"minecraft:sea_pickle":1,"minecraft:allium":1,"minecraft:peony":1,"minecraft:spruce_trapdoor":2,"minecraft:spruce_planks":1,"minecraft:diamond_pickaxe":0,"minecraft:pink_shulker_box":1,"minecraft:popped_chorus_fruit":5,"minecraft:carved_pumpkin":0,"minecraft:redstone_torch":2,"minecraft:spider_eye":4,"minecraft:stone_bricks":0,"minecraft:sandstone":6,"minecraft:birch_boat":1,"minecraft:blue_orchid":1,"minecraft:bow":15,"minecraft:red_sand":5,"minecraft:horse_spawn_egg":1,"minecraft:red_tulip":1,"minecraft:black_wool":1,"minecraft:terracotta":1,"minecraft:acacia_boat":6,"minecraft:soul_sand":5,"minecraft:brown_mushroom":1,"minecraft:birch_planks":2,"minecraft:diamond_axe":4,"minecraft:oak_log":1,"minecraft:baked_potato":177,"minecraft:ender_pearl":0,"minecraft:nether_star":0,"minecraft:lantern":2,"minecraft:leather":4,"minecraft:jungle_planks":49,"minecraft:red_wool":1,"minecraft:raw_gold_block":2,"minecraft:cobblestone_stairs":0,"minecraft:panda_spawn_egg":1,"minecraft:cornflower":1,"minecraft:mutton":1,"minecraft:seagrass":0,"minecraft:cooked_cod":1,"minecraft:snowball":4,"minecraft:axolotl_bucket":0,"minecraft:glistering_melon_slice":66,"minecraft:black_concrete":2,"minecraft:acacia_door":10,"minecraft:gold_ingot":0,"minecraft:gravel":3,"minecraft:white_tulip":1,"minecraft:pink_terracotta":1,"minecraft:twisting_vines":0,"minecraft:smooth_sandstone_stairs":2,"minecraft:yellow_wool":1,"minecraft:pointed_dripstone":2,"minecraft:beehive":1,"minecraft:cooked_mutton":4,"minecraft:honey_bottle":6,"minecraft:acacia_stairs":12,"minecraft:shulker_shell":0,"minecraft:poppy":33,"minecraft:rabbit_hide":2,"minecraft:oak_fence_gate":2,"minecraft:leather_chestplate":0,"minecraft:cod_spawn_egg":2,"minecraft:trident":1,"minecraft:gunpowder":5,"minecraft:ocelot_spawn_egg":1,"minecraft:fire_coral_fan":0,"minecraft:melon_seeds":3,"minecraft:stone_brick_wall":0,"minecraft:chest":3,"minecraft:birch_button":0,"minecraft:arrow":332,"minecraft:white_concrete_powder":0,"minecraft:scaffolding":4,"minecraft:oak_leaves":1,"minecraft:written_book":1,"minecraft:splash_potion":0,"minecraft:firework_rocket":148,"minecraft:water_bucket":1,"minecraft:bread":99,"minecraft:stripped_spruce_log":1,"minecraft:minecart":1,"minecraft:bookshelf":1,"minecraft:diamond_leggings":1,"minecraft:prismarine_shard":0,"minecraft:mangrove_propagule":1,"minecraft:lead":0,"minecraft:observer":1,"minecraft:spectral_arrow":1,"minecraft:jungle_wood":1,"minecraft:copper_ingot":1,"minecraft:nether_brick_wall":0,"minecraft:tropical_fish":0,"minecraft:acacia_log":5,"minecraft:grass_block":10,"minecraft:stick":12,"minecraft:smooth_red_sandstone":0,"minecraft:milk_bucket":0,"minecraft:diorite":2,"minecraft:light_blue_stained_glass":0,"minecraft:torch":4,"minecraft:melon_slice":10,"minecraft:smooth_quartz":0,"minecraft:iron_door":0,"minecraft:iron_leggings":5,"minecraft:wither_rose":0,"minecraft:iron_axe":1,"minecraft:bucket":2,"minecraft:redstone_block":1,"minecraft:dandelion":3,"minecraft:redstone":2,"minecraft:anvil":0,"minecraft:kelp":2,"minecraft:sweet_berries":16,"minecraft:brown_dye":2,"minecraft:chiseled_quartz_block":0,"minecraft:raw_iron":0,"minecraft:dirt_path":41,"minecraft:totem_of_undying":0,"minecraft:red_terracotta":1,"minecraft:flint_and_steel":1,"minecraft:netherite_leggings":5,"minecraft:crimson_button":6,"minecraft:filled_map":6,"minecraft:shield":7,"minecraft:diamond_chestplate":3,"minecraft:orange_terracotta":1,"minecraft:iron_chestplate":7,"minecraft:andesite":14,"minecraft:fox_spawn_egg":1,"minecraft:mossy_stone_bricks":0,"minecraft:pink_wool":2,"minecraft:light_gray_bed":1,"minecraft:oak_boat":0,"minecraft:oak_sapling":0,"minecraft:diamond_boots":2,"minecraft:white_stained_glass":0}},"DataVersion":3337}