{"stats":{"minecraft:killed_by":{"minecraft:creeper":3,"minecraft:pillager":1,"minecraft:piglin":2,"minecraft:player":119,"minecraft:spider":1,"minecraft:enderman":1,"minecraft:trader_llama":1,"minecraft:warden":12,"minecraft:skeleton":1},"minecraft:used":{"minecraft:peony":18,"minecraft:light_blue_banner":3,"minecraft:music_disc_far":1,"minecraft:writable_book":61,"minecraft:polished_deepslate":77,"minecraft:smooth_quartz_slab":28,"minecraft:poppy":76,"minecraft:diamond_hoe":3,"minecraft:oak_sign":7,"minecraft:black_carpet":1,"minecraft:chest":40,"minecraft:stone":96,"minecraft:zombie_spawn_egg":2,"minecraft:warped_sign":20,"minecraft:quartz_stairs":7,"minecraft:rotten_flesh":1,"minecraft:sculk_sensor":1,"minecraft:white_candle":60,"minecraft:pink_candle":98,"minecraft:skeleton_spawn_egg":4,"minecraft:allium":10,"minecraft:deepslate_tile_slab":4,"minecraft:cracked_deepslate_tiles":6,"minecraft:music_disc_13":2,"minecraft:azure_bluet":13,"minecraft:weeping_vines":43,"minecraft:obsidian":6,"minecraft:big_dripleaf":26,"minecraft:glass":255,"minecraft:polished_blackstone_slab":5,"minecraft:lava_bucket":28,"minecraft:music_disc_pigstep":5,"minecraft:lantern":112,"minecraft:grass_block":2820,"minecraft:blue_orchid":27,"minecraft:quartz_block":61,"minecraft:packed_mud":2,"minecraft:music_disc_chirp":2,"minecraft:light_blue_bed":1,"minecraft:dark_oak_button":5,"minecraft:stone_bricks":45,"minecraft:music_disc_stal":1,"minecraft:bedrock":2,"minecraft:red_carpet":22,"minecraft:brown_carpet":7,"minecraft:bow":639,"minecraft:warped_fungus":8,"minecraft:scaffolding":30,"minecraft:blue_shulker_box":3,"minecraft:furnace":4,"minecraft:acacia_fence":10,"minecraft:egg":9,"minecraft:gold_block":21,"minecraft:large_fern":1,"minecraft:dark_oak_sapling":3,"minecraft:light_blue_carpet":19,"minecraft:deepslate_brick_wall":63,"minecraft:mossy_stone_bricks":28,"minecraft:end_rod":5,"minecraft:spruce_door":8,"minecraft:mangrove_planks":6,"minecraft:oak_planks":2,"minecraft:orange_tulip":1,"minecraft:sugar_cane":1,"minecraft:glow_berries":10,"minecraft:golden_apple":4,"minecraft:sand":48,"minecraft:netherite_leggings":1,"minecraft:blue_ice":36,"minecraft:yellow_concrete":78,"minecraft:crossbow":4,"minecraft:chiseled_quartz_block":16,"minecraft:blackstone_wall":1,"minecraft:cobbled_deepslate_stairs":2,"minecraft:deepslate_tiles":1250,"minecraft:redstone_torch":1,"minecraft:birch_fence_gate":5,"minecraft:acacia_door":1,"minecraft:gray_shulker_box":3,"minecraft:lime_carpet":12,"minecraft:music_disc_mall":1,"minecraft:cyan_bed":3,"minecraft:bread":10,"minecraft:melon_slice":1,"minecraft:stone_button":5,"minecraft:warped_slab":24,"minecraft:lectern":21,"minecraft:iron_door":8,"minecraft:deepslate":35,"minecraft:cat_spawn_egg":16,"minecraft:flowering_azalea_leaves":76,"minecraft:lilac":15,"minecraft:soul_lantern":62,"minecraft:stripped_warped_hyphae":77,"minecraft:diamond_sword":105,"minecraft:wooden_sword":121,"minecraft:chain":11,"minecraft:oak_boat":7,"minecraft:white_concrete":215,"minecraft:warped_button":3,"minecraft:gray_stained_glass":378,"minecraft:purpur_block":6,"minecraft:polished_blackstone_brick_slab":21,"minecraft:acacia_log":8,"minecraft:netherite_sword":177,"minecraft:rose_bush":14,"minecraft:flint_and_steel":121,"minecraft:dead_bush":3,"minecraft:white_tulip":13,"minecraft:armor_stand":1,"minecraft:tropical_fish":1,"minecraft:red_concrete":2,"minecraft:redstone":34,"minecraft:light_gray_carpet":111,"minecraft:tinted_glass":258,"minecraft:polished_blackstone_wall":7,"minecraft:torch":70,"minecraft:dirt":94,"minecraft:anvil":1,"minecraft:white_carpet":15,"minecraft:diamond_helmet":1,"minecraft:blue_concrete":18,"minecraft:music_disc_mellohi":1,"minecraft:dark_oak_planks":10,"minecraft:bookshelf":24,"minecraft:light_gray_stained_glass":120,"minecraft:iron_axe":80,"minecraft:crimson_slab":6,"minecraft:polished_blackstone_brick_stairs":1,"minecraft:smooth_quartz":6,"minecraft:mud_bricks":57,"minecraft:smooth_basalt":7,"minecraft:diamond_chestplate":1,"minecraft:glowstone":7,"minecraft:black_stained_glass":25,"minecraft:golden_carrot":24,"minecraft:warped_stairs":2,"minecraft:beef":1,"minecraft:iron_trapdoor":6,"minecraft:deepslate_tile_stairs":3,"minecraft:white_stained_glass_pane":7,"minecraft:netherite_pickaxe":42,"minecraft:crimson_pressure_plate":4,"minecraft:cooked_beef":24,"minecraft:acacia_planks":8,"minecraft:cobbled_deepslate":6,"minecraft:brown_candle":8,"minecraft:pumpkin":5,"minecraft:enchanted_golden_apple":1,"minecraft:calcite":133,"minecraft:acacia_boat":2,"minecraft:water_bucket":7,"minecraft:nether_brick_wall":16,"minecraft:dirt_path":3,"minecraft:cyan_candle":40,"minecraft:polished_andesite":7,"minecraft:baked_potato":22,"minecraft:blue_wool":328,"minecraft:birch_boat":2,"minecraft:black_shulker_box":8,"minecraft:deepslate_bricks":99,"minecraft:warped_roots":6,"minecraft:cracked_stone_bricks":38,"minecraft:glow_item_frame":42,"minecraft:orange_carpet":4,"minecraft:music_disc_cat":3,"minecraft:red_bed":3,"minecraft:magenta_bed":1,"minecraft:spider_eye":5,"minecraft:white_bed":6,"minecraft:dark_oak_fence_gate":16,"minecraft:painting":94,"minecraft:magenta_carpet":26,"minecraft:warped_planks":232,"minecraft:deepslate_tile_wall":52,"minecraft:amethyst_cluster":19,"minecraft:light_blue_candle":104,"minecraft:apple":72,"minecraft:mud":12,"minecraft:oxeye_daisy":12,"minecraft:diamond_pickaxe":83,"minecraft:cornflower":1,"minecraft:mangrove_propagule":9,"minecraft:oak_button":1,"minecraft:music_disc_blocks":1,"minecraft:crimson_sign":1,"minecraft:magenta_banner":26,"minecraft:cobblestone":1,"minecraft:potion":1,"minecraft:mud_brick_wall":33,"minecraft:white_banner":8,"minecraft:warped_fence_gate":12,"minecraft:jungle_door":4,"minecraft:glass_pane":76,"minecraft:black_candle":83,"minecraft:wither_rose":4,"minecraft:polished_blackstone_button":22,"minecraft:dandelion":4,"minecraft:jukebox":11,"minecraft:soul_torch":38,"minecraft:lime_candle":112},"minecraft:broken":{"minecraft:leather_helmet":1,"minecraft:leather_chestplate":1,"minecraft:leather_boots":1},"minecraft:picked_up":{"minecraft:seagrass":5,"minecraft:black_carpet":10,"minecraft:wheat":27,"minecraft:magenta_carpet":3,"minecraft:lead":38,"minecraft:diamond_sword":33,"minecraft:potion":3,"minecraft:enchanted_book":7,"minecraft:golden_sword":1,"minecraft:polished_deepslate":1,"minecraft:music_disc_cat":2,"minecraft:string":48,"minecraft:dark_oak_pressure_plate":1,"minecraft:iron_leggings":1,"minecraft:diamond_leggings":24,"minecraft:gold_nugget":9,"minecraft:spruce_planks":1,"minecraft:iron_pickaxe":2,"minecraft:deepslate_tile_wall":3,"minecraft:enchanted_golden_apple":1,"minecraft:mangrove_log":29,"minecraft:dark_oak_door":1,"minecraft:tipped_arrow":42,"minecraft:polished_blackstone_brick_slab":1,"minecraft:stick":47,"minecraft:crimson_pressure_plate":2,"minecraft:music_disc_blocks":1,"minecraft:acacia_fence":8,"minecraft:big_dripleaf":53,"minecraft:composter":1,"minecraft:brown_terracotta":10,"minecraft:torch":61,"minecraft:acacia_log":31,"minecraft:crimson_button":1,"minecraft:netherite_shovel":1,"minecraft:music_disc_pigstep":7,"minecraft:dirt_path":1,"minecraft:deepslate_tile_stairs":1,"minecraft:golden_chestplate":1,"minecraft:rabbit_foot":2,"minecraft:cactus":2,"minecraft:rotten_flesh":38,"minecraft:tropical_fish":41,"minecraft:mangrove_roots":364,"minecraft:green_wool":16,"minecraft:netherite_chestplate":6,"minecraft:cobblestone":114,"minecraft:leather_chestplate":7,"minecraft:muddy_mangrove_roots":6,"minecraft:feather":26,"minecraft:cooked_beef":875,"minecraft:water_bucket":2,"minecraft:acacia_leaves":4,"minecraft:golden_leggings":1,"minecraft:chiseled_quartz_block":4,"minecraft:potato":6,"minecraft:magenta_bed":1,"minecraft:acacia_boat":10,"minecraft:netherite_leggings":16,"minecraft:dirt":303,"minecraft:lantern":24,"minecraft:disc_fragment_5":4,"minecraft:name_tag":7,"minecraft:leather_boots":3,"minecraft:glass":2,"minecraft:bone":26,"minecraft:acacia_planks":1,"minecraft:bow":36,"minecraft:wheat_seeds":243,"minecraft:orange_tulip":1,"minecraft:netherite_axe":2,"minecraft:diamond_helmet":15,"minecraft:rabbit":3,"minecraft:cooked_porkchop":26,"minecraft:music_disc_13":4,"minecraft:sand":255,"minecraft:ink_sac":17,"minecraft:grass_block":7,"minecraft:cyan_bed":15,"minecraft:lily_of_the_valley":5,"minecraft:acacia_stairs":12,"minecraft:dark_oak_log":4,"minecraft:barrel":4,"minecraft:diamond":13,"minecraft:slime_block":2,"minecraft:netherite_helmet":5,"minecraft:soul_lantern":1,"minecraft:polished_blackstone_button":19,"minecraft:writable_book":17,"minecraft:crossbow":11,"minecraft:golden_apple":9,"minecraft:white_concrete":4,"minecraft:bread":63,"minecraft:emerald":472,"minecraft:netherrack":176,"minecraft:dark_oak_fence":4,"minecraft:diamond_pickaxe":2,"minecraft:oak_leaves":2,"minecraft:mud":38,"minecraft:clay_ball":3,"minecraft:chicken":9,"minecraft:ladder":4,"minecraft:leather_leggings":8,"minecraft:golden_pickaxe":1,"minecraft:turtle_helmet":2,"minecraft:brown_mushroom":1,"minecraft:gold_block":4,"minecraft:dragon_head":2,"minecraft:shield":1,"minecraft:cornflower":1,"minecraft:moss_carpet":27,"minecraft:red_bed":9,"minecraft:elytra":10,"minecraft:iron_axe":8,"minecraft:acacia_door":2,"minecraft:wooden_sword":2,"minecraft:flint_and_steel":8,"minecraft:compass":1,"minecraft:blue_orchid":5,"minecraft:candle":11,"minecraft:netherite_sword":24,"minecraft:beef":4,"minecraft:music_disc_otherside":1,"minecraft:echo_shard":2,"minecraft:oak_boat":3,"minecraft:observer":1,"minecraft:poppy":146,"minecraft:minecart":1,"minecraft:tinted_glass":6,"minecraft:sugar_cane":13,"minecraft:chest":15,"minecraft:phantom_membrane":3,"minecraft:egg":11,"minecraft:stone":2,"minecraft:glow_item_frame":3,"minecraft:music_disc_mellohi":1,"minecraft:stone_button":10,"minecraft:redstone":304,"minecraft:netherite_pickaxe":8,"minecraft:iron_horse_armor":1,"minecraft:brown_dye":1,"minecraft:dark_oak_planks":4,"minecraft:arrow":766,"minecraft:diamond_chestplate":20,"minecraft:deepslate_bricks":2,"minecraft:diamond_boots":18,"minecraft:hay_block":1,"minecraft:cracked_deepslate_bricks":1,"minecraft:warped_sign":1,"minecraft:gold_ingot":5,"minecraft:saddle":3,"minecraft:glow_berries":18,"minecraft:white_wool":20,"minecraft:soul_campfire":4,"minecraft:oxeye_daisy":5,"minecraft:netherite_boots":16,"minecraft:clock":1,"minecraft:mud_bricks":1,"minecraft:golden_carrot":27,"minecraft:tripwire_hook":2,"minecraft:magenta_banner":7,"minecraft:leather":13,"minecraft:birch_planks":18,"minecraft:packed_mud":41,"minecraft:mushroom_stew":3,"minecraft:lily_pad":2,"minecraft:golden_boots":1,"minecraft:gunpowder":3,"minecraft:sculk_vein":1,"minecraft:paper":11,"minecraft:white_banner":4,"minecraft:red_carpet":2,"minecraft:apple":227,"minecraft:kelp":6,"minecraft:iron_ingot":64,"minecraft:glass_bottle":11,"minecraft:acacia_sapling":2,"minecraft:music_disc_chirp":2,"minecraft:book":24,"minecraft:sculk_catalyst":1,"minecraft:scaffolding":4,"minecraft:dark_oak_slab":8,"minecraft:sweet_berries":17,"minecraft:birch_boat":3,"minecraft:pumpkin":46,"minecraft:sculk":1,"minecraft:red_wool":15,"minecraft:quartz":72,"minecraft:dandelion":16,"minecraft:soul_torch":1,"minecraft:white_bed":8,"minecraft:spider_eye":3,"minecraft:leather_helmet":8,"minecraft:mangrove_leaves":3,"minecraft:firework_rocket":128,"minecraft:music_disc_mall":1,"minecraft:sculk_sensor":12,"minecraft:slime_ball":3,"minecraft:light_blue_carpet":2,"minecraft:painting":32,"minecraft:oak_button":1,"minecraft:terracotta":62,"minecraft:baked_potato":159,"minecraft:mangrove_propagule":11,"minecraft:coal":80,"minecraft:ender_pearl":5},"minecraft:custom":{"minecraft:animals_bred":3,"minecraft:interact_with_crafting_table":6,"minecraft:open_barrel":3,"minecraft:open_shulker_box":7,"minecraft:bell_ring":1,"minecraft:leave_game":32,"minecraft:time_since_death":1115,"minecraft:damage_resisted":120,"minecraft:sprint_one_cm":7471375,"minecraft:drop":448,"minecraft:talked_to_villager":41,"minecraft:play_time":2461893,"minecraft:deaths":149,"minecraft:jump":16332,"minecraft:interact_with_brewingstand":2,"minecraft:walk_on_water_one_cm":293250,"minecraft:interact_with_furnace":1,"minecraft:play_record":17,"minecraft:interact_with_loom":7,"minecraft:sleep_in_bed":35,"minecraft:damage_dealt":14549,"minecraft:player_kills":9,"minecraft:crouch_one_cm":144417,"minecraft:interact_with_smoker":1,"minecraft:inspect_dispenser":2,"minecraft:horse_one_cm":552690,"minecraft:mob_kills":145,"minecraft:interact_with_anvil":1,"minecraft:climb_one_cm":89488,"minecraft:walk_one_cm":7130061,"minecraft:target_hit":44,"minecraft:strider_one_cm":682,"minecraft:sneak_time":76931,"minecraft:walk_under_water_one_cm":223062,"minecraft:boat_one_cm":245543,"minecraft:interact_with_lectern":23,"minecraft:total_world_time":2461893,"minecraft:interact_with_grindstone":2,"minecraft:time_since_rest":771,"minecraft:damage_taken":48537,"minecraft:damage_absorbed":260,"minecraft:trigger_trapped_chest":2,"minecraft:minecart_one_cm":88171,"minecraft:swim_one_cm":140720,"minecraft:fly_one_cm":9082274,"minecraft:open_chest":530,"minecraft:fall_one_cm":274344},"minecraft:killed":{"minecraft:zombified_piglin":1,"minecraft:spider":8,"minecraft:dolphin":1,"minecraft:skeleton":6,"minecraft:chicken":24,"minecraft:turtle":1,"minecraft:tropical_fish":28,"minecraft:cat":17,"minecraft:parrot":1,"minecraft:pig":3,"minecraft:zombie_villager":1,"minecraft:creeper":6,"minecraft:sheep":5,"minecraft:trader_llama":1,"minecraft:pillager":3,"minecraft:zombie":3,"minecraft:donkey":1,"minecraft:cow":4,"minecraft:slime":4,"minecraft:phantom":2,"minecraft:horse":3,"minecraft:panda":1,"minecraft:husk":3,"minecraft:rabbit":2,"minecraft:frog":3,"minecraft:wandering_trader":2,"minecraft:squid":8,"minecraft:villager":1,"minecraft:enderman":1},"minecraft:crafted":{"minecraft:baked_potato":64},"minecraft:mined":{"minecraft:white_bed":4,"minecraft:sculk_vein":1,"minecraft:acacia_log":19,"minecraft:grass_block":29,"minecraft:oxeye_daisy":4,"minecraft:tall_seagrass":3,"minecraft:sculk_catalyst":1,"minecraft:fire":14,"minecraft:pumpkin":4,"minecraft:black_carpet":1,"minecraft:sculk_shrieker":1,"minecraft:dirt_path":2,"minecraft:blue_orchid":1,"minecraft:white_banner":1,"minecraft:brown_mushroom":1,"minecraft:red_bed":5,"minecraft:torch":6,"minecraft:poppy":62,"minecraft:chest":2,"minecraft:dead_bush":4,"minecraft:glass":1,"minecraft:sugar_cane":1,"minecraft:wall_torch":20,"minecraft:seagrass":5,"minecraft:mud":19,"minecraft:wheat":1,"minecraft:grass":245,"minecraft:acacia_fence":7,"minecraft:dirt":40,"minecraft:sand":36,"minecraft:candle":3,"minecraft:mangrove_roots":17,"minecraft:stone_button":3,"minecraft:redstone_wire":34,"minecraft:mangrove_propagule":2,"minecraft:hay_block":1,"minecraft:black_stained_glass_pane":2,"minecraft:packed_mud":2,"minecraft:vine":3,"minecraft:stone":1,"minecraft:acacia_leaves":13,"minecraft:infested_stone_bricks":1,"minecraft:lily_of_the_valley":1,"minecraft:dandelion":12,"minecraft:cornflower":1,"minecraft:sculk_sensor":2,"minecraft:tall_grass":24,"minecraft:sculk":2,"minecraft:cactus":1,"minecraft:sweet_berry_bush":2,"minecraft:mangrove_leaves":12,"minecraft:muddy_mangrove_roots":2},"minecraft:dropped":{"minecraft:brown_mushroom":1,"minecraft:cooked_beef":2,"minecraft:baked_potato":19,"minecraft:glass_bottle":1,"minecraft:diamond":14,"minecraft:crossbow":1,"minecraft:leather":2,"minecraft:red_wool":15,"minecraft:gold_block":5,"minecraft:elytra":2,"minecraft:red_carpet":1,"minecraft:deepslate_tile_stairs":1,"minecraft:music_disc_13":1,"minecraft:emerald":152,"minecraft:packed_mud":5,"minecraft:dirt":3,"minecraft:red_bed":3,"minecraft:seagrass":1,"minecraft:netherite_boots":4,"minecraft:gold_nugget":9,"minecraft:writable_book":8,"minecraft:acacia_door":2,"minecraft:white_wool":2,"minecraft:green_wool":16,"minecraft:bone":2,"minecraft:music_disc_blocks":1,"minecraft:sugar_cane":3,"minecraft:music_disc_chirp":2,"minecraft:netherite_sword":4,"minecraft:wheat":5,"minecraft:rotten_flesh":8,"minecraft:acacia_stairs":6,"minecraft:poppy":64,"minecraft:music_disc_mall":1,"minecraft:leather_leggings":1,"minecraft:painting":7,"minecraft:arrow":87,"minecraft:egg":2,"minecraft:bread":1,"minecraft:water_bucket":1,"minecraft:netherite_pickaxe":1,"minecraft:magenta_carpet":1,"minecraft:wheat_seeds":28,"minecraft:crimson_pressure_plate":2,"minecraft:netherite_helmet":2,"minecraft:netherite_chestplate":3,"minecraft:netherite_axe":1,"minecraft:feather":1,"minecraft:lead":3,"minecraft:book":6,"minecraft:apple":23,"minecraft:dark_oak_pressure_plate":2,"minecraft:spruce_door":1,"minecraft:tropical_fish":13,"minecraft:acacia_log":2,"minecraft:polished_blackstone_button":1,"minecraft:grass_block":3,"minecraft:mushroom_stew":1,"minecraft:stick":2,"minecraft:oxeye_daisy":3,"minecraft:lava_bucket":1,"minecraft:golden_carrot":3,"minecraft:torch":1,"minecraft:smooth_quartz":1,"minecraft:pumpkin":41,"minecraft:polished_blackstone_brick_slab":1,"minecraft:iron_axe":1,"minecraft:paper":7,"minecraft:string":13,"minecraft:music_disc_cat":3,"minecraft:dandelion":4,"minecraft:polished_deepslate":1,"minecraft:red_concrete":1,"minecraft:kelp":4,"minecraft:sweet_berries":3,"minecraft:chicken":1,"minecraft:name_tag":2,"minecraft:netherite_leggings":3,"minecraft:lily_of_the_valley":1,"minecraft:cat_spawn_egg":1,"minecraft:bow":3,"minecraft:blue_orchid":3,"minecraft:music_disc_mellohi":1}},"DataVersion":3105}