{"stats":{"minecraft:dropped":{"minecraft:paper":1},"minecraft:custom":{"minecraft:time_since_rest":60951,"minecraft:open_chest":9,"minecraft:strider_one_cm":5869,"minecraft:crouch_one_cm":280,"minecraft:play_time":60951,"minecraft:sprint_one_cm":3724,"minecraft:damage_taken":50,"minecraft:walk_one_cm":280562,"minecraft:bell_ring":6,"minecraft:sneak_time":357,"minecraft:walk_under_water_one_cm":7285,"minecraft:drop":1,"minecraft:boat_one_cm":7924,"minecraft:jump":277,"minecraft:minecart_one_cm":7843,"minecraft:damage_dealt":24,"minecraft:leave_game":4,"minecraft:walk_on_water_one_cm":2908,"minecraft:time_since_death":60951,"minecraft:climb_one_cm":3801,"minecraft:total_world_time":60951,"minecraft:talked_to_villager":6,"minecraft:fall_one_cm":202,"minecraft:fly_one_cm":441588,"minecraft:inspect_dispenser":1},"minecraft:picked_up":{"minecraft:paper":1}},"DataVersion":3117}