{"stats":{"minecraft:dropped":{"minecraft:wheat":2},"minecraft:killed_by":{"minecraft:zombie":2},"minecraft:picked_up":{"minecraft:wheat":2,"minecraft:sweet_berries":2,"minecraft:dandelion":1,"minecraft:dirt":2,"minecraft:rotten_flesh":1,"minecraft:wheat_seeds":3,"minecraft:iron_ingot":19,"minecraft:poppy":3},"minecraft:killed":{"minecraft:zombie":2},"minecraft:used":{"minecraft:iron_hoe":33,"minecraft:grass_block":11,"minecraft:oak_sign":3,"minecraft:golden_sword":12,"minecraft:bow":13,"minecraft:minecart":1,"minecraft:warped_planks":37},"minecraft:custom":{"minecraft:time_since_rest":30614,"minecraft:interact_with_smithing_table":1,"minecraft:sprint_one_cm":126168,"minecraft:open_enderchest":4,"minecraft:damage_taken":568,"minecraft:walk_one_cm":348557,"minecraft:mob_kills":2,"minecraft:drop":2,"minecraft:minecart_one_cm":32606,"minecraft:damage_dealt":368,"minecraft:swim_one_cm":4984,"minecraft:interact_with_crafting_table":2,"minecraft:fly_one_cm":254735,"minecraft:open_barrel":2,"minecraft:open_chest":25,"minecraft:crouch_one_cm":991,"minecraft:play_time":62377,"minecraft:interact_with_loom":1,"minecraft:deaths":2,"minecraft:sneak_time":755,"minecraft:walk_under_water_one_cm":5342,"minecraft:jump":431,"minecraft:leave_game":1,"minecraft:walk_on_water_one_cm":6879,"minecraft:time_since_death":30594,"minecraft:climb_one_cm":6605,"minecraft:total_world_time":62377,"minecraft:interact_with_smoker":1,"minecraft:fall_one_cm":8896},"minecraft:mined":{"minecraft:acacia_leaves":1,"minecraft:sweet_berry_bush":2,"minecraft:dandelion":1,"minecraft:grass_block":2,"minecraft:tall_grass":1}},"DataVersion":2865}