{"stats":{"minecraft:killed_by":{"minecraft:player":1},"minecraft:mined":{"minecraft:grass_block":1},"minecraft:custom":{"minecraft:jump":139,"minecraft:time_since_rest":67459,"minecraft:damage_taken":262,"minecraft:walk_one_cm":192179,"minecraft:leave_game":4,"minecraft:damage_dealt":178,"minecraft:crouch_one_cm":1220,"minecraft:sprint_one_cm":24661,"minecraft:play_time":75609,"minecraft:time_since_death":67439,"minecraft:walk_on_water_one_cm":4290,"minecraft:deaths":1,"minecraft:sneak_time":673,"minecraft:total_world_time":75609,"minecraft:walk_under_water_one_cm":956,"minecraft:swim_one_cm":275,"minecraft:boat_one_cm":11693,"minecraft:fly_one_cm":200109,"minecraft:player_kills":1},"minecraft:picked_up":{"minecraft:sea_pickle":1,"minecraft:lily_pad":1}},"DataVersion":2865}