{"stats":{"minecraft:used":{"minecraft:apple":2,"minecraft:bread":2,"minecraft:stone_axe":6,"minecraft:cookie":1,"minecraft:diamond_sword":4,"minecraft:wooden_sword":9,"minecraft:sweet_berries":5,"minecraft:cooked_beef":1},"minecraft:picked_up":{"minecraft:stick":1,"minecraft:leather_chestplate":1,"minecraft:cooked_beef":12,"minecraft:sweet_berries":3,"minecraft:leather_leggings":1,"minecraft:cookie":2,"minecraft:golden_boots":1,"minecraft:shield":1,"minecraft:golden_chestplate":1,"minecraft:leather_helmet":1,"minecraft:arrow":9,"minecraft:bone":2,"minecraft:rotten_flesh":2,"minecraft:apple":1,"minecraft:stone_axe":1,"minecraft:bread":4,"minecraft:chainmail_helmet":1,"minecraft:glass_bottle":1,"minecraft:glowstone_dust":2,"minecraft:iron_sword":1},"minecraft:custom":{"minecraft:time_since_rest":48143,"minecraft:sprint_one_cm":80793,"minecraft:damage_taken":253,"minecraft:walk_one_cm":225268,"minecraft:mob_kills":4,"minecraft:drop":15,"minecraft:damage_dealt":785,"minecraft:swim_one_cm":8130,"minecraft:fly_one_cm":70377,"minecraft:player_kills":1,"minecraft:open_chest":13,"minecraft:crouch_one_cm":172,"minecraft:play_time":62590,"minecraft:sneak_time":469,"minecraft:walk_under_water_one_cm":3813,"minecraft:jump":281,"minecraft:leave_game":1,"minecraft:walk_on_water_one_cm":261,"minecraft:climb_one_cm":1889,"minecraft:sleep_in_bed":1,"minecraft:time_since_death":62590,"minecraft:total_world_time":62590,"minecraft:fall_one_cm":267},"minecraft:killed":{"minecraft:skeleton":1,"minecraft:zombie":1,"minecraft:witch":1,"minecraft:zombie_villager":1},"minecraft:dropped":{"minecraft:bread":2,"minecraft:golden_boots":1,"minecraft:iron_sword":1,"minecraft:leather_chestplate":1,"minecraft:sweet_berries":3,"minecraft:shield":1,"minecraft:cooked_beef":3,"minecraft:golden_chestplate":1,"minecraft:leather_leggings":1,"minecraft:arrow":1,"minecraft:chainmail_helmet":1,"minecraft:leather_helmet":1,"minecraft:bone":2}},"DataVersion":3105}