{"stats":{"minecraft:killed":{"minecraft:chicken":2},"minecraft:custom":{"minecraft:mob_kills":2,"minecraft:bell_ring":1,"minecraft:interact_with_grindstone":1,"minecraft:interact_with_stonecutter":1,"minecraft:leave_game":97,"minecraft:time_since_death":375697,"minecraft:sleep_in_bed":2,"minecraft:climb_one_cm":4960,"minecraft:time_since_rest":370524,"minecraft:sprint_one_cm":71228,"minecraft:damage_taken":2789,"minecraft:walk_one_cm":676952,"minecraft:trigger_trapped_chest":1,"minecraft:drop":129,"minecraft:minecart_one_cm":392,"minecraft:damage_dealt":640,"minecraft:fly_one_cm":2407080,"minecraft:player_kills":1,"minecraft:open_chest":12,"minecraft:crouch_one_cm":3857,"minecraft:play_time":809513,"minecraft:deaths":6,"minecraft:sneak_time":11481,"minecraft:walk_under_water_one_cm":25932,"minecraft:interact_with_lectern":1,"minecraft:aviate_one_cm":4644,"minecraft:jump":1329,"minecraft:walk_on_water_one_cm":44030,"minecraft:total_world_time":809513,"minecraft:fall_one_cm":11049,"minecraft:horse_one_cm":1060},"minecraft:picked_up":{"minecraft:feather":3,"minecraft:netherite_boots":1,"minecraft:allium":20,"minecraft:wheat":4,"minecraft:chicken":7,"minecraft:leather":2,"minecraft:dirt":6,"minecraft:wheat_seeds":7,"minecraft:rose_bush":3,"minecraft:cobblestone_slab":1,"minecraft:netherite_axe":1,"minecraft:poppy":81,"minecraft:sugar_cane":3,"minecraft:egg":2,"minecraft:acacia_fence":1,"minecraft:sweet_berries":1,"minecraft:dandelion":7,"minecraft:sand":36,"minecraft:firework_rocket":4,"minecraft:netherite_helmet":1,"minecraft:peony":6,"minecraft:emerald":7,"minecraft:baked_potato":64,"minecraft:glow_berries":1,"minecraft:cobblestone":2},"minecraft:killed_by":{"minecraft:player":4,"minecraft:zombie":1},"minecraft:used":{"minecraft:wheat_seeds":3,"minecraft:dark_oak_stairs":1,"minecraft:water_bucket":1,"minecraft:trident":147,"minecraft:dirt_path":2,"minecraft:spruce_door":1,"minecraft:flint_and_steel":3,"minecraft:elytra":1,"minecraft:stone":43,"minecraft:spruce_sign":3,"minecraft:cobblestone_slab":3,"minecraft:glow_ink_sac":3,"minecraft:stone_hoe":3,"minecraft:farmland":2,"minecraft:torch":4,"minecraft:glow_berries":3,"minecraft:dirt":11,"minecraft:stone_stairs":15,"minecraft:dark_oak_door":1,"minecraft:honey_bottle":2,"minecraft:frog_spawn_egg":5,"minecraft:firework_rocket":5,"minecraft:acacia_sign":2,"minecraft:red_wool":7,"minecraft:grass_block":52,"minecraft:map":2,"minecraft:flowering_azalea_leaves":9,"minecraft:stone_bricks":2,"minecraft:item_frame":2,"minecraft:bucket":3,"minecraft:acacia_fence":1,"minecraft:acacia_planks":6},"minecraft:mined":{"minecraft:dandelion":1,"minecraft:rose_bush":1,"minecraft:sweet_berry_bush":1,"minecraft:peony":2,"minecraft:acacia_fence":1,"minecraft:dirt":2},"minecraft:dropped":{"minecraft:chicken":1,"minecraft:red_wool":1,"minecraft:stone_stairs":1,"minecraft:emerald":7,"minecraft:poppy":107,"minecraft:allium":1,"minecraft:peony":5,"minecraft:rose_bush":2,"minecraft:dandelion":4}},"DataVersion":3337}