{"stats":{"minecraft:killed":{"minecraft:spider":3,"minecraft:skeleton":13,"minecraft:chicken":42,"minecraft:cat":1,"minecraft:creeper":6,"minecraft:pillager":5,"minecraft:donkey":6,"minecraft:zombie":10,"minecraft:cow":2,"minecraft:slime":4,"minecraft:phantom":5,"minecraft:horse":1,"minecraft:husk":5,"minecraft:rabbit":5,"minecraft:enderman":4},"minecraft:custom":{"minecraft:interact_with_crafting_table":7,"minecraft:open_barrel":15,"minecraft:open_shulker_box":2,"minecraft:leave_game":23,"minecraft:time_since_death":3109,"minecraft:damage_resisted":3,"minecraft:sprint_one_cm":2346929,"minecraft:drop":406,"minecraft:talked_to_villager":6,"minecraft:play_time":1137026,"minecraft:deaths":37,"minecraft:jump":14947,"minecraft:walk_on_water_one_cm":117045,"minecraft:interact_with_furnace":8,"minecraft:interact_with_loom":5,"minecraft:sleep_in_bed":32,"minecraft:open_enderchest":1,"minecraft:damage_dealt":25516,"minecraft:player_kills":66,"minecraft:crouch_one_cm":276728,"minecraft:interact_with_smoker":1,"minecraft:mob_kills":115,"minecraft:interact_with_anvil":5,"minecraft:interact_with_campfire":4,"minecraft:climb_one_cm":133188,"minecraft:walk_one_cm":3154906,"minecraft:damage_dealt_absorbed":160,"minecraft:target_hit":54,"minecraft:sneak_time":101669,"minecraft:walk_under_water_one_cm":156153,"minecraft:boat_one_cm":405739,"minecraft:total_world_time":1137026,"minecraft:interact_with_grindstone":2,"minecraft:time_since_rest":3136,"minecraft:damage_absorbed":199,"minecraft:damage_taken":23601,"minecraft:trigger_trapped_chest":12,"minecraft:minecart_one_cm":73604,"minecraft:swim_one_cm":70002,"minecraft:fly_one_cm":2006206,"minecraft:open_chest":330,"minecraft:aviate_one_cm":188486,"minecraft:fall_one_cm":317224},"minecraft:picked_up":{"minecraft:wheat":31,"minecraft:anvil":2,"minecraft:lead":6,"minecraft:diamond_sword":4,"minecraft:potion":4,"minecraft:enchanted_book":4,"minecraft:stone_brick_stairs":1,"minecraft:string":5,"minecraft:raw_copper":7,"minecraft:cooked_salmon":1,"minecraft:diamond_leggings":3,"minecraft:cobbled_deepslate":265,"minecraft:bucket":4,"minecraft:spruce_planks":14,"minecraft:red_dye":26,"minecraft:mangrove_log":14,"minecraft:dark_oak_door":5,"minecraft:tipped_arrow":49,"minecraft:stick":49,"minecraft:torch":21,"minecraft:acacia_log":21,"minecraft:netherite_shovel":1,"minecraft:crimson_button":4,"minecraft:diorite":31,"minecraft:warped_button":1,"minecraft:rabbit_foot":5,"minecraft:honey_bottle":48,"minecraft:rotten_flesh":18,"minecraft:mangrove_roots":32,"minecraft:white_terracotta":20,"minecraft:netherite_chestplate":16,"minecraft:cobblestone":129,"minecraft:muddy_mangrove_roots":1,"minecraft:feather":109,"minecraft:cooked_beef":770,"minecraft:water_bucket":3,"minecraft:acacia_leaves":1,"minecraft:dark_oak_boat":1,"minecraft:potato":1,"minecraft:flint":2,"minecraft:acacia_boat":1,"minecraft:netherite_leggings":25,"minecraft:dirt":588,"minecraft:lantern":4,"minecraft:name_tag":9,"minecraft:glass":33,"minecraft:bone":40,"minecraft:acacia_planks":44,"minecraft:bow":20,"minecraft:wheat_seeds":262,"minecraft:raw_gold":29,"minecraft:netherite_axe":12,"minecraft:rabbit":8,"minecraft:diamond_helmet":4,"minecraft:bamboo":1,"minecraft:prismarine":3,"minecraft:oak_planks":31,"minecraft:chiseled_polished_blackstone":1,"minecraft:cooked_porkchop":93,"minecraft:music_disc_13":2,"minecraft:warped_wart_block":1,"minecraft:stripped_acacia_wood":1,"minecraft:sand":13,"minecraft:grass_block":3,"minecraft:mossy_cobblestone":13,"minecraft:white_candle":3,"minecraft:diamond":5,"minecraft:netherite_helmet":16,"minecraft:polished_blackstone_button":3,"minecraft:cracked_polished_blackstone_bricks":5,"minecraft:crossbow":16,"minecraft:grass":4,"minecraft:bone_meal":1,"minecraft:golden_apple":80,"minecraft:spruce_button":1,"minecraft:emerald":233,"minecraft:bread":1,"minecraft:oak_sapling":27,"minecraft:oak_leaves":2,"minecraft:diamond_pickaxe":4,"minecraft:mud":28,"minecraft:cocoa_beans":6,"minecraft:crafting_table":1,"minecraft:azure_bluet":3,"minecraft:chicken":22,"minecraft:ladder":17,"minecraft:clay_ball":12,"minecraft:brown_mushroom":8,"minecraft:dragon_head":9,"minecraft:flint_and_steel":10,"minecraft:elytra":18,"minecraft:red_bed":2,"minecraft:moss_carpet":31,"minecraft:iron_axe":1,"minecraft:compass":1,"minecraft:birch_fence":2,"minecraft:blackstone":21,"minecraft:candle":6,"minecraft:netherite_sword":14,"minecraft:music_disc_otherside":2,"minecraft:beef":6,"minecraft:oak_boat":2,"minecraft:poppy":40,"minecraft:spruce_slab":2,"minecraft:minecart":1,"minecraft:sugar_cane":8,"minecraft:diamond_hoe":2,"minecraft:phantom_membrane":8,"minecraft:oak_door":1,"minecraft:spruce_fence":1,"minecraft:polished_blackstone_bricks":8,"minecraft:frog_spawn_egg":20,"minecraft:stone_button":2,"minecraft:trident":1,"minecraft:redstone":132,"minecraft:netherite_pickaxe":20,"minecraft:stone_pressure_plate":2,"minecraft:tnt":1,"minecraft:arrow":1143,"minecraft:diamond_chestplate":4,"minecraft:peony":12,"minecraft:diamond_boots":3,"minecraft:saddle":10,"minecraft:rail":6,"minecraft:white_wool":2,"minecraft:netherite_boots":21,"minecraft:golden_carrot":8,"minecraft:mud_bricks":1,"minecraft:tripwire_hook":5,"minecraft:yellow_dye":31,"minecraft:leather":8,"minecraft:fern":4,"minecraft:red_mushroom":10,"minecraft:birch_planks":4,"minecraft:mushroom_stew":7,"minecraft:jungle_button":3,"minecraft:cobblestone_wall":1,"minecraft:gunpowder":7,"minecraft:wooden_hoe":2,"minecraft:sculk_vein":2,"minecraft:paper":42,"minecraft:cooked_mutton":1,"minecraft:apple":16,"minecraft:heart_of_the_sea":1,"minecraft:rabbit_hide":3,"minecraft:iron_ingot":48,"minecraft:iron_ore":5,"minecraft:glass_bottle":14,"minecraft:iron_sword":1,"minecraft:acacia_sapling":7,"minecraft:book":2,"minecraft:scaffolding":16,"minecraft:sweet_berries":6,"minecraft:sculk":2,"minecraft:red_wool":1,"minecraft:dandelion":8,"minecraft:gravel":5,"minecraft:spruce_sapling":6,"minecraft:white_bed":3,"minecraft:spruce_door":2,"minecraft:firework_rocket":742,"minecraft:mangrove_leaves":17,"minecraft:sculk_sensor":38,"minecraft:slime_ball":5,"minecraft:polished_diorite":40,"minecraft:campfire":1,"minecraft:diamond_axe":2,"minecraft:painting":10,"minecraft:oak_button":1,"minecraft:baked_potato":87,"minecraft:mangrove_propagule":8,"minecraft:coal":188,"minecraft:ender_pearl":4},"minecraft:crafted":{"minecraft:cooked_rabbit":2,"minecraft:campfire":1,"minecraft:stick":24,"minecraft:cooked_beef":11,"minecraft:cooked_cod":9,"minecraft:cooked_salmon":8,"minecraft:acacia_planks":12},"minecraft:killed_by":{"minecraft:player":23,"minecraft:warden":9},"minecraft:used":{"minecraft:ladder":9,"minecraft:poppy":2,"minecraft:chest":43,"minecraft:white_terracotta":75,"minecraft:donkey_spawn_egg":6,"minecraft:iron_sword":7,"minecraft:grass":4,"minecraft:white_candle":3,"minecraft:blue_stained_glass":1,"minecraft:crimson_button":1,"minecraft:red_wool":1,"minecraft:grass_block":5,"minecraft:quartz_block":1,"minecraft:stone_bricks":157,"minecraft:bow":228,"minecraft:dark_oak_boat":2,"minecraft:jungle_button":1,"minecraft:cooked_cod":1,"minecraft:egg":104,"minecraft:dragon_head":1,"minecraft:mangrove_leaves":1,"minecraft:diorite":2,"minecraft:spruce_door":2,"minecraft:oak_planks":5,"minecraft:ender_pearl":33,"minecraft:golden_apple":8,"minecraft:sand":55,"minecraft:black_banner":3,"minecraft:yellow_concrete":61,"minecraft:crossbow":111,"minecraft:chiseled_quartz_block":2,"minecraft:black_concrete":227,"minecraft:firework_rocket":7,"minecraft:bread":20,"minecraft:deepslate":16,"minecraft:soul_lantern":5,"minecraft:diamond_sword":4,"minecraft:cooked_rabbit":2,"minecraft:oak_boat":1,"minecraft:trident":15,"minecraft:netherite_sword":102,"minecraft:flint_and_steel":6,"minecraft:spruce_planks":252,"minecraft:tinted_glass":5,"minecraft:cooked_salmon":1,"minecraft:oak_door":1,"minecraft:dirt":54,"minecraft:anvil":1,"minecraft:fern":4,"minecraft:tripwire_hook":1,"minecraft:golden_carrot":2,"minecraft:netherite_pickaxe":142,"minecraft:trapped_chest":9,"minecraft:cooked_beef":108,"minecraft:calcite":7,"minecraft:cooked_mutton":1,"minecraft:acacia_boat":1,"minecraft:water_bucket":21,"minecraft:birch_planks":4,"minecraft:baked_potato":11,"minecraft:brown_mushroom":6,"minecraft:glow_item_frame":13,"minecraft:mossy_cobblestone":1,"minecraft:tnt":1,"minecraft:red_mushroom":6,"minecraft:white_bed":2,"minecraft:campfire":1,"minecraft:dark_oak_door":2,"minecraft:mud":3,"minecraft:netherite_axe":446,"minecraft:potion":2,"minecraft:white_banner":2,"minecraft:jungle_door":1,"minecraft:bucket":23,"minecraft:polished_blackstone_button":2,"minecraft:dandelion":4,"minecraft:soul_torch":12},"minecraft:mined":{"minecraft:dark_oak_planks":1,"minecraft:spruce_planks":2,"minecraft:white_bed":1,"minecraft:acacia_log":14,"minecraft:grass_block":11,"minecraft:dragon_head":1,"minecraft:black_carpet":1,"minecraft:dark_oak_stairs":3,"minecraft:jungle_button":1,"minecraft:red_bed":1,"minecraft:poppy":1,"minecraft:dead_bush":7,"minecraft:white_candle":2,"minecraft:sugar_cane":4,"minecraft:oak_planks":31,"minecraft:wall_torch":2,"minecraft:seagrass":3,"minecraft:dark_oak_slab":4,"minecraft:dark_oak_door":4,"minecraft:mud":4,"minecraft:tinted_glass":4,"minecraft:wheat":3,"minecraft:grass":15,"minecraft:oak_log":1,"minecraft:sand":5,"minecraft:dirt":32,"minecraft:mangrove_log":16,"minecraft:oak_leaves":4,"minecraft:candle":1,"minecraft:dark_oak_log":1,"minecraft:mangrove_roots":13,"minecraft:glow_lichen":1,"minecraft:ladder":3,"minecraft:dark_oak_fence":4,"minecraft:redstone_wire":1,"minecraft:mangrove_propagule":1,"minecraft:polished_blackstone_button":3,"minecraft:acacia_stairs":1,"minecraft:vine":1,"minecraft:stone":35,"minecraft:acacia_leaves":3,"minecraft:scaffolding":1,"minecraft:dandelion":1,"minecraft:sculk_sensor":7,"minecraft:tall_grass":3,"minecraft:copper_ore":2,"minecraft:diorite":5,"minecraft:birch_planks":4,"minecraft:mangrove_leaves":13,"minecraft:muddy_mangrove_roots":1,"minecraft:coal_ore":22,"minecraft:brown_terracotta":3,"minecraft:terracotta":50,"minecraft:gold_ore":13},"minecraft:dropped":{"minecraft:brown_mushroom":2,"minecraft:diamond_axe":1,"minecraft:cooked_beef":39,"minecraft:baked_potato":38,"minecraft:diamond":5,"minecraft:crafting_table":1,"minecraft:cooked_porkchop":15,"minecraft:crossbow":2,"minecraft:elytra":1,"minecraft:rail":6,"minecraft:red_mushroom":4,"minecraft:flint":2,"minecraft:emerald":112,"minecraft:cracked_polished_blackstone_bricks":5,"minecraft:dirt":341,"minecraft:red_bed":1,"minecraft:birch_fence":2,"minecraft:stone_button":1,"minecraft:yellow_dye":31,"minecraft:netherite_boots":7,"minecraft:bone_meal":1,"minecraft:sand":7,"minecraft:polished_blackstone_bricks":8,"minecraft:white_wool":2,"minecraft:bone":29,"minecraft:dark_oak_door":2,"minecraft:chiseled_polished_blackstone":1,"minecraft:blackstone":21,"minecraft:sugar_cane":1,"minecraft:netherite_sword":7,"minecraft:wheat":3,"minecraft:soul_lantern":1,"minecraft:rotten_flesh":10,"minecraft:netherite_shovel":1,"minecraft:prismarine":3,"minecraft:honey_bottle":34,"minecraft:azure_bluet":3,"minecraft:white_bed":1,"minecraft:poppy":3,"minecraft:tipped_arrow":48,"minecraft:acacia_sapling":7,"minecraft:ladder":14,"minecraft:spruce_slab":2,"minecraft:arrow":5,"minecraft:campfire":1,"minecraft:glass":33,"minecraft:scaffolding":16,"minecraft:firework_rocket":5,"minecraft:water_bucket":3,"minecraft:bread":3,"minecraft:netherite_pickaxe":1,"minecraft:wheat_seeds":18,"minecraft:mangrove_leaves":8,"minecraft:minecart":1,"minecraft:diamond_leggings":2,"minecraft:netherite_chestplate":4,"minecraft:netherite_helmet":5,"minecraft:feather":26,"minecraft:cobblestone":12,"minecraft:lead":3,"minecraft:book":2,"minecraft:acacia_log":8,"minecraft:polished_blackstone_button":1,"minecraft:grass_block":1,"minecraft:mushroom_stew":7,"minecraft:stick":24,"minecraft:turtle_egg":1,"minecraft:torch":6,"minecraft:wooden_hoe":2,"minecraft:cooked_salmon":1,"minecraft:diamond_helmet":2,"minecraft:heart_of_the_sea":1,"minecraft:iron_axe":1,"minecraft:red_dye":26,"minecraft:paper":5,"minecraft:string":5,"minecraft:tripwire_hook":4,"minecraft:spruce_sapling":6,"minecraft:dandelion":4,"minecraft:redstone":132,"minecraft:polished_diorite":40,"minecraft:anvil":2,"minecraft:moss_carpet":31,"minecraft:sweet_berries":1,"minecraft:cocoa_beans":3,"minecraft:sculk_sensor":4,"minecraft:clay_ball":9,"minecraft:name_tag":7,"minecraft:white_terracotta":20,"minecraft:acacia_leaves":1,"minecraft:flint_and_steel":1,"minecraft:donkey_spawn_egg":1,"minecraft:netherite_leggings":7,"minecraft:crimson_button":1,"minecraft:muddy_mangrove_roots":1,"minecraft:diamond_sword":2,"minecraft:potato":1,"minecraft:oak_button":1,"minecraft:diamond_chestplate":1,"minecraft:spruce_planks":1,"minecraft:diamond_pickaxe":3,"minecraft:oak_sapling":5,"minecraft:stone_pressure_plate":2,"minecraft:diamond_boots":1,"minecraft:slime_ball":5,"minecraft:bow":5}},"DataVersion":3337}