{"stats":{"minecraft:killed":{"minecraft:wolf":1,"minecraft:spider":1,"minecraft:squid":1,"minecraft:cow":1},"minecraft:picked_up":{"minecraft:cooked_beef":6,"minecraft:gold_block":172,"minecraft:diamond_block":284,"minecraft:diamond":504,"minecraft:gold_nugget":340,"minecraft:raw_gold":347,"minecraft:writable_book":1,"minecraft:redstone_torch":1,"minecraft:golden_apple":335,"minecraft:written_book":2,"minecraft:gold_ingot":262},"minecraft:dropped":{"minecraft:gold_block":2,"minecraft:cooked_beef":4,"minecraft:red_banner":10,"minecraft:writable_book":1,"minecraft:polished_granite":1},"minecraft:killed_by":{"minecraft:player":2},"minecraft:custom":{"minecraft:time_since_rest":57846,"minecraft:sprint_one_cm":15515,"minecraft:open_enderchest":1,"minecraft:damage_taken":723,"minecraft:walk_one_cm":228846,"minecraft:mob_kills":4,"minecraft:drop":18,"minecraft:damage_dealt":204,"minecraft:fly_one_cm":844585,"minecraft:open_chest":2,"minecraft:crouch_one_cm":1537,"minecraft:play_time":88431,"minecraft:deaths":2,"minecraft:sneak_time":4098,"minecraft:aviate_one_cm":474022,"minecraft:jump":331,"minecraft:leave_game":3,"minecraft:time_since_death":57826,"minecraft:walk_on_water_one_cm":737,"minecraft:climb_one_cm":2250,"minecraft:total_world_time":88431,"minecraft:fall_one_cm":3066},"minecraft:used":{"minecraft:redstone_torch":2,"minecraft:writable_book":1,"minecraft:firework_rocket":35,"minecraft:grass_block":9,"minecraft:elytra":1,"minecraft:warped_sign":11,"minecraft:bow":52,"minecraft:written_book":1,"minecraft:white_banner":2,"minecraft:red_banner":3,"minecraft:cooked_beef":2},"minecraft:mined":{"minecraft:grass":1}},"DataVersion":2865}