{"stats":{"minecraft:used":{"minecraft:flint_and_steel":1,"minecraft:melon_slice":5,"minecraft:torch":1,"minecraft:bow":12,"minecraft:cooked_porkchop":12},"minecraft:killed":{"minecraft:sheep":1},"minecraft:killed_by":{"minecraft:player":1},"minecraft:dropped":{"minecraft:leather_chestplate":0,"minecraft:wheat_seeds":0,"minecraft:torch":0,"minecraft:cooked_porkchop":0,"minecraft:arrow":0,"minecraft:bow":0,"minecraft:white_wool":0,"minecraft:gold_ingot":0},"minecraft:custom":{"minecraft:time_since_rest":15121,"minecraft:sprint_one_cm":160682,"minecraft:damage_taken":3876,"minecraft:walk_one_cm":328240,"minecraft:mob_kills":1,"minecraft:drop":40,"minecraft:damage_dealt":923,"minecraft:swim_one_cm":24650,"minecraft:fly_one_cm":550653,"minecraft:target_hit":4,"minecraft:player_kills":2,"minecraft:open_chest":17,"minecraft:crouch_one_cm":16224,"minecraft:play_time":122809,"minecraft:deaths":12,"minecraft:sneak_time":5917,"minecraft:walk_under_water_one_cm":3320,"minecraft:jump":1442,"minecraft:leave_game":3,"minecraft:time_since_death":15101,"minecraft:walk_on_water_one_cm":2882,"minecraft:climb_one_cm":21264,"minecraft:total_world_time":122809,"minecraft:fall_one_cm":30286,"minecraft:horse_one_cm":1379606},"minecraft:mined":{"minecraft:flowering_azalea":1,"minecraft:grass":2,"minecraft:tall_grass":5,"minecraft:oxeye_daisy":1,"minecraft:wall_torch":1},"minecraft:picked_up":{"minecraft:leather_chestplate":3,"minecraft:cooked_porkchop":106,"minecraft:torch":3,"minecraft:spider_eye":3,"minecraft:string":5,"minecraft:paper":4,"minecraft:flint_and_steel":1,"minecraft:arrow":2,"minecraft:bow":3,"minecraft:wheat_seeds":5,"minecraft:gold_ingot":1,"minecraft:saddle":1,"minecraft:golden_horse_armor":1,"minecraft:poppy":1,"minecraft:mutton":2,"minecraft:white_wool":2,"minecraft:oxeye_daisy":1}},"DataVersion":2730}