{"stats":{"minecraft:custom":{"minecraft:jump":22,"minecraft:time_since_rest":16441,"minecraft:sprint_one_cm":244,"minecraft:leave_game":4,"minecraft:play_time":16441,"minecraft:damage_taken":157,"minecraft:time_since_death":16441,"minecraft:walk_one_cm":28422,"minecraft:climb_one_cm":5149,"minecraft:total_world_time":16441,"minecraft:fall_one_cm":990},"minecraft:picked_up":{"minecraft:rose_bush":1,"minecraft:emerald":16,"minecraft:poppy":37,"minecraft:sweet_berries":2,"minecraft:netherite_leggings":1,"minecraft:red_wool":6,"minecraft:wheat_seeds":2,"minecraft:peony":8,"minecraft:cobblestone":1}},"DataVersion":3218}