{"stats":{"minecraft:used":{"minecraft:cornflower":1,"minecraft:writable_book":3,"minecraft:blue_orchid":1,"minecraft:iron_sword":32,"minecraft:stone":1,"minecraft:diamond_sword":64,"minecraft:golden_apple":4,"minecraft:dirt":45,"minecraft:bow":67,"minecraft:crossbow":9,"minecraft:white_bed":3,"minecraft:cooked_beef":3,"minecraft:dandelion":2},"minecraft:killed_by":{"minecraft:player":1},"minecraft:dropped":{"minecraft:bread":20,"minecraft:diamond_sword":1,"minecraft:dirt":1,"minecraft:tipped_arrow":1,"minecraft:stone":1,"minecraft:cooked_beef":1,"minecraft:cornflower":1,"minecraft:crossbow":1,"minecraft:spectral_arrow":64,"minecraft:writable_book":4,"minecraft:white_bed":1},"minecraft:mined":{"minecraft:dandelion":2,"minecraft:cornflower":1,"minecraft:grass":7,"minecraft:grass_block":24,"minecraft:dirt":40,"minecraft:blue_orchid":1,"minecraft:oak_leaves":6,"minecraft:fern":3},"minecraft:custom":{"minecraft:time_since_rest":75035,"minecraft:damage_taken":741,"minecraft:sprint_one_cm":72648,"minecraft:walk_one_cm":472402,"minecraft:mob_kills":4,"minecraft:drop":33,"minecraft:damage_dealt":1130,"minecraft:interact_with_crafting_table":3,"minecraft:damage_dealt_absorbed":33,"minecraft:fly_one_cm":160165,"minecraft:player_kills":5,"minecraft:open_chest":20,"minecraft:crouch_one_cm":1636,"minecraft:play_time":111314,"minecraft:deaths":1,"minecraft:sneak_time":2350,"minecraft:walk_under_water_one_cm":3447,"minecraft:jump":799,"minecraft:leave_game":2,"minecraft:walk_on_water_one_cm":5673,"minecraft:time_since_death":75015,"minecraft:sleep_in_bed":1,"minecraft:climb_one_cm":2611,"minecraft:total_world_time":111314,"minecraft:fall_one_cm":5610,"minecraft:horse_one_cm":23094},"minecraft:killed":{"minecraft:skeleton":1,"minecraft:zombie":3},"minecraft:picked_up":{"minecraft:stick":2,"minecraft:cooked_beef":2,"minecraft:lilac":2,"minecraft:dandelion":2,"minecraft:wooden_pickaxe":2,"minecraft:jungle_planks":6,"minecraft:polished_deepslate_wall":1,"minecraft:dirt":67,"minecraft:cornflower":2,"minecraft:wooden_sword":1,"minecraft:stone_sword":2,"minecraft:bone":2,"minecraft:apple":1,"minecraft:rotten_flesh":9,"minecraft:blue_orchid":1,"minecraft:wheat_seeds":8,"minecraft:writable_book":5,"minecraft:stone_pickaxe":1,"minecraft:coal":10,"minecraft:cobblestone":76}},"DataVersion":2865}