{"stats":{"minecraft:crafted":{"minecraft:oak_planks":178,"minecraft:oak_sign":3,"minecraft:acacia_pressure_plate":1,"minecraft:oak_pressure_plate":3,"minecraft:cooked_chicken":8,"minecraft:stone":64,"minecraft:cobblestone_stairs":8,"minecraft:cooked_mutton":10,"minecraft:glass":226,"minecraft:diamond_leggings":1,"minecraft:diamond_helmet":1,"minecraft:bow":2,"minecraft:iron_boots":5,"minecraft:chest":15,"minecraft:rail":16,"minecraft:stone_hoe":2,"minecraft:oak_fence":3,"minecraft:cooked_rabbit":4,"minecraft:golden_boots":1,"minecraft:oak_slab":12,"minecraft:wooden_shovel":7,"minecraft:acacia_wood":3,"minecraft:arrow":104,"minecraft:emerald":16,"minecraft:cooked_porkchop":3,"minecraft:crafting_table":7,"minecraft:spruce_planks":180,"minecraft:acacia_slab":114,"minecraft:wooden_pickaxe":8,"minecraft:iron_helmet":6,"minecraft:smithing_table":1,"minecraft:hay_block":138,"minecraft:iron_chestplate":6,"minecraft:wooden_hoe":4,"minecraft:diamond_pickaxe":1,"minecraft:shield":2,"minecraft:stick":388,"minecraft:iron_ingot":280,"minecraft:compass":1,"minecraft:iron_pickaxe":18,"minecraft:stone_sword":4,"minecraft:gold_ingot":5,"minecraft:acacia_door":3,"minecraft:sandstone":329,"minecraft:shears":1,"minecraft:sandstone_stairs":4,"minecraft:polished_andesite":49,"minecraft:wooden_sword":7,"minecraft:stone_shovel":4,"minecraft:tripwire_hook":4,"minecraft:furnace":3,"minecraft:bone_meal":3,"minecraft:glass_pane":208,"minecraft:flint_and_steel":1,"minecraft:iron_axe":7,"minecraft:ladder":3,"minecraft:iron_hoe":3,"minecraft:stone_pickaxe":11,"minecraft:diamond_boots":1,"minecraft:wheat":72,"minecraft:cooked_beef":26,"minecraft:sugar":1,"minecraft:crossbow":2,"minecraft:diamond_sword":1,"minecraft:iron_sword":5,"minecraft:cooked_salmon":1,"minecraft:acacia_stairs":80,"minecraft:bucket":2,"minecraft:stone_axe":4,"minecraft:bread":142,"minecraft:air":0,"minecraft:oak_fence_gate":1,"minecraft:oak_boat":1,"minecraft:wooden_axe":19,"minecraft:iron_shovel":8,"minecraft:iron_leggings":6,"minecraft:stonecutter":1,"minecraft:white_bed":1,"minecraft:acacia_planks":2284,"minecraft:torch":364,"minecraft:trapped_chest":2,"minecraft:diamond_chestplate":1},"minecraft:killed":{"minecraft:spider":11,"minecraft:skeleton":15,"minecraft:chicken":5,"minecraft:turtle":2,"minecraft:cat":2,"minecraft:pig":5,"minecraft:zombie_villager":1,"minecraft:salmon":1,"minecraft:iron_golem":1,"minecraft:creeper":4,"minecraft:sheep":19,"minecraft:pillager":34,"minecraft:zombie":45,"minecraft:cow":7,"minecraft:vindicator":1,"minecraft:phantom":3,"minecraft:drowned":3,"minecraft:husk":1,"minecraft:rabbit":5,"minecraft:bat":2,"minecraft:ravager":1,"minecraft:squid":4,"minecraft:polar_bear":1},"minecraft:broken":{"minecraft:iron_shovel":7,"minecraft:wooden_shovel":6,"minecraft:stone_pickaxe":5,"minecraft:stone_axe":2,"minecraft:wooden_axe":15,"minecraft:crossbow":1,"minecraft:stone_sword":2,"minecraft:wooden_pickaxe":1,"minecraft:golden_axe":1,"minecraft:iron_axe":2,"minecraft:iron_pickaxe":6,"minecraft:wooden_hoe":3},"minecraft:used":{"minecraft:iron_shovel":1754,"minecraft:ladder":3,"minecraft:oak_sign":6,"minecraft:chest":18,"minecraft:iron_sword":264,"minecraft:bell":2,"minecraft:mutton":2,"minecraft:carrot":1,"minecraft:acacia_sapling":57,"minecraft:snowball":22,"minecraft:stripped_spruce_log":2,"minecraft:spruce_boat":2,"minecraft:glass":54,"minecraft:lantern":2,"minecraft:bow":95,"minecraft:hay_block":92,"minecraft:sweet_berries":92,"minecraft:furnace":5,"minecraft:oak_sapling":19,"minecraft:acacia_fence":1,"minecraft:egg":1,"minecraft:potato":7,"minecraft:diorite":1,"minecraft:stripped_birch_log":4,"minecraft:stone_pickaxe":871,"minecraft:oak_planks":39,"minecraft:ender_pearl":1,"minecraft:wooden_pickaxe":183,"minecraft:sandstone":287,"minecraft:golden_apple":1,"minecraft:sand":92,"minecraft:crossbow":68,"minecraft:shears":4,"minecraft:lever":1,"minecraft:acacia_door":10,"minecraft:bread":158,"minecraft:oak_pressure_plate":2,"minecraft:diamond_sword":574,"minecraft:fire_charge":1,"minecraft:wooden_sword":62,"minecraft:smithing_table":2,"minecraft:birch_log":16,"minecraft:cooked_rabbit":4,"minecraft:andesite":6,"minecraft:tropical_fish_bucket":1,"minecraft:oak_boat":1,"minecraft:air":1,"minecraft:oak_fence":3,"minecraft:stone_sword":351,"minecraft:acacia_log":6,"minecraft:flint_and_steel":1,"minecraft:spruce_planks":17,"minecraft:wooden_shovel":424,"minecraft:cooked_salmon":1,"minecraft:netherrack":1,"minecraft:stone_hoe":410,"minecraft:cooked_chicken":2,"minecraft:oak_door":4,"minecraft:torch":393,"minecraft:dirt":1960,"minecraft:granite":5,"minecraft:oak_fence_gate":1,"minecraft:iron_hoe":687,"minecraft:wooden_axe":1004,"minecraft:iron_axe":590,"minecraft:oak_stairs":4,"minecraft:acacia_slab":134,"minecraft:minecart":7,"minecraft:acacia_wood":3,"minecraft:trapped_chest":4,"minecraft:cooked_beef":9,"minecraft:acacia_planks":2378,"minecraft:pumpkin":1,"minecraft:golden_axe":17,"minecraft:wheat_seeds":2077,"minecraft:cooked_mutton":15,"minecraft:water_bucket":220,"minecraft:cobblestone_stairs":8,"minecraft:sandstone_stairs":4,"minecraft:lead":35,"minecraft:polished_andesite":50,"minecraft:baked_potato":52,"minecraft:stonecutter":1,"minecraft:vine":4,"minecraft:crafting_table":14,"minecraft:oak_slab":21,"minecraft:birch_sign":4,"minecraft:white_bed":22,"minecraft:painting":2,"minecraft:oak_log":12,"minecraft:apple":11,"minecraft:diamond_pickaxe":95,"minecraft:wooden_hoe":438,"minecraft:acacia_stairs":125,"minecraft:iron_pickaxe":1953,"minecraft:spruce_sapling":9,"minecraft:stone_axe":260,"minecraft:cobblestone":196,"minecraft:acacia_pressure_plate":1,"minecraft:porkchop":3,"minecraft:white_banner":1,"minecraft:cooked_porkchop":1,"minecraft:glass_pane":74,"minecraft:bucket":221,"minecraft:sea_pickle":1},"minecraft:killed_by":{"minecraft:piglin_brute":3,"minecraft:creeper":2,"minecraft:drowned":1,"minecraft:zombie":1,"minecraft:player":4,"minecraft:spider":1,"minecraft:skeleton":3,"minecraft:phantom":1},"minecraft:custom":{"minecraft:interact_with_crafting_table":240,"minecraft:open_barrel":26,"minecraft:bell_ring":14,"minecraft:leave_game":61,"minecraft:time_since_death":134146,"minecraft:sprint_one_cm":5795909,"minecraft:drop":848,"minecraft:talked_to_villager":49,"minecraft:deaths":19,"minecraft:jump":14041,"minecraft:interact_with_brewingstand":1,"minecraft:walk_on_water_one_cm":525210,"minecraft:interact_with_furnace":121,"minecraft:traded_with_villager":24,"minecraft:interact_with_cartography_table":4,"minecraft:play_one_minute":2738807,"minecraft:interact_with_loom":1,"minecraft:sleep_in_bed":143,"minecraft:damage_dealt":30806,"minecraft:player_kills":6,"minecraft:crouch_one_cm":25228,"minecraft:interact_with_smoker":4,"minecraft:horse_one_cm":4298749,"minecraft:interact_with_smithing_table":4,"minecraft:mob_kills":174,"minecraft:interact_with_anvil":1,"minecraft:interact_with_campfire":2,"minecraft:climb_one_cm":91210,"minecraft:walk_one_cm":11034210,"minecraft:raid_win":3,"minecraft:sneak_time":13968,"minecraft:walk_under_water_one_cm":250305,"minecraft:boat_one_cm":674457,"minecraft:raid_trigger":1,"minecraft:interact_with_grindstone":1,"minecraft:interact_with_stonecutter":15,"minecraft:time_since_rest":10219,"minecraft:damage_taken":11961,"minecraft:damage_absorbed":38,"minecraft:trigger_trapped_chest":77,"minecraft:minecart_one_cm":48940,"minecraft:swim_one_cm":41877,"minecraft:fly_one_cm":577241,"minecraft:open_chest":555,"minecraft:fall_one_cm":132593},"minecraft:picked_up":{"minecraft:wooden_axe":5,"minecraft:seagrass":4,"minecraft:iron_chestplate":5,"minecraft:wheat":1825,"minecraft:smithing_table":1,"minecraft:lead":17,"minecraft:diamond_sword":2,"minecraft:oak_stairs":7,"minecraft:acacia_pressure_plate":2,"minecraft:gilded_blackstone":6,"minecraft:polished_blackstone_brick_stairs":2,"minecraft:string":25,"minecraft:iron_leggings":4,"minecraft:oak_sign":3,"minecraft:sea_pickle":1,"minecraft:activator_rail":2,"minecraft:diamond_leggings":1,"minecraft:gold_nugget":71,"minecraft:bucket":3,"minecraft:spruce_planks":17,"minecraft:redstone_torch":4,"minecraft:wooden_shovel":2,"minecraft:iron_pickaxe":11,"minecraft:iron_boots":8,"minecraft:furnace":2,"minecraft:golden_helmet":1,"minecraft:tipped_arrow":2,"minecraft:white_glazed_terracotta":4,"minecraft:stick":190,"minecraft:acacia_fence":1,"minecraft:oak_fence":3,"minecraft:torch":246,"minecraft:acacia_log":606,"minecraft:spruce_stairs":5,"minecraft:porkchop":9,"minecraft:diorite":71,"minecraft:vine":4,"minecraft:stone_sword":4,"minecraft:cactus":1,"minecraft:rotten_flesh":99,"minecraft:snowball":22,"minecraft:cobblestone":2639,"minecraft:birch_log":35,"minecraft:leather_chestplate":2,"minecraft:cooked_beef":2,"minecraft:feather":16,"minecraft:andesite":129,"minecraft:brown_wool":2,"minecraft:potato":4,"minecraft:flint":23,"minecraft:dirt":3460,"minecraft:lapis_lazuli":28,"minecraft:stripped_birch_log":4,"minecraft:lantern":4,"minecraft:leather_boots":1,"minecraft:glass":67,"minecraft:bone":41,"minecraft:acacia_planks":1009,"minecraft:bow":2,"minecraft:wheat_seeds":5790,"minecraft:bell":2,"minecraft:diamond_helmet":1,"minecraft:rabbit":4,"minecraft:oak_planks":90,"minecraft:oak_pressure_plate":2,"minecraft:poisonous_potato":2,"minecraft:jungle_planks":5,"minecraft:sand":2111,"minecraft:stripped_spruce_log":2,"minecraft:ink_sac":10,"minecraft:grass_block":3,"minecraft:acacia_stairs":77,"minecraft:trapped_chest":2,"minecraft:iron_hoe":1,"minecraft:polished_andesite":38,"minecraft:diamond":3,"minecraft:spruce_boat":2,"minecraft:lever":1,"minecraft:cracked_polished_blackstone_bricks":7,"minecraft:crossbow":7,"minecraft:granite":102,"minecraft:golden_apple":2,"minecraft:bread":142,"minecraft:golden_horse_armor":1,"minecraft:emerald":1,"minecraft:oak_sapling":27,"minecraft:netherrack":2,"minecraft:oak_leaves":21,"minecraft:diamond_pickaxe":2,"minecraft:charcoal":2,"minecraft:crafting_table":11,"minecraft:chicken":10,"minecraft:ladder":1,"minecraft:leather_leggings":1,"minecraft:brown_mushroom":29,"minecraft:wooden_pickaxe":8,"minecraft:shield":3,"minecraft:iron_axe":5,"minecraft:acacia_door":9,"minecraft:wooden_sword":8,"minecraft:white_carpet":1,"minecraft:compass":3,"minecraft:iron_shovel":1,"minecraft:blackstone":1,"minecraft:glass_pane":9,"minecraft:beef":29,"minecraft:oak_boat":2,"minecraft:poppy":2,"minecraft:spruce_slab":2,"minecraft:minecart":7,"minecraft:sugar_cane":5,"minecraft:chest":5,"minecraft:phantom_membrane":1,"minecraft:egg":3,"minecraft:sandstone":31,"minecraft:oak_door":6,"minecraft:polished_blackstone_bricks":9,"minecraft:carrot":10,"minecraft:redstone":8,"minecraft:diamond_chestplate":1,"minecraft:arrow":79,"minecraft:stone_shovel":3,"minecraft:beetroot_seeds":2,"minecraft:peony":1,"minecraft:jungle_stairs":5,"minecraft:shears":1,"minecraft:diamond_boots":1,"minecraft:hay_block":82,"minecraft:saddle":4,"minecraft:gold_ingot":5,"minecraft:mutton":39,"minecraft:rail":19,"minecraft:white_wool":18,"minecraft:stripped_oak_log":7,"minecraft:basalt":1,"minecraft:golden_carrot":4,"minecraft:tripwire_hook":3,"minecraft:salmon":1,"minecraft:leather":7,"minecraft:cut_sandstone":16,"minecraft:jungle_fence":7,"minecraft:red_mushroom":24,"minecraft:acacia_wood":1,"minecraft:filled_map":3,"minecraft:oak_log":155,"minecraft:lily_pad":23,"minecraft:gunpowder":15,"minecraft:cobblestone_stairs":4,"minecraft:wooden_hoe":2,"minecraft:white_banner":2,"minecraft:orange_terracotta":1,"minecraft:cooked_mutton":11,"minecraft:apple":6,"minecraft:kelp":4,"minecraft:oak_fence_gate":1,"minecraft:rabbit_hide":4,"minecraft:iron_ingot":140,"minecraft:stone_pickaxe":8,"minecraft:iron_ore":355,"minecraft:iron_sword":6,"minecraft:acacia_sapling":75,"minecraft:oak_slab":12,"minecraft:pumpkin":2,"minecraft:sweet_berries":515,"minecraft:quartz":22,"minecraft:dandelion":3,"minecraft:gravel":111,"minecraft:spruce_sapling":13,"minecraft:white_bed":23,"minecraft:spruce_log":87,"minecraft:gold_ore":10,"minecraft:spider_eye":11,"minecraft:leather_helmet":1,"minecraft:stone_axe":3,"minecraft:iron_helmet":6,"minecraft:painting":2,"minecraft:birch_sign":4,"minecraft:gray_wool":1,"minecraft:terracotta":7,"minecraft:baked_potato":6,"minecraft:melon_seeds":12,"minecraft:acacia_slab":21,"minecraft:black_wool":2,"minecraft:coal":904,"minecraft:ender_pearl":4},"minecraft:mined":{"minecraft:spruce_planks":5,"minecraft:white_bed":21,"minecraft:oak_sapling":3,"minecraft:farmland":28,"minecraft:cobblestone_stairs":4,"minecraft:granite":94,"minecraft:acacia_log":599,"minecraft:grass_block":783,"minecraft:cracked_polished_blackstone_bricks":4,"minecraft:oak_pressure_plate":2,"minecraft:oak_wall_sign":2,"minecraft:acacia_pressure_plate":1,"minecraft:gilded_blackstone":3,"minecraft:polished_blackstone_bricks":13,"minecraft:tall_seagrass":11,"minecraft:iron_ore":305,"minecraft:pumpkin":1,"minecraft:oak_stairs":5,"minecraft:birch_wall_sign":4,"minecraft:white_banner":1,"minecraft:spruce_slab":2,"minecraft:cut_sandstone":1,"minecraft:brown_mushroom":6,"minecraft:torch":31,"minecraft:chest":8,"minecraft:dead_bush":2,"minecraft:mushroom_stem":4,"minecraft:nether_quartz_ore":20,"minecraft:glass":30,"minecraft:cobblestone":29,"minecraft:sugar_cane":5,"minecraft:oak_planks":47,"minecraft:wall_torch":37,"minecraft:seagrass":42,"minecraft:acacia_sapling":2,"minecraft:birch_log":30,"minecraft:wheat":1909,"minecraft:grass":423,"minecraft:oak_log":138,"minecraft:beetroots":2,"minecraft:oak_fence_gate":1,"minecraft:sand":1812,"minecraft:dirt":1502,"minecraft:red_mushroom_block":45,"minecraft:netherrack":2,"minecraft:oak_leaves":274,"minecraft:nether_gold_ore":7,"minecraft:oak_door":2,"minecraft:stripped_birch_log":5,"minecraft:jungle_planks":1,"minecraft:brown_mushroom_block":45,"minecraft:spruce_leaves":199,"minecraft:acacia_slab":22,"minecraft:kelp":4,"minecraft:sandstone":20,"minecraft:hay_block":60,"minecraft:furnace":1,"minecraft:carrots":2,"minecraft:snow":23,"minecraft:acacia_stairs":44,"minecraft:andesite":123,"minecraft:stripped_spruce_log":3,"minecraft:peony":1,"minecraft:bell":2,"minecraft:white_glazed_terracotta":4,"minecraft:vine":6,"minecraft:stripped_acacia_log":9,"minecraft:stripped_oak_log":7,"minecraft:stone":1553,"minecraft:smithing_table":1,"minecraft:oak_slab":12,"minecraft:acacia_leaves":281,"minecraft:glass_pane":5,"minecraft:infested_stone_bricks":1,"minecraft:basalt":1,"minecraft:dandelion":1,"minecraft:oak_fence":4,"minecraft:crafting_table":7,"minecraft:campfire":1,"minecraft:tall_grass":51,"minecraft:lapis_ore":5,"minecraft:lily_pad":23,"minecraft:polished_blackstone_brick_stairs":2,"minecraft:diorite":64,"minecraft:spruce_stairs":2,"minecraft:trapped_chest":2,"minecraft:sea_pickle":1,"minecraft:sweet_berry_bush":1,"minecraft:ice":1,"minecraft:white_carpet":1,"minecraft:spruce_log":64,"minecraft:grass_path":128,"minecraft:coal_ore":662,"minecraft:gravel":118,"minecraft:acacia_door":6,"minecraft:terracotta":7,"minecraft:acacia_planks":870,"minecraft:polished_andesite":38,"minecraft:gold_ore":5},"minecraft:dropped":{"minecraft:iron_sword":2,"minecraft:oak_log":9,"minecraft:baked_potato":12,"minecraft:crafting_table":1,"minecraft:crossbow":1,"minecraft:dirt":580,"minecraft:wooden_sword":7,"minecraft:gold_nugget":18,"minecraft:gilded_blackstone":5,"minecraft:sand":25,"minecraft:iron_pickaxe":2,"minecraft:acacia_door":1,"minecraft:white_wool":7,"minecraft:bone":1,"minecraft:oak_door":1,"minecraft:gravel":13,"minecraft:wheat":56,"minecraft:rotten_flesh":62,"minecraft:oak_planks":6,"minecraft:white_bed":1,"minecraft:melon_seeds":3,"minecraft:ladder":1,"minecraft:iron_ingot":9,"minecraft:stone_hoe":2,"minecraft:bread":22,"minecraft:wheat_seeds":2698,"minecraft:poisonous_potato":2,"minecraft:lead":1,"minecraft:cobblestone":1672,"minecraft:iron_helmet":2,"minecraft:apple":1,"minecraft:granite":32,"minecraft:acacia_log":7,"minecraft:grass_block":2,"minecraft:diorite":52,"minecraft:golden_carrot":4,"minecraft:wooden_axe":1,"minecraft:brown_wool":1,"minecraft:iron_leggings":1,"minecraft:iron_axe":2,"minecraft:bucket":1,"minecraft:acacia_planks":1,"minecraft:dandelion":1,"minecraft:sweet_berries":154,"minecraft:stone_sword":3,"minecraft:iron_boots":3,"minecraft:iron_hoe":1,"minecraft:filled_map":1,"minecraft:hay_block":2,"minecraft:spruce_planks":2,"minecraft:diamond_pickaxe":1,"minecraft:iron_chestplate":1,"minecraft:andesite":32,"minecraft:oak_sapling":3,"minecraft:wooden_shovel":1,"minecraft:bow":5,"minecraft:stone_pickaxe":1,"minecraft:wooden_pickaxe":3}},"DataVersion":2586}