{"stats":{"minecraft:killed":{"minecraft:husk":1,"minecraft:zombie_villager":1,"minecraft:spider":6,"minecraft:rabbit":1,"minecraft:creeper":5,"minecraft:skeleton":3,"minecraft:trader_llama":2,"minecraft:zombie":4,"minecraft:enderman":1,"minecraft:cow":1},"minecraft:picked_up":{"minecraft:lime_bed":1,"minecraft:acacia_leaves":1,"minecraft:lily_pad":1,"minecraft:cornflower":1,"minecraft:lantern":3,"minecraft:cyan_carpet":2,"minecraft:apple":2,"minecraft:sea_pickle":3,"minecraft:chest":1,"minecraft:acacia_sapling":1,"minecraft:music_disc_chirp":2,"minecraft:book":2,"minecraft:torch":1,"minecraft:dandelion":1,"minecraft:soul_torch":2,"minecraft:cookie":2,"minecraft:grass_block":1,"minecraft:warped_door":1,"minecraft:lime_carpet":11,"minecraft:cactus":5,"minecraft:tropical_fish":1,"minecraft:writable_book":2,"minecraft:golden_apple":2,"minecraft:birch_sign":1,"minecraft:warped_sign":1,"minecraft:baked_potato":1},"minecraft:dropped":{"minecraft:cookie":2,"minecraft:book":2,"minecraft:lantern":2,"minecraft:apple":2,"minecraft:tropical_fish":1,"minecraft:warped_door":1,"minecraft:acacia_leaves":1,"minecraft:grass_block":1,"minecraft:warped_planks":1,"minecraft:golden_apple":2,"minecraft:lime_bed":2,"minecraft:dirt":1,"minecraft:cornflower":2,"minecraft:light_blue_carpet":1,"minecraft:chest":1,"minecraft:dandelion":1},"minecraft:killed_by":{"minecraft:player":1},"minecraft:custom":{"minecraft:mob_kills":25,"minecraft:interact_with_grindstone":1,"minecraft:leave_game":9,"minecraft:time_since_death":697764,"minecraft:climb_one_cm":37697,"minecraft:time_since_rest":697784,"minecraft:sprint_one_cm":102622,"minecraft:damage_taken":254,"minecraft:walk_one_cm":725243,"minecraft:drop":22,"minecraft:damage_dealt":3295,"minecraft:fly_one_cm":5045256,"minecraft:player_kills":1,"minecraft:open_chest":6,"minecraft:crouch_one_cm":9688,"minecraft:play_time":710653,"minecraft:deaths":1,"minecraft:sneak_time":19061,"minecraft:walk_under_water_one_cm":36902,"minecraft:boat_one_cm":8133,"minecraft:interact_with_lectern":11,"minecraft:jump":1052,"minecraft:walk_on_water_one_cm":150532,"minecraft:total_world_time":710653,"minecraft:fall_one_cm":4146,"minecraft:horse_one_cm":820550},"minecraft:used":{"minecraft:light_blue_carpet":7,"minecraft:calcite":4,"minecraft:acacia_boat":1,"minecraft:water_bucket":422,"minecraft:end_rod":17,"minecraft:writable_book":22,"minecraft:acacia_log":26,"minecraft:polished_deepslate":2224,"minecraft:tropical_fish":4,"minecraft:polished_andesite":54,"minecraft:ladder":125,"minecraft:baked_potato":1,"minecraft:poppy":13,"minecraft:black_carpet":1,"minecraft:chest":14,"minecraft:tinted_glass":46,"minecraft:stone":48,"minecraft:warped_sign":3,"minecraft:grass":1,"minecraft:cookie":4,"minecraft:torch":60,"minecraft:glow_item_frame":34,"minecraft:golden_apple":4,"minecraft:dirt":9,"minecraft:lime_bed":1,"minecraft:crimson_trapdoor":1,"minecraft:magenta_bed":1,"minecraft:birch_sign":4,"minecraft:acacia_leaves":10,"minecraft:crossbow":96,"minecraft:magenta_carpet":12,"minecraft:spruce_log":1,"minecraft:light_blue_stained_glass":2,"minecraft:warped_planks":340,"minecraft:acacia_stairs":21,"minecraft:cornflower":25,"minecraft:apple":3,"minecraft:warped_trapdoor":1,"minecraft:lime_carpet":32,"minecraft:lantern":63,"minecraft:grass_block":244,"minecraft:cyan_carpet":51,"minecraft:lectern":23,"minecraft:light_blue_bed":1,"minecraft:tropical_fish_spawn_egg":17,"minecraft:iron_door":4,"minecraft:crimson_planks":323,"minecraft:flowering_azalea_leaves":9,"minecraft:crimson_nylium":16,"minecraft:soul_lantern":47,"minecraft:chiseled_stone_bricks":4,"minecraft:diamond_sword":66,"minecraft:red_carpet":33,"minecraft:glass_pane":8,"minecraft:white_stained_glass":5,"minecraft:chain":9,"minecraft:gold_block":1,"minecraft:oak_boat":1,"minecraft:acacia_planks":198,"minecraft:jukebox":4,"minecraft:soul_torch":69}},"DataVersion":2865}