{"stats":{"minecraft:custom":{"minecraft:interact_with_crafting_table":4,"minecraft:open_barrel":11,"minecraft:bell_ring":4,"minecraft:leave_game":77,"minecraft:time_since_death":31403,"minecraft:sprint_one_cm":4617828,"minecraft:drop":613,"minecraft:talked_to_villager":4,"minecraft:play_time":1345677,"minecraft:deaths":119,"minecraft:jump":11565,"minecraft:walk_on_water_one_cm":120020,"minecraft:interact_with_loom":1,"minecraft:sleep_in_bed":31,"minecraft:damage_dealt":7104,"minecraft:player_kills":24,"minecraft:crouch_one_cm":63953,"minecraft:interact_with_smoker":5,"minecraft:horse_one_cm":1739802,"minecraft:mob_kills":51,"minecraft:interact_with_anvil":1,"minecraft:climb_one_cm":131112,"minecraft:walk_one_cm":3703982,"minecraft:strider_one_cm":604965,"minecraft:sneak_time":33292,"minecraft:walk_under_water_one_cm":232848,"minecraft:boat_one_cm":38112,"minecraft:interact_with_lectern":2,"minecraft:total_world_time":1345677,"minecraft:interact_with_grindstone":6,"minecraft:time_since_rest":31420,"minecraft:damage_taken":53394,"minecraft:trigger_trapped_chest":6,"minecraft:swim_one_cm":647073,"minecraft:fly_one_cm":5879759,"minecraft:open_chest":388,"minecraft:fall_one_cm":700487},"minecraft:killed":{"minecraft:zombified_piglin":1,"minecraft:witch":1,"minecraft:spider":1,"minecraft:skeleton":2,"minecraft:chicken":16,"minecraft:cat":1,"minecraft:pig":3,"minecraft:salmon":2,"minecraft:strider":3,"minecraft:creeper":2,"minecraft:trader_llama":2,"minecraft:donkey":1,"minecraft:zombie":4,"minecraft:phantom":1,"minecraft:panda":1,"minecraft:husk":2,"minecraft:rabbit":2,"minecraft:wandering_trader":1,"minecraft:squid":3,"minecraft:villager":1},"minecraft:picked_up":{"minecraft:iron_chestplate":3,"minecraft:black_carpet":1,"minecraft:wheat":24,"minecraft:chainmail_boots":1,"minecraft:lead":27,"minecraft:diamond_sword":2,"minecraft:birch_button":10,"minecraft:brain_coral_block":3,"minecraft:string":3,"minecraft:iron_leggings":5,"minecraft:armor_stand":2,"minecraft:sea_pickle":4,"minecraft:redstone_torch":11,"minecraft:rose_bush":1,"minecraft:cobblestone_slab":3,"minecraft:iron_pickaxe":2,"minecraft:melon_slice":114,"minecraft:iron_boots":4,"minecraft:tipped_arrow":12,"minecraft:stick":19,"minecraft:acacia_fence":4,"minecraft:torch":204,"minecraft:acacia_log":3,"minecraft:porkchop":2,"minecraft:diorite":68,"minecraft:cauldron":14,"minecraft:rabbit_foot":1,"minecraft:cactus":12,"minecraft:rotten_flesh":6,"minecraft:honey_bottle":99,"minecraft:iron_block":4,"minecraft:end_rod":4,"minecraft:netherite_chestplate":6,"minecraft:snowball":6,"minecraft:cobblestone":2,"minecraft:leather_chestplate":5,"minecraft:cooked_beef":400,"minecraft:warped_fungus_on_a_stick":1,"minecraft:water_bucket":8,"minecraft:golden_leggings":1,"minecraft:potato":5,"minecraft:netherite_leggings":7,"minecraft:lantern":23,"minecraft:dirt":35,"minecraft:leather_boots":5,"minecraft:bone":1,"minecraft:acacia_planks":1,"minecraft:bow":16,"minecraft:wheat_seeds":52,"minecraft:pink_banner":17,"minecraft:netherite_axe":14,"minecraft:rabbit":5,"minecraft:bamboo":4,"minecraft:warped_wart_block":3,"minecraft:stripped_acacia_wood":1,"minecraft:sand":7,"minecraft:ink_sac":4,"minecraft:crimson_door":1,"minecraft:grass_block":6,"minecraft:cyan_bed":3,"minecraft:dark_prismarine":1,"minecraft:polished_blackstone_button":11,"minecraft:slime_block":1,"minecraft:netherite_helmet":4,"minecraft:lever":1,"minecraft:writable_book":7,"minecraft:golden_apple":1,"minecraft:bread":275,"minecraft:emerald":1064,"minecraft:allium":20,"minecraft:purple_wool":1,"minecraft:chicken":2,"minecraft:ladder":42,"minecraft:leather_leggings":5,"minecraft:pink_wool":3,"minecraft:diamond_horse_armor":1,"minecraft:acacia_button":2,"minecraft:cornflower":15,"minecraft:red_bed":3,"minecraft:acacia_door":1,"minecraft:flint_and_steel":1,"minecraft:blue_orchid":3,"minecraft:netherite_sword":9,"minecraft:beef":3,"minecraft:oak_boat":11,"minecraft:poppy":109,"minecraft:sugar_cane":18,"minecraft:diamond_hoe":4,"minecraft:egg":9,"minecraft:stone":2,"minecraft:glow_item_frame":1,"minecraft:spruce_fence":3,"minecraft:frog_spawn_egg":88,"minecraft:cookie":192,"minecraft:trident":7,"minecraft:carrot":55,"minecraft:blue_concrete_powder":30,"minecraft:arrow":667,"minecraft:peony":81,"minecraft:diamond_boots":3,"minecraft:pink_tulip":31,"minecraft:saddle":2,"minecraft:tube_coral_block":4,"minecraft:oxeye_daisy":1,"minecraft:netherite_boots":5,"minecraft:golden_carrot":64,"minecraft:salmon":2,"minecraft:leather":4,"minecraft:filled_map":1,"minecraft:birch_planks":3,"minecraft:lily_pad":4,"minecraft:white_banner":8,"minecraft:cooked_mutton":303,"minecraft:apple":44,"minecraft:kelp":97,"minecraft:glass_bottle":2,"minecraft:iron_sword":3,"minecraft:soul_sand":1,"minecraft:scaffolding":10,"minecraft:milk_bucket":3,"minecraft:sweet_berries":4,"minecraft:red_concrete_powder":55,"minecraft:dandelion":3,"minecraft:green_carpet":1,"minecraft:spider_eye":2,"minecraft:leather_helmet":6,"minecraft:firework_rocket":205,"minecraft:polished_diorite":1,"minecraft:iron_helmet":4,"minecraft:diamond_axe":1,"minecraft:painting":1,"minecraft:baked_potato":256,"minecraft:crimson_nylium":1},"minecraft:crafted":{"minecraft:baked_potato":193},"minecraft:killed_by":{"minecraft:player":48,"minecraft:skeleton":2},"minecraft:used":{"minecraft:writable_book":2,"minecraft:polished_deepslate":113,"minecraft:oak_sign":1,"minecraft:diamond_hoe":3,"minecraft:poppy":1,"minecraft:ladder":101,"minecraft:white_concrete_powder":1,"minecraft:donkey_spawn_egg":1,"minecraft:white_terracotta":4,"minecraft:stone":259,"minecraft:rotten_flesh":2,"minecraft:soul_sand":2,"minecraft:carrot":3,"minecraft:snowball":26,"minecraft:obsidian":1,"minecraft:milk_bucket":1,"minecraft:honey_bottle":10,"minecraft:jungle_sapling":2,"minecraft:glass":56,"minecraft:crimson_button":4,"minecraft:red_wool":27,"minecraft:lantern":45,"minecraft:grass_block":75,"minecraft:panda_spawn_egg":1,"minecraft:quartz_block":9,"minecraft:pink_wool":2,"minecraft:bow":523,"minecraft:egg":7,"minecraft:potato":16,"minecraft:dark_oak_sapling":1,"minecraft:mossy_stone_bricks":16,"minecraft:diorite":8,"minecraft:end_rod":16,"minecraft:warped_fungus_on_a_stick":421,"minecraft:polished_diorite_slab":5,"minecraft:diamond_axe":1,"minecraft:cookie":4,"minecraft:white_wool":92,"minecraft:sand":7,"minecraft:light_blue_concrete":4,"minecraft:yellow_concrete":3,"minecraft:blue_ice":7,"minecraft:gray_concrete":17,"minecraft:chiseled_quartz_block":3,"minecraft:lightning_rod":17,"minecraft:lever":1,"minecraft:firework_rocket":163,"minecraft:melon_slice":3,"minecraft:bread":38,"minecraft:cyan_bed":3,"minecraft:cat_spawn_egg":1,"minecraft:flowering_azalea_leaves":19,"minecraft:stripped_warped_hyphae":3,"minecraft:bubble_coral_block":1,"minecraft:chain":15,"minecraft:ice":16,"minecraft:oak_boat":12,"minecraft:white_concrete":172,"minecraft:purple_wool":1,"minecraft:oak_trapdoor":6,"minecraft:trident":34,"minecraft:netherite_sword":102,"minecraft:iron_bars":12,"minecraft:acacia_log":2,"minecraft:flint_and_steel":3,"minecraft:armor_stand":1,"minecraft:red_concrete":59,"minecraft:redstone":1,"minecraft:torch":16,"minecraft:dirt":22,"minecraft:warped_wart_block":3,"minecraft:red_nether_brick_slab":6,"minecraft:white_carpet":2,"minecraft:spruce_fence":72,"minecraft:polished_diorite":1,"minecraft:sea_lantern":8,"minecraft:crimson_planks":7,"minecraft:smooth_basalt":1,"minecraft:light_gray_wool":6,"minecraft:lime_concrete":193,"minecraft:golden_carrot":2,"minecraft:black_stained_glass":8,"minecraft:magenta_wool":19,"minecraft:horn_coral_block":1,"minecraft:cooked_beef":25,"minecraft:acacia_planks":14,"minecraft:iron_leggings":1,"minecraft:brain_coral_block":1,"minecraft:cooked_mutton":2,"minecraft:water_bucket":37,"minecraft:tube_coral_block":1,"minecraft:light_blue_glazed_terracotta":228,"minecraft:dirt_path":3,"minecraft:birch_planks":111,"minecraft:lead":3,"minecraft:polished_andesite":35,"minecraft:baked_potato":72,"minecraft:blue_wool":63,"minecraft:cauldron":6,"minecraft:cobblestone_slab":1,"minecraft:horse_spawn_egg":1,"minecraft:pink_concrete":8,"minecraft:glow_item_frame":1,"minecraft:rabbit_spawn_egg":2,"minecraft:crafting_table":1,"minecraft:red_bed":2,"minecraft:birch_sign":1,"minecraft:cake":1,"minecraft:purple_stained_glass":1,"minecraft:mud":6,"minecraft:dark_prismarine":30,"minecraft:cornflower":2,"minecraft:black_wool":63,"minecraft:apple":2,"minecraft:netherite_axe":138,"minecraft:spruce_sapling":1,"minecraft:crimson_nylium":1,"minecraft:yellow_wool":3,"minecraft:green_carpet":104,"minecraft:azalea_leaves":12,"minecraft:white_banner":3,"minecraft:porkchop":2,"minecraft:bucket":33,"minecraft:lapis_block":2,"minecraft:glass_pane":23,"minecraft:sea_pickle":4,"minecraft:polished_blackstone_button":37,"minecraft:kelp":149},"minecraft:mined":{"minecraft:acacia_log":2,"minecraft:grass_block":4,"minecraft:oxeye_daisy":1,"minecraft:fire":6,"minecraft:dirt_path":2,"minecraft:blue_orchid":2,"minecraft:blue_concrete_powder":4,"minecraft:red_bed":3,"minecraft:torch":1,"minecraft:poppy":30,"minecraft:glass":8,"minecraft:slime_block":1,"minecraft:sugar_cane":7,"minecraft:wall_torch":3,"minecraft:warped_planks":1,"minecraft:grass":23,"minecraft:acacia_fence":1,"minecraft:sand":7,"minecraft:dirt":11,"minecraft:ladder":5,"minecraft:red_concrete_powder":2,"minecraft:red_wool":1,"minecraft:dandelion":1,"minecraft:cornflower":4,"minecraft:tall_grass":1,"minecraft:birch_planks":1,"minecraft:sea_pickle":1,"minecraft:sweet_berry_bush":1,"minecraft:ice":2,"minecraft:end_rod":4,"minecraft:stripped_acacia_wood":5},"minecraft:dropped":{"minecraft:crimson_nylium":1,"minecraft:iron_sword":1,"minecraft:soul_sand":1,"minecraft:birch_planks":1,"minecraft:cooked_beef":193,"minecraft:baked_potato":93,"minecraft:glass_bottle":1,"minecraft:crafting_table":1,"minecraft:tube_coral_block":1,"minecraft:red_nether_brick_slab":1,"minecraft:cookie":31,"minecraft:blue_concrete_powder":16,"minecraft:leather":2,"minecraft:red_wool":1,"minecraft:saddle":1,"minecraft:emerald":273,"minecraft:dirt":2,"minecraft:cornflower":4,"minecraft:netherite_boots":1,"minecraft:sand":1,"minecraft:purple_wool":1,"minecraft:gold_ingot":196,"minecraft:black_carpet":1,"minecraft:yellow_wool":1,"minecraft:netherite_sword":2,"minecraft:wheat":7,"minecraft:blue_wool":1,"minecraft:cooked_mutton":73,"minecraft:honey_bottle":4,"minecraft:salmon":2,"minecraft:carrot":2,"minecraft:rabbit_foot":1,"minecraft:acacia_button":2,"minecraft:poppy":73,"minecraft:ladder":35,"minecraft:birch_button":10,"minecraft:arrow":9,"minecraft:glass":1,"minecraft:firework_rocket":33,"minecraft:water_bucket":9,"minecraft:bread":19,"minecraft:red_concrete_powder":51,"minecraft:wheat_seeds":14,"minecraft:yellow_concrete":1,"minecraft:netherite_helmet":2,"minecraft:netherite_axe":3,"minecraft:netherite_chestplate":2,"minecraft:cobblestone":1,"minecraft:lead":1,"minecraft:polished_blackstone_button":2,"minecraft:grass_block":2,"minecraft:golden_apple":1,"minecraft:stick":1,"minecraft:oxeye_daisy":1,"minecraft:diamond_horse_armor":1,"minecraft:golden_carrot":62,"minecraft:ink_sac":4,"minecraft:torch":1,"minecraft:white_concrete":1,"minecraft:melon_slice":39,"minecraft:rabbit":1,"minecraft:iron_leggings":1,"minecraft:pink_banner":16,"minecraft:acacia_planks":1,"minecraft:dandelion":1,"minecraft:pink_tulip":31,"minecraft:polished_diorite":1,"minecraft:red_concrete":2,"minecraft:kelp":47,"minecraft:oak_trapdoor":1,"minecraft:lime_concrete":1,"minecraft:chicken":1,"minecraft:light_gray_wool":1,"minecraft:white_terracotta":1,"minecraft:light_blue_concrete":1,"minecraft:netherite_leggings":3,"minecraft:donkey_spawn_egg":1,"minecraft:flint_and_steel":1,"minecraft:crimson_button":1,"minecraft:stone":1,"minecraft:allium":20,"minecraft:peony":10,"minecraft:iron_chestplate":1,"minecraft:oak_boat":1,"minecraft:frog_spawn_egg":4,"minecraft:redstone_torch":11,"minecraft:spider_eye":1,"minecraft:diamond_boots":1,"minecraft:blue_orchid":1,"minecraft:bow":3,"minecraft:horse_spawn_egg":1,"minecraft:dark_prismarine":1,"minecraft:cyan_bed":3}},"DataVersion":3337}