{"stats":{"minecraft:killed":{"minecraft:wolf":6,"minecraft:parrot":1,"minecraft:creeper":1},"minecraft:picked_up":{"minecraft:wheat":8,"minecraft:feather":1,"minecraft:cooked_beef":8,"minecraft:ladder":9,"minecraft:leather_leggings":1,"minecraft:chiseled_quartz_block":1,"minecraft:lily_pad":6,"minecraft:amethyst_block":1,"minecraft:polished_deepslate":1,"minecraft:dirt":6,"minecraft:flint_and_steel":1,"minecraft:wheat_seeds":16,"minecraft:cobbled_deepslate":2,"minecraft:redstone_torch":5,"minecraft:glowstone_dust":5,"minecraft:chest":2,"minecraft:iron_sword":2,"minecraft:egg":1,"minecraft:torch":2,"minecraft:arrow":2,"minecraft:rotten_flesh":2,"minecraft:deepslate":1,"minecraft:lever":9,"minecraft:red_tulip":1},"minecraft:broken":{"minecraft:leather_leggings":1},"minecraft:dropped":{"minecraft:iron_sword":0,"minecraft:diamond_block":1,"minecraft:lever":9,"minecraft:chiseled_quartz_block":1,"minecraft:cobbled_deepslate":3,"minecraft:oak_planks":1,"minecraft:diamond_sword":1,"minecraft:crimson_roots":1,"minecraft:chest":0,"minecraft:bamboo":1,"minecraft:iron_axe":1,"minecraft:polished_deepslate":2},"minecraft:killed_by":{"minecraft:player":13,"minecraft:skeleton":1,"minecraft:pillager":1},"minecraft:custom":{"minecraft:mob_kills":8,"minecraft:bell_ring":57,"minecraft:leave_game":17,"minecraft:time_since_death":270318,"minecraft:sleep_in_bed":4,"minecraft:climb_one_cm":57319,"minecraft:time_since_rest":167199,"minecraft:open_enderchest":7,"minecraft:sprint_one_cm":251292,"minecraft:damage_taken":6329,"minecraft:walk_one_cm":880458,"minecraft:drop":16,"minecraft:damage_dealt":2271,"minecraft:swim_one_cm":560,"minecraft:fly_one_cm":1680032,"minecraft:player_kills":6,"minecraft:open_chest":15,"minecraft:crouch_one_cm":2913,"minecraft:play_time":360999,"minecraft:deaths":17,"minecraft:sneak_time":6974,"minecraft:walk_under_water_one_cm":5655,"minecraft:boat_one_cm":85702,"minecraft:jump":1191,"minecraft:walk_on_water_one_cm":15645,"minecraft:total_world_time":360999,"minecraft:fall_one_cm":22317},"minecraft:used":{"minecraft:stripped_acacia_wood":116,"minecraft:orange_concrete_powder":2,"minecraft:moss_carpet":4,"minecraft:netherite_sword":4,"minecraft:leather_leggings":2,"minecraft:red_sand":1,"minecraft:amethyst_block":18,"minecraft:waxed_weathered_copper":1,"minecraft:polished_deepslate":28,"minecraft:red_concrete":156,"minecraft:ladder":19,"minecraft:waxed_oxidized_cut_copper":113,"minecraft:spruce_planks":4,"minecraft:chest":1,"minecraft:iron_sword":126,"minecraft:redstone_block":1,"minecraft:rotten_flesh":2,"minecraft:iron_chestplate":1,"minecraft:diamond_block":31,"minecraft:dirt":6,"minecraft:sand":6,"minecraft:rail":1,"minecraft:nether_quartz_ore":3,"minecraft:chiseled_quartz_block":13,"minecraft:warped_planks":67,"minecraft:netherite_block":70,"minecraft:dark_oak_planks":17,"minecraft:waxed_oxidized_copper":49,"minecraft:lever":25,"minecraft:black_concrete":33,"minecraft:iron_block":33,"minecraft:iron_axe":7,"minecraft:quartz_block":14,"minecraft:iron_helmet":1,"minecraft:iron_boots":1,"minecraft:crimson_roots":3,"minecraft:deepslate":40,"minecraft:crimson_nylium":3,"minecraft:tripwire_hook":2,"minecraft:coal_block":137,"minecraft:diamond_sword":3,"minecraft:bow":153,"minecraft:wolf_spawn_egg":54,"minecraft:oxidized_copper":4,"minecraft:green_concrete_powder":6,"minecraft:gold_block":14,"minecraft:ice":1,"minecraft:white_concrete":17,"minecraft:cooked_beef":18,"minecraft:acacia_planks":28,"minecraft:cobweb":1},"minecraft:mined":{"minecraft:dandelion":2,"minecraft:chest":1,"minecraft:glass":13,"minecraft:seagrass":6,"minecraft:glowstone":3,"minecraft:azure_bluet":1,"minecraft:grass":1,"minecraft:dirt":7}},"DataVersion":2865}