{
  "minecraft:recipes/transportation/dark_oak_boat": {
    "criteria": {
      "in_water": "2021-07-24 17:20:42 +0430"
    },
    "done": true
  },
  "minecraft:recipes/transportation/birch_boat": {
    "criteria": {
      "in_water": "2021-07-24 17:20:42 +0430"
    },
    "done": true
  },
  "minecraft:adventure/kill_a_mob": {
    "criteria": {
      "minecraft:skeleton": "2022-08-05 08:53:16 +0430"
    },
    "done": true
  },
  "minecraft:adventure/kill_all_mobs": {
    "criteria": {
      "minecraft:skeleton": "2022-08-05 08:53:16 +0430"
    },
    "done": false
  },
  "minecraft:end/root": {
    "criteria": {
      "entered_end": "2022-06-08 11:33:10 +0430"
    },
    "done": true
  },
  "minecraft:story/enter_the_nether": {
    "criteria": {
      "entered_nether": "2022-06-08 11:32:01 +0430"
    },
    "done": true
  },
  "minecraft:story/enter_the_end": {
    "criteria": {
      "entered_end": "2022-06-08 11:33:10 +0430"
    },
    "done": true
  },
  "minecraft:recipes/transportation/acacia_boat": {
    "criteria": {
      "in_water": "2021-07-24 17:20:42 +0430"
    },
    "done": true
  },
  "minecraft:recipes/transportation/oak_boat": {
    "criteria": {
      "in_water": "2021-07-24 17:20:42 +0430"
    },
    "done": true
  },
  "minecraft:adventure/root": {
    "criteria": {
      "killed_something": "2022-08-05 08:53:16 +0430"
    },
    "done": true
  },
  "minecraft:nether/root": {
    "criteria": {
      "entered_nether": "2022-06-08 11:32:01 +0430"
    },
    "done": true
  },
  "minecraft:recipes/transportation/jungle_boat": {
    "criteria": {
      "in_water": "2021-07-24 17:20:42 +0430"
    },
    "done": true
  },
  "minecraft:recipes/transportation/spruce_boat": {
    "criteria": {
      "in_water": "2021-07-24 17:20:42 +0430"
    },
    "done": true
  },
  "minecraft:adventure/adventuring_time": {
    "criteria": {
      "minecraft:deep_ocean": "2022-06-08 11:33:52 +0430",
      "minecraft:savanna_plateau": "2022-08-04 18:38:56 +0430",
      "minecraft:beach": "2021-07-10 16:36:54 +0430",
      "minecraft:savanna": "2021-07-24 17:53:42 +0430",
      "minecraft:plains": "2021-07-24 17:17:45 +0430"
    },
    "done": false
  },
  "minecraft:nether/explore_nether": {
    "criteria": {
      "minecraft:nether_wastes": "2022-06-08 11:32:02 +0430"
    },
    "done": false
  },
  "minecraft:recipes/misc/bone_meal": {
    "criteria": {
      "has_bone": "2022-08-05 08:53:17 +0430"
    },
    "done": true
  },
  "DataVersion": 3117
}