{
  "minecraft:recipes/misc/firework_rocket_simple": {
    "criteria": {
      "has_gunpowder": "2021-12-26 18:22:57 +0330"
    },
    "done": true
  },
  "minecraft:recipes/redstone/dispenser": {
    "criteria": {
      "has_bow": "2021-12-26 11:48:44 +0330"
    },
    "done": true
  },
  "minecraft:recipes/redstone/tnt": {
    "criteria": {
      "has_gunpowder": "2021-12-26 18:22:57 +0330"
    },
    "done": true
  },
  "minecraft:recipes/transportation/dark_oak_boat": {
    "criteria": {
      "in_water": "2021-12-26 11:30:17 +0330"
    },
    "done": true
  },
  "minecraft:recipes/transportation/birch_boat": {
    "criteria": {
      "in_water": "2021-12-26 11:30:17 +0330"
    },
    "done": true
  },
  "minecraft:recipes/redstone/repeater": {
    "criteria": {
      "has_redstone_torch": "2021-12-26 11:35:29 +0330"
    },
    "done": true
  },
  "minecraft:recipes/decorations/chest": {
    "criteria": {
      "has_lots_of_items": "2021-12-26 18:22:57 +0330"
    },
    "done": true
  },
  "minecraft:adventure/kill_a_mob": {
    "criteria": {
      "minecraft:enderman": "2021-12-26 11:40:57 +0330"
    },
    "done": true
  },
  "minecraft:adventure/kill_all_mobs": {
    "criteria": {
      "minecraft:skeleton": "2021-12-26 11:49:04 +0330",
      "minecraft:ghast": "2021-12-26 18:15:11 +0330",
      "minecraft:creeper": "2021-12-26 17:32:56 +0330",
      "minecraft:zombified_piglin": "2021-12-26 18:09:31 +0330",
      "minecraft:piglin": "2021-12-26 18:13:58 +0330",
      "minecraft:enderman": "2021-12-26 11:40:57 +0330"
    },
    "done": false
  },
  "minecraft:story/enter_the_nether": {
    "criteria": {
      "entered_nether": "2021-12-26 11:36:47 +0330"
    },
    "done": true
  },
  "minecraft:recipes/misc/bone_meal_from_bone_block": {
    "criteria": {
      "has_bone_block": "2021-12-26 11:44:29 +0330"
    },
    "done": true
  },
  "minecraft:recipes/transportation/acacia_boat": {
    "criteria": {
      "in_water": "2021-12-26 11:30:17 +0330"
    },
    "done": true
  },
  "minecraft:recipes/transportation/oak_boat": {
    "criteria": {
      "in_water": "2021-12-26 11:30:17 +0330"
    },
    "done": true
  },
  "minecraft:recipes/decorations/soul_campfire": {
    "criteria": {
      "has_soul_sand": "2021-12-26 11:38:30 +0330"
    },
    "done": true
  },
  "minecraft:recipes/decorations/soul_torch": {
    "criteria": {
      "has_soul_sand": "2021-12-26 11:38:30 +0330"
    },
    "done": true
  },
  "minecraft:adventure/root": {
    "criteria": {
      "killed_something": "2021-12-26 11:40:57 +0330"
    },
    "done": true
  },
  "minecraft:nether/root": {
    "criteria": {
      "entered_nether": "2021-12-26 11:36:47 +0330"
    },
    "done": true
  },
  "minecraft:recipes/transportation/jungle_boat": {
    "criteria": {
      "in_water": "2021-12-26 11:30:17 +0330"
    },
    "done": true
  },
  "minecraft:recipes/transportation/spruce_boat": {
    "criteria": {
      "in_water": "2021-12-26 11:30:17 +0330"
    },
    "done": true
  },
  "minecraft:adventure/shoot_arrow": {
    "criteria": {
      "shot_arrow": "2021-12-26 11:48:53 +0330"
    },
    "done": true
  },
  "minecraft:adventure/adventuring_time": {
    "criteria": {
      "minecraft:birch_forest": "2021-12-26 11:34:52 +0330",
      "minecraft:stony_peaks": "2021-12-26 11:31:55 +0330",
      "minecraft:sparse_jungle": "2021-12-26 11:34:59 +0330",
      "minecraft:river": "2021-12-26 11:30:54 +0330",
      "minecraft:stony_shore": "2021-12-26 11:30:16 +0330",
      "minecraft:grove": "2021-12-26 11:31:09 +0330",
      "minecraft:jagged_peaks": "2021-12-26 11:31:51 +0330",
      "minecraft:forest": "2021-12-26 11:30:15 +0330",
      "minecraft:jungle": "2021-12-26 11:34:56 +0330",
      "minecraft:old_growth_birch_forest": "2021-12-26 11:34:50 +0330",
      "minecraft:savanna": "2021-12-26 11:29:11 +0330"
    },
    "done": false
  },
  "minecraft:nether/explore_nether": {
    "criteria": {
      "minecraft:crimson_forest": "2021-12-26 11:37:11 +0330",
      "minecraft:soul_sand_valley": "2021-12-26 11:36:47 +0330"
    },
    "done": false
  },
  "DataVersion": 2865
}