{
  "minecraft:recipes/decorations/campfire": {
    "criteria": {
      "has_coal": "2022-07-25 18:09:03 +0430"
    },
    "done": true
  },
  "minecraft:adventure/sleep_in_bed": {
    "criteria": {
      "slept_in_bed": "2022-07-25 17:42:37 +0430"
    },
    "done": true
  },
  "minecraft:recipes/misc/iron_nugget_from_blasting": {
    "criteria": {
      "has_chainmail_helmet": "2022-07-25 17:54:05 +0430"
    },
    "done": true
  },
  "minecraft:husbandry/root": {
    "criteria": {
      "consumed_item": "2022-07-25 17:40:43 +0430"
    },
    "done": true
  },
  "minecraft:recipes/transportation/dark_oak_boat": {
    "criteria": {
      "in_water": "2022-07-25 17:36:14 +0430"
    },
    "done": true
  },
  "minecraft:recipes/decorations/chest": {
    "criteria": {
      "has_lots_of_items": "2022-07-25 17:54:06 +0430"
    },
    "done": true
  },
  "minecraft:recipes/transportation/birch_boat": {
    "criteria": {
      "in_water": "2022-07-25 17:36:14 +0430"
    },
    "done": true
  },
  "minecraft:adventure/kill_a_mob": {
    "criteria": {
      "minecraft:skeleton": "2022-07-25 17:54:54 +0430"
    },
    "done": true
  },
  "minecraft:recipes/building_blocks/mossy_stone_bricks_from_vine": {
    "criteria": {
      "has_vine": "2022-07-25 18:21:03 +0430"
    },
    "done": true
  },
  "minecraft:recipes/transportation/mangrove_boat": {
    "criteria": {
      "in_water": "2022-07-25 17:36:14 +0430"
    },
    "done": true
  },
  "minecraft:adventure/kill_all_mobs": {
    "criteria": {
      "minecraft:skeleton": "2022-07-25 17:54:54 +0430",
      "minecraft:magma_cube": "2022-07-25 18:03:23 +0430",
      "minecraft:wither_skeleton": "2022-07-25 18:08:58 +0430",
      "minecraft:zombie": "2022-07-25 17:56:19 +0430"
    },
    "done": false
  },
  "minecraft:recipes/transportation/acacia_boat": {
    "criteria": {
      "in_water": "2022-07-25 17:36:14 +0430"
    },
    "done": true
  },
  "minecraft:story/obtain_armor": {
    "criteria": {
      "iron_chestplate": "2022-07-25 18:17:16 +0430"
    },
    "done": true
  },
  "minecraft:recipes/transportation/oak_boat": {
    "criteria": {
      "in_water": "2022-07-25 17:36:14 +0430"
    },
    "done": true
  },
  "minecraft:husbandry/balanced_diet": {
    "criteria": {
      "cooked_mutton": "2022-07-25 18:09:05 +0430",
      "sweet_berries": "2022-07-25 17:55:15 +0430",
      "cooked_beef": "2022-07-25 17:56:44 +0430",
      "baked_potato": "2022-07-25 17:40:43 +0430",
      "bread": "2022-07-25 17:56:33 +0430",
      "cookie": "2022-07-25 18:14:15 +0430"
    },
    "done": false
  },
  "minecraft:adventure/root": {
    "criteria": {
      "killed_something": "2022-07-25 17:54:54 +0430"
    },
    "done": true
  },
  "minecraft:recipes/building_blocks/coal_block": {
    "criteria": {
      "has_coal": "2022-07-25 18:09:03 +0430"
    },
    "done": true
  },
  "minecraft:recipes/transportation/jungle_boat": {
    "criteria": {
      "in_water": "2022-07-25 17:36:14 +0430"
    },
    "done": true
  },
  "minecraft:recipes/misc/iron_nugget_from_smelting": {
    "criteria": {
      "has_chainmail_helmet": "2022-07-25 17:54:05 +0430"
    },
    "done": true
  },
  "minecraft:story/deflect_arrow": {
    "criteria": {
      "deflected_projectile": "2022-07-25 17:54:46 +0430"
    },
    "done": true
  },
  "minecraft:recipes/transportation/spruce_boat": {
    "criteria": {
      "in_water": "2022-07-25 17:36:14 +0430"
    },
    "done": true
  },
  "minecraft:recipes/building_blocks/mossy_cobblestone_from_vine": {
    "criteria": {
      "has_vine": "2022-07-25 18:21:03 +0430"
    },
    "done": true
  },
  "minecraft:recipes/misc/bone_meal": {
    "criteria": {
      "has_bone": "2022-07-25 17:55:00 +0430"
    },
    "done": true
  },
  "minecraft:adventure/adventuring_time": {
    "criteria": {
      "minecraft:lukewarm_ocean": "2022-07-25 17:37:47 +0430",
      "minecraft:savanna": "2022-07-25 17:30:38 +0430"
    },
    "done": false
  },
  "DataVersion": 3105
}