{
  "minecraft:recipes/transportation/acacia_boat": {
    "criteria": {
      "in_water": "2022-07-30 02:47:17 +0430"
    },
    "done": true
  },
  "minecraft:recipes/misc/book": {
    "criteria": {
      "has_paper": "2022-08-29 21:35:59 +0430"
    },
    "done": true
  },
  "minecraft:recipes/transportation/oak_boat": {
    "criteria": {
      "in_water": "2022-07-30 02:47:17 +0430"
    },
    "done": true
  },
  "minecraft:recipes/transportation/dark_oak_boat": {
    "criteria": {
      "in_water": "2022-07-30 02:47:17 +0430"
    },
    "done": true
  },
  "minecraft:recipes/transportation/birch_boat": {
    "criteria": {
      "in_water": "2022-07-30 02:47:17 +0430"
    },
    "done": true
  },
  "minecraft:recipes/decorations/cartography_table": {
    "criteria": {
      "has_paper": "2022-08-29 21:35:59 +0430"
    },
    "done": true
  },
  "minecraft:recipes/transportation/jungle_boat": {
    "criteria": {
      "in_water": "2022-07-30 02:47:17 +0430"
    },
    "done": true
  },
  "minecraft:recipes/transportation/mangrove_boat": {
    "criteria": {
      "in_water": "2022-07-30 02:47:17 +0430"
    },
    "done": true
  },
  "minecraft:recipes/transportation/spruce_boat": {
    "criteria": {
      "in_water": "2022-07-30 02:47:17 +0430"
    },
    "done": true
  },
  "minecraft:adventure/adventuring_time": {
    "criteria": {
      "minecraft:taiga": "2022-08-29 21:51:46 +0430",
      "minecraft:savanna_plateau": "2022-08-29 21:22:56 +0430",
      "minecraft:beach": "2022-08-29 21:30:11 +0430",
      "minecraft:sparse_jungle": "2022-08-29 21:45:38 +0430",
      "minecraft:lukewarm_ocean": "2022-08-29 21:49:11 +0430",
      "minecraft:river": "2022-08-29 21:49:08 +0430",
      "minecraft:forest": "2022-08-29 21:45:26 +0430",
      "minecraft:desert": "2022-08-29 21:29:12 +0430",
      "minecraft:jungle": "2022-08-29 21:47:53 +0430",
      "minecraft:deep_lukewarm_ocean": "2022-08-29 21:52:02 +0430",
      "minecraft:savanna": "2022-07-30 02:43:24 +0430",
      "minecraft:plains": "2022-08-29 21:25:42 +0430"
    },
    "done": false
  },
  "DataVersion": 3117
}