{
  "minecraft:recipes/food/bread": {
    "criteria": {
      "has_wheat": "2022-06-13 17:11:56 +0430"
    },
    "done": true
  },
  "minecraft:recipes/building_blocks/hay_block": {
    "criteria": {
      "has_wheat": "2022-06-13 17:11:56 +0430"
    },
    "done": true
  },
  "minecraft:adventure/adventuring_time": {
    "criteria": {
      "minecraft:savanna": "2022-06-13 17:09:26 +0430",
      "minecraft:plains": "2022-06-13 17:10:31 +0430"
    },
    "done": false
  },
  "DataVersion": 2865
}